Category,Group_ID,Patient_ID,Full_Name,Birthdate,Sex,Barangay,Municipality,Services_Count,Created_At,Suggested_Action
EXACT_MATCH,EXACT-GRP-1,11675,"Bisquera, Nestor Boreta",1956-03-10,Male,"Cabalanggan","Bantay",1,2026-03-23T07:06:15.393767+00:00,KEEP (Primary)
EXACT_MATCH,EXACT-GRP-1,151623,"Bisquera Nestor Boreta",1956-03-10,Male,"Cabalanggan","Bantay",1,2026-05-29T01:23:42.778285+00:00,MERGE SERVICES TO PRIMARY
EXACT_MATCH,EXACT-GRP-2,11677,"Petate, Maria Peria",1939-04-10,Female,"Cabalanggan","Bantay",1,2026-03-23T07:06:15.393767+00:00,KEEP (Primary)
EXACT_MATCH,EXACT-GRP-2,151585,"Petate Maria Peria",1939-04-10,Female,"Cabalanggan","Bantay",1,2026-05-29T01:23:42.778285+00:00,MERGE SERVICES TO PRIMARY
EXACT_MATCH,EXACT-GRP-3,11680,"Abuy, Lorna Piano",1972-02-27,Female,"Cabalanggan","Bantay",1,2026-03-23T07:06:15.393767+00:00,KEEP (Primary)
EXACT_MATCH,EXACT-GRP-3,151571,"Abuy Lorna Piano",1972-02-27,Female,"Cabalanggan","Bantay",1,2026-05-29T01:23:42.778285+00:00,MERGE SERVICES TO PRIMARY
EXACT_MATCH,EXACT-GRP-4,11690,"Carino, Philip Cariaga",1987-02-11,Male,"Cabalanggan","Bantay",2,2026-03-23T07:06:15.393767+00:00,KEEP (Primary)
EXACT_MATCH,EXACT-GRP-4,151482,"Carino Philip Cariaga",1987-02-11,Male,"Cabalanggan","Bantay",1,2026-05-29T01:23:42.778285+00:00,MERGE SERVICES TO PRIMARY
EXACT_MATCH,EXACT-GRP-5,11714,"Nuñez, Melvin Anicas",1995-11-01,Male,"Cabalanggan","Bantay",1,2026-03-23T07:06:15.393767+00:00,KEEP (Primary)
EXACT_MATCH,EXACT-GRP-5,151557,"Nunez Melvin Anicas",1995-11-01,Male,"Cabalanggan","Bantay",1,2026-05-29T01:23:42.778285+00:00,MERGE SERVICES TO PRIMARY
EXACT_MATCH,EXACT-GRP-6,11722,"Pescador, Rosita Cariño",1970-06-08,Female,"Cabalanggan","Bantay",5,2026-03-23T07:06:15.393767+00:00,KEEP (Primary)
EXACT_MATCH,EXACT-GRP-6,151448,"Pescador Rosita Carino",1970-06-08,Female,"Cabalanggan","Bantay",1,2026-05-29T01:23:42.778285+00:00,MERGE SERVICES TO PRIMARY
EXACT_MATCH,EXACT-GRP-7,11728,"Bautista, Irene Tomaneng",1976-12-12,Female,"Cabalanggan","Bantay",1,2026-03-23T07:06:15.393767+00:00,KEEP (Primary)
EXACT_MATCH,EXACT-GRP-7,151499,"Bautista Irene Tomaneng",1976-12-12,Female,"Cabalanggan","Bantay",1,2026-05-29T01:23:42.778285+00:00,MERGE SERVICES TO PRIMARY
EXACT_MATCH,EXACT-GRP-8,11731,"Buenavista, Rolando Salazar",1978-10-25,Male,"Cabalanggan","Bantay",5,2026-03-23T07:06:15.393767+00:00,KEEP (Primary)
EXACT_MATCH,EXACT-GRP-8,151412,"Buenavista Rolando Salazar",1978-10-25,Male,"Cabalanggan","Bantay",1,2026-05-29T01:23:42.778285+00:00,MERGE SERVICES TO PRIMARY
EXACT_MATCH,EXACT-GRP-9,11739,"Cariño, Cornelio NuÑez",1962-09-14,Male,"Cabalanggan","Bantay",1,2026-03-23T07:06:15.393767+00:00,KEEP (Primary)
EXACT_MATCH,EXACT-GRP-9,151487,"Carino Cornelio Nunez",1962-09-14,Male,"Cabalanggan","Bantay",1,2026-05-29T01:23:42.778285+00:00,MERGE SERVICES TO PRIMARY
EXACT_MATCH,EXACT-GRP-10,11784,"Dapunan, Mercy Dayap",1984-03-10,Female,"Cabalanggan","Bantay",1,2026-03-23T07:06:15.393767+00:00,KEEP (Primary)
EXACT_MATCH,EXACT-GRP-10,151433,"Dapunan Mercy Dayap",1984-03-10,Female,"Cabalanggan","Bantay",1,2026-05-29T01:23:42.778285+00:00,MERGE SERVICES TO PRIMARY
EXACT_MATCH,EXACT-GRP-11,11806,"Anicas, Leon Petate",1961-07-24,Male,"Cabalanggan","Bantay",1,2026-03-23T07:06:15.393767+00:00,KEEP (Primary)
EXACT_MATCH,EXACT-GRP-11,151618,"Anicas Leon Petate",1961-07-24,Male,"Cabalanggan","Bantay",1,2026-05-29T01:23:42.778285+00:00,MERGE SERVICES TO PRIMARY
EXACT_MATCH,EXACT-GRP-12,11816,"Pelayo, Christian Piano",1992-12-04,Male,"Cabalanggan","Bantay",1,2026-03-23T07:06:15.393767+00:00,KEEP (Primary)
EXACT_MATCH,EXACT-GRP-12,151550,"Pelayo Christian Piano",1992-12-04,Male,"Cabalanggan","Bantay",1,2026-05-29T01:23:42.778285+00:00,MERGE SERVICES TO PRIMARY
EXACT_MATCH,EXACT-GRP-13,11828,"Quelnan, Charity Pelayo",2009-04-15,Female,"Cabalanggan","Bantay",1,2026-03-23T07:06:15.393767+00:00,KEEP (Primary)
EXACT_MATCH,EXACT-GRP-13,151545,"Quelnan Charity Pelayo",2009-04-15,Female,"Cabalanggan","Bantay",1,2026-05-29T01:23:42.778285+00:00,MERGE SERVICES TO PRIMARY
EXACT_MATCH,EXACT-GRP-14,11833,"Peruna, Jayson Busto",1978-05-22,Male,"Cabalanggan","Bantay",1,2026-03-23T07:06:15.393767+00:00,KEEP (Primary)
EXACT_MATCH,EXACT-GRP-14,151441,"Peruna Jayson Busto",1978-05-22,Male,"Cabalanggan","Bantay",1,2026-05-29T01:23:42.778285+00:00,MERGE SERVICES TO PRIMARY
EXACT_MATCH,EXACT-GRP-15,11838,"Nuñez, Jenny Cuenta",1998-03-14,Female,"Cabalanggan","Bantay",1,2026-03-23T07:06:15.393767+00:00,KEEP (Primary)
EXACT_MATCH,EXACT-GRP-15,151567,"Nunez Jenny Cuenta",1998-03-14,Female,"Cabalanggan","Bantay",1,2026-05-29T01:23:42.778285+00:00,MERGE SERVICES TO PRIMARY
EXACT_MATCH,EXACT-GRP-16,11839,"Pescador, Angelo Cariño",2012-10-23,Male,"Cabalanggan","Bantay",1,2026-03-23T07:06:15.393767+00:00,KEEP (Primary)
EXACT_MATCH,EXACT-GRP-16,151450,"Pescador Angelo Carino",2012-10-23,Male,"Cabalanggan","Bantay",1,2026-05-29T01:23:42.778285+00:00,MERGE SERVICES TO PRIMARY
EXACT_MATCH,EXACT-GRP-17,11850,"Cariño, Madeline Cariaga",1957-12-02,Female,"Cabalanggan","Bantay",1,2026-03-23T07:06:15.393767+00:00,KEEP (Primary)
EXACT_MATCH,EXACT-GRP-17,151481,"Carino Madeline Cariaga",1957-12-02,Female,"Cabalanggan","Bantay",1,2026-05-29T01:23:42.778285+00:00,MERGE SERVICES TO PRIMARY
EXACT_MATCH,EXACT-GRP-18,11853,"Carino, Catalina Nunez",1954-11-25,Female,"Cabalanggan","Bantay",1,2026-03-23T07:06:15.393767+00:00,KEEP (Primary)
EXACT_MATCH,EXACT-GRP-18,151483,"Carino Catalina Nunez",1954-11-25,Female,"Cabalanggan","Bantay",1,2026-05-29T01:23:42.778285+00:00,MERGE SERVICES TO PRIMARY
EXACT_MATCH,EXACT-GRP-19,11856,"Anicas, Erlinda Tumalip",1960-01-24,Female,"Cabalanggan","Bantay",2,2026-03-23T07:06:15.393767+00:00,KEEP (Primary)
EXACT_MATCH,EXACT-GRP-19,151615,"Anicas Erlinda Tumalip",1960-01-24,Female,"Cabalanggan","Bantay",1,2026-05-29T01:23:42.778285+00:00,MERGE SERVICES TO PRIMARY
EXACT_MATCH,EXACT-GRP-20,11861,"Divina, Reynaldo Dayto",1960-04-18,Male,"Cabalanggan","Bantay",1,2026-03-23T07:06:15.393767+00:00,KEEP (Primary)
EXACT_MATCH,EXACT-GRP-20,151465,"Divina  Reynaldo Dayto",1960-04-18,Male,"Cabalanggan","Bantay",1,2026-05-29T01:23:42.778285+00:00,MERGE SERVICES TO PRIMARY
EXACT_MATCH,EXACT-GRP-21,11871,"Quelnan, Merry Charise Pelayo",2018-05-28,Female,"Cabalanggan","Bantay",1,2026-03-23T07:06:15.393767+00:00,KEEP (Primary)
EXACT_MATCH,EXACT-GRP-21,151547,"Quelnan Merry Charise Pelayo",2018-05-28,Female,"Cabalanggan","Bantay",1,2026-05-29T01:23:42.778285+00:00,MERGE SERVICES TO PRIMARY
EXACT_MATCH,EXACT-GRP-22,11877,"Peruna, Aileen Sarmiento",2006-11-04,Female,"Cabalanggan","Bantay",1,2026-03-23T07:06:15.393767+00:00,KEEP (Primary)
EXACT_MATCH,EXACT-GRP-22,151459,"Peruna Aileen Sarmiento",2006-11-04,Female,"Cabalanggan","Bantay",1,2026-05-29T01:23:42.778285+00:00,MERGE SERVICES TO PRIMARY
EXACT_MATCH,EXACT-GRP-23,11878,"Peruna, Rocky James Dapunan",2016-03-04,Male,"Cabalanggan","Bantay",2,2026-03-23T07:06:15.393767+00:00,KEEP (Primary)
EXACT_MATCH,EXACT-GRP-23,151434,"Peruna Rocky James Dapunan",2016-03-04,Male,"Cabalanggan","Bantay",1,2026-05-29T01:23:42.778285+00:00,MERGE SERVICES TO PRIMARY
EXACT_MATCH,EXACT-GRP-24,11885,"Nunez, Jhon Brenant Padre",2013-03-13,Male,"Cabalanggan","Bantay",1,2026-03-23T07:06:15.393767+00:00,KEEP (Primary)
EXACT_MATCH,EXACT-GRP-24,151560,"Nunez Jhon Brenant Padre",2013-03-13,Male,"Cabalanggan","Bantay",1,2026-05-29T01:23:42.778285+00:00,MERGE SERVICES TO PRIMARY
EXACT_MATCH,EXACT-GRP-25,11904,"Nunez, Emely Ponsoy",1977-05-21,Female,"Cabalanggan","Bantay",1,2026-03-23T07:06:15.393767+00:00,KEEP (Primary)
EXACT_MATCH,EXACT-GRP-25,151563,"Nunez Emely Ponsoy",1977-05-21,Female,"Cabalanggan","Bantay",1,2026-05-29T01:23:42.778285+00:00,MERGE SERVICES TO PRIMARY
EXACT_MATCH,EXACT-GRP-26,11961,"Petate, Edgar Peria",1977-05-21,Male,"Cabalanggan","Bantay",1,2026-03-23T07:06:15.393767+00:00,KEEP (Primary)
EXACT_MATCH,EXACT-GRP-26,151586,"Petate Edgar Peria",1977-05-21,Male,"Cabalanggan","Bantay",1,2026-05-29T01:23:42.778285+00:00,MERGE SERVICES TO PRIMARY
EXACT_MATCH,EXACT-GRP-27,11998,"Anicas, Alfonso Petate",1958-08-01,Male,"Cabalanggan","Bantay",1,2026-03-23T07:06:15.393767+00:00,KEEP (Primary)
EXACT_MATCH,EXACT-GRP-27,151613,"Anicas Alfonso Petate",1958-08-01,Male,"Cabalanggan","Bantay",1,2026-05-29T01:23:42.778285+00:00,MERGE SERVICES TO PRIMARY
EXACT_MATCH,EXACT-GRP-28,35864,"Espejo, Filomena Castañeda",1960-03-21,Female,"Buquig","Bantay",3,2026-03-27T08:42:48.552645+00:00,KEEP (Primary)
EXACT_MATCH,EXACT-GRP-28,107740,"Espejo, Filomena Castaneda",1960-03-21,Female,"Buquig","Bantay",1,2026-05-14T08:01:00.116292+00:00,MERGE SERVICES TO PRIMARY
EXACT_MATCH,EXACT-GRP-29,35874,"Del Castillo, Jacyryn Garcia",1968-04-01,Female,"Buquig","Bantay",1,2026-03-27T08:42:48.552645+00:00,KEEP (Primary)
EXACT_MATCH,EXACT-GRP-29,183265,"DEL CASTILLO JACYRYN GARCIA",1968-04-01,Female,"Buquig","Bantay",1,2026-06-06T07:40:56.748824+00:00,MERGE SERVICES TO PRIMARY
EXACT_MATCH,EXACT-GRP-30,35875,"Del Castillo, Eugenia Joy Garcia",2014-06-23,Female,"Buquig","Bantay",1,2026-03-27T08:42:48.552645+00:00,KEEP (Primary)
EXACT_MATCH,EXACT-GRP-30,183267,"DEL CASTILLO EUGENIA JOY GARCIA",2014-06-23,Female,"Buquig","Bantay",1,2026-06-06T07:40:56.748824+00:00,MERGE SERVICES TO PRIMARY
EXACT_MATCH,EXACT-GRP-31,35894,"Lazo, Andri Magdaleno Sulit",1984-12-24,Male,"Buquig","Bantay",2,2026-03-27T08:42:48.552645+00:00,KEEP (Primary)
EXACT_MATCH,EXACT-GRP-31,183049,"LAZO ANDRI MAGDALENO SULIT",1984-12-24,Male,"Buquig","Bantay",1,2026-06-06T06:58:22.377252+00:00,MERGE SERVICES TO PRIMARY
EXACT_MATCH,EXACT-GRP-32,35902,"Battad, Elliana Brienne Labata",2020-08-12,Female,"Buquig","Bantay",3,2026-03-27T08:42:48.552645+00:00,KEEP (Primary)
EXACT_MATCH,EXACT-GRP-32,183070,"BATTAD ELLIANA BRIENNE LABATA",2020-08-12,Female,"Buquig","Bantay",1,2026-06-06T07:15:51.04093+00:00,MERGE SERVICES TO PRIMARY
EXACT_MATCH,EXACT-GRP-33,35905,"Rabaca, Jayzen Atendido",1989-09-29,Male,"Buquig","Bantay",1,2026-03-27T08:42:48.552645+00:00,KEEP (Primary)
EXACT_MATCH,EXACT-GRP-33,183156,"RABACA JAYZEN ATENDIDO",1989-09-29,Male,"Buquig","Bantay",1,2026-06-06T07:15:51.04093+00:00,MERGE SERVICES TO PRIMARY
EXACT_MATCH,EXACT-GRP-34,35907,"De Vera, Christopher Relos",2008-11-02,Male,"Buquig","Bantay",1,2026-03-27T08:42:48.552645+00:00,KEEP (Primary)
EXACT_MATCH,EXACT-GRP-34,182980,"DE VERA CHRISTOPHER RELOS",2008-11-02,Male,"Buquig","Bantay",1,2026-06-06T06:58:22.377252+00:00,MERGE SERVICES TO PRIMARY
EXACT_MATCH,EXACT-GRP-35,35909,"Baay, Evangeline Piano",1981-01-23,Female,"Buquig","Bantay",5,2026-03-27T08:42:48.552645+00:00,KEEP (Primary)
EXACT_MATCH,EXACT-GRP-35,183120,"BAAY EVANGELINE PIANO",1981-01-23,Female,"Buquig","Bantay",0,2026-06-06T07:15:51.04093+00:00,SAFE TO REMOVE (Empty Shell)
EXACT_MATCH,EXACT-GRP-36,35910,"Pilon, Fernando Fulgucino",1958-11-28,Male,"Buquig","Bantay",3,2026-03-27T08:42:48.552645+00:00,KEEP (Primary)
EXACT_MATCH,EXACT-GRP-36,183198,"PILON FERNANDO FULGUCINO",1958-11-28,Male,"Buquig","Bantay",1,2026-06-06T07:15:51.04093+00:00,MERGE SERVICES TO PRIMARY
EXACT_MATCH,EXACT-GRP-37,35912,"Corpuz, An Rochelle Villarin",1995-10-17,Female,"Buquig","Bantay",1,2026-03-27T08:42:48.552645+00:00,KEEP (Primary)
EXACT_MATCH,EXACT-GRP-37,183097,"CORPUZ AN ROCHELLE VILLARIN",1995-10-17,Female,"Buquig","Bantay",1,2026-06-06T07:15:51.04093+00:00,MERGE SERVICES TO PRIMARY
EXACT_MATCH,EXACT-GRP-38,35920,"Grantoza, Modesto Casabar",1975-08-25,Male,"Buquig","Bantay",4,2026-03-27T08:42:48.552645+00:00,KEEP (Primary)
EXACT_MATCH,EXACT-GRP-38,183177,"GRANTOZA MODESTO CASABAR",1975-08-25,Male,"Buquig","Bantay",1,2026-06-06T07:15:51.04093+00:00,MERGE SERVICES TO PRIMARY
EXACT_MATCH,EXACT-GRP-39,35923,"Corpuz, Regine Palpal",1999-05-02,Female,"Buquig","Bantay",1,2026-03-27T08:42:48.552645+00:00,KEEP (Primary)
EXACT_MATCH,EXACT-GRP-39,183099,"CORPUZ REGINE PALPAL",1999-05-02,Female,"Buquig","Bantay",1,2026-06-06T07:15:51.04093+00:00,MERGE SERVICES TO PRIMARY
EXACT_MATCH,EXACT-GRP-40,35926,"Lazo, Victoria Sulit",1954-09-10,Female,"Buquig","Bantay",1,2026-03-27T08:42:48.552645+00:00,KEEP (Primary)
EXACT_MATCH,EXACT-GRP-40,183048,"LAZO VICTORIA SULIT",1954-09-10,Female,"Buquig","Bantay",0,2026-06-06T06:58:22.377252+00:00,SAFE TO REMOVE (Empty Shell)
EXACT_MATCH,EXACT-GRP-41,35931,"Lazo, Salvador Parel",1951-07-30,Male,"Buquig","Bantay",4,2026-03-27T08:42:48.552645+00:00,KEEP (Primary)
EXACT_MATCH,EXACT-GRP-41,183047,"LAZO SALVADOR PAREL",1951-07-30,Male,"Buquig","Bantay",1,2026-06-06T06:58:22.377252+00:00,MERGE SERVICES TO PRIMARY
EXACT_MATCH,EXACT-GRP-42,35942,"Corpuz, Reine Beatrix Palpal",2021-05-01,Female,"Buquig","Bantay",1,2026-03-27T08:42:48.552645+00:00,KEEP (Primary)
EXACT_MATCH,EXACT-GRP-42,183100,"CORPUZ REINE BEATRIX PALPAL",2021-05-01,Female,"Buquig","Bantay",1,2026-06-06T07:15:51.04093+00:00,MERGE SERVICES TO PRIMARY
EXACT_MATCH,EXACT-GRP-43,35943,"Labata, Flordeliza De Peralta",1973-04-28,Female,"Buquig","Bantay",4,2026-03-27T08:42:48.552645+00:00,KEEP (Primary)
EXACT_MATCH,EXACT-GRP-43,183066,"LABATA FLORDELIZA DE PERALTA",1973-04-28,Female,"Buquig","Bantay",1,2026-06-06T07:15:51.04093+00:00,MERGE SERVICES TO PRIMARY
EXACT_MATCH,EXACT-GRP-44,35944,"Pacleb, Nicola James Castaneda",2021-07-24,Male,"Buquig","Bantay",1,2026-03-27T08:42:48.552645+00:00,KEEP (Primary)
EXACT_MATCH,EXACT-GRP-44,183306,"PACLEB NICOLA JAMES CASTAÑEDA",2021-07-24,Male,"Buquig","Bantay",1,2026-06-06T07:40:56.748824+00:00,MERGE SERVICES TO PRIMARY
EXACT_MATCH,EXACT-GRP-45,35946,"Grantoza, Susan Drio",1971-10-05,Female,"Buquig","Bantay",1,2026-03-27T08:42:48.552645+00:00,KEEP (Primary)
EXACT_MATCH,EXACT-GRP-45,183169,"GRANTOZA SUSAN DRIO",1971-10-05,Female,"Buquig","Bantay",0,2026-06-06T07:15:51.04093+00:00,SAFE TO REMOVE (Empty Shell)
EXACT_MATCH,EXACT-GRP-46,35948,"Perilla, Miguel Angelo Sagipel",2001-04-10,Male,"Buquig","Bantay",2,2026-03-27T08:42:48.552645+00:00,KEEP (Primary)
EXACT_MATCH,EXACT-GRP-46,183180,"PERILLA MIGUEL ANGELO SAGIPEL",2001-04-10,Male,"Buquig","Bantay",1,2026-06-06T07:15:51.04093+00:00,MERGE SERVICES TO PRIMARY
EXACT_MATCH,EXACT-GRP-47,35959,"Lumibao, Milagros Bueno",1966-08-03,Female,"Buquig","Bantay",2,2026-03-27T08:42:48.552645+00:00,KEEP (Primary)
EXACT_MATCH,EXACT-GRP-47,183230,"LUMIBAO MILAGROS BUENO",1966-08-03,Female,"Buquig","Bantay",0,2026-06-06T07:40:56.748824+00:00,SAFE TO REMOVE (Empty Shell)
EXACT_MATCH,EXACT-GRP-48,35962,"Ragon, Rhain Heart Villastiqui",2005-09-12,Male,"Buquig","Bantay",2,2026-03-27T08:42:48.552645+00:00,KEEP (Primary)
EXACT_MATCH,EXACT-GRP-48,183311,"RAGON RHAIN HEART VILLASTIQUI",2005-09-12,Female,"Buquig","Bantay",1,2026-06-06T07:40:56.748824+00:00,MERGE SERVICES TO PRIMARY
EXACT_MATCH,EXACT-GRP-49,35966,"Lopez, Mary Ann Segismundo",1964-06-13,Female,"Buquig","Bantay",1,2026-03-27T08:42:48.552645+00:00,KEEP (Primary)
EXACT_MATCH,EXACT-GRP-49,183337,"LOPEZ MARY ANN SEGISMUNDO",1964-06-13,Female,"Buquig","Bantay",0,2026-06-06T07:40:56.748824+00:00,SAFE TO REMOVE (Empty Shell)
EXACT_MATCH,EXACT-GRP-50,35974,"Mercurio, Bryan John Boccat",1996-12-01,Male,"Buquig","Bantay",1,2026-03-27T08:42:48.552645+00:00,KEEP (Primary)
EXACT_MATCH,EXACT-GRP-50,183255,"MERCURIO BRYAN JOHN BOCCAT",1996-12-01,Male,"Buquig","Bantay",1,2026-06-06T07:40:56.748824+00:00,MERGE SERVICES TO PRIMARY
EXACT_MATCH,EXACT-GRP-51,35976,"De Peralta, Jimmy Boy Prades",2002-06-14,Male,"Buquig","Bantay",1,2026-03-27T08:42:48.552645+00:00,KEEP (Primary)
EXACT_MATCH,EXACT-GRP-51,183286,"DE PERALTA JIMMY BOY PRADES",2002-06-14,Male,"Buquig","Bantay",1,2026-06-06T07:40:56.748824+00:00,MERGE SERVICES TO PRIMARY
EXACT_MATCH,EXACT-GRP-52,35983,"De Peralta, Lovely Cacaninding",2016-09-01,Female,"Buquig","Bantay",1,2026-03-27T08:42:48.552645+00:00,KEEP (Primary)
EXACT_MATCH,EXACT-GRP-52,183281,"DE PERALTA LOVELY CACANINDING",2016-09-01,Female,"Buquig","Bantay",1,2026-06-06T07:40:56.748824+00:00,MERGE SERVICES TO PRIMARY
EXACT_MATCH,EXACT-GRP-53,35999,"Mercurio, John Cedrick N/a",2021-03-14,Male,"Buquig","Bantay",1,2026-03-27T08:42:48.552645+00:00,KEEP (Primary)
EXACT_MATCH,EXACT-GRP-53,107702,"Mercurio John Cedrick N/A",2021-03-14,Male,"Buquig","Bantay",1,2026-05-14T08:01:00.116292+00:00,MERGE SERVICES TO PRIMARY
EXACT_MATCH,EXACT-GRP-54,36004,"Ragon, Norma Licuben",1976-12-24,Female,"Buquig","Bantay",1,2026-03-27T08:42:48.552645+00:00,KEEP (Primary)
EXACT_MATCH,EXACT-GRP-54,183308,"RAGON NORMA LICUBEN",1976-12-24,Female,"Buquig","Bantay",1,2026-06-06T07:40:56.748824+00:00,MERGE SERVICES TO PRIMARY
EXACT_MATCH,EXACT-GRP-55,36005,"Battad, Ethan Blake Labata",2018-12-11,Male,"Buquig","Bantay",1,2026-03-27T08:42:48.552645+00:00,KEEP (Primary)
EXACT_MATCH,EXACT-GRP-55,183069,"BATTAD ETHAN BLAKE LABATA",2018-12-11,Male,"Buquig","Bantay",1,2026-06-06T07:15:51.04093+00:00,MERGE SERVICES TO PRIMARY
EXACT_MATCH,EXACT-GRP-56,36012,"Sabado, Jamaica Faith Ragon",2019-10-24,Female,"Buquig","Bantay",1,2026-03-27T08:42:48.552645+00:00,KEEP (Primary)
EXACT_MATCH,EXACT-GRP-56,183206,"SABADO JAMAICA FAITH RAGON",2019-10-24,Female,"Buquig","Bantay",1,2026-06-06T07:40:56.748824+00:00,MERGE SERVICES TO PRIMARY
EXACT_MATCH,EXACT-GRP-57,36018,"Ragon, Radito Pardo",1960-12-23,Male,"Buquig","Bantay",2,2026-03-27T08:42:48.552645+00:00,KEEP (Primary)
EXACT_MATCH,EXACT-GRP-57,183207,"RAGON RADITO PARDO",1960-12-23,Male,"Buquig","Bantay",1,2026-06-06T07:40:56.748824+00:00,MERGE SERVICES TO PRIMARY
EXACT_MATCH,EXACT-GRP-58,36020,"Casuga, Gemma Mendez",1972-11-18,Female,"Buquig","Bantay",1,2026-03-27T08:42:48.552645+00:00,KEEP (Primary)
EXACT_MATCH,EXACT-GRP-58,183092,"CASUGA GEMMA  MENDEZ",1972-11-18,Female,"Buquig","Bantay",1,2026-06-06T07:15:51.04093+00:00,MERGE SERVICES TO PRIMARY
EXACT_MATCH,EXACT-GRP-59,36031,"De Peralta, Wally Jay Prades",2012-10-27,Male,"Buquig","Bantay",1,2026-03-27T08:42:48.552645+00:00,KEEP (Primary)
EXACT_MATCH,EXACT-GRP-59,183288,"DE PERALTA WALLY JAY PRADES",2012-10-27,Male,"Buquig","Bantay",1,2026-06-06T07:40:56.748824+00:00,MERGE SERVICES TO PRIMARY
EXACT_MATCH,EXACT-GRP-60,36032,"Ragon, Benedict Harry Mamaril",2000-12-13,Male,"Buquig","Bantay",1,2026-03-27T08:42:48.552645+00:00,KEEP (Primary)
EXACT_MATCH,EXACT-GRP-60,183215,"RAGON BENEDICT HARRY MAMARIL",2000-12-13,Male,"Buquig","Bantay",1,2026-06-06T07:40:56.748824+00:00,MERGE SERVICES TO PRIMARY
EXACT_MATCH,EXACT-GRP-61,36035,"Rabaca, Jay Lord Atendido",1988-05-22,Male,"Buquig","Bantay",1,2026-03-27T08:42:48.552645+00:00,KEEP (Primary)
EXACT_MATCH,EXACT-GRP-61,183150,"RABACA JAY LORD ATENDIDO",1988-05-22,Male,"Buquig","Bantay",1,2026-06-06T07:15:51.04093+00:00,MERGE SERVICES TO PRIMARY
EXACT_MATCH,EXACT-GRP-62,36036,"Rabaca, Jean Rose Rondero",1987-11-25,Female,"Buquig","Bantay",1,2026-03-27T08:42:48.552645+00:00,KEEP (Primary)
EXACT_MATCH,EXACT-GRP-62,183151,"RABACA JEAN ROSE RONDERO",1987-11-25,Female,"Buquig","Bantay",1,2026-06-06T07:15:51.04093+00:00,MERGE SERVICES TO PRIMARY
EXACT_MATCH,EXACT-GRP-63,36038,"Poca, Mary Jane Adame",1990-12-29,Female,"Buquig","Bantay",1,2026-03-27T08:42:48.552645+00:00,KEEP (Primary)
EXACT_MATCH,EXACT-GRP-63,182986,"POCA MARY  JANE ADAME",1990-12-29,Female,"Buquig","Bantay",1,2026-06-06T06:58:22.377252+00:00,MERGE SERVICES TO PRIMARY
EXACT_MATCH,EXACT-GRP-64,36050,"Del Castillo, Jaime Alabaso",1961-08-24,Male,"Buquig","Bantay",1,2026-03-27T08:42:48.552645+00:00,KEEP (Primary)
EXACT_MATCH,EXACT-GRP-64,183264,"DEL CASTILLO JAIME ALABASO",1961-08-24,Male,"Buquig","Bantay",1,2026-06-06T07:40:56.748824+00:00,MERGE SERVICES TO PRIMARY
EXACT_MATCH,EXACT-GRP-65,36054,"Vidad, Jexene Mylee Mercurio",2019-02-17,Female,"Buquig","Bantay",1,2026-03-27T08:42:48.552645+00:00,KEEP (Primary)
EXACT_MATCH,EXACT-GRP-65,183252,"VIDAD JEXENE MYLEE MERCURIO",2019-02-17,Female,"Buquig","Bantay",1,2026-06-06T07:40:56.748824+00:00,MERGE SERVICES TO PRIMARY
EXACT_MATCH,EXACT-GRP-66,183250,"MERCURIO MYLENE BOCCAT",1993-05-03,Female,"Buquig","Bantay",2,2026-06-06T07:40:56.748824+00:00,KEEP (Primary)
EXACT_MATCH,EXACT-GRP-66,36056,"Mercurio, Mylene Boccat",1993-05-03,Female,"Buquig","Bantay",1,2026-03-27T08:42:48.552645+00:00,MERGE SERVICES TO PRIMARY
EXACT_MATCH,EXACT-GRP-67,36062,"Rabaca, Jaime Redoloso",1965-09-28,Male,"Buquig","Bantay",1,2026-03-27T08:42:48.552645+00:00,KEEP (Primary)
EXACT_MATCH,EXACT-GRP-67,183154,"RABACA JAIME REDOLOSO",1965-09-28,Male,"Buquig","Bantay",1,2026-06-06T07:15:51.04093+00:00,MERGE SERVICES TO PRIMARY
EXACT_MATCH,EXACT-GRP-68,42539,"Pablico, Amelita Carmelo",1992-12-11,Male,"Sagpat","Bantay",3,2026-03-30T05:42:26.071521+00:00,KEEP (Primary)
EXACT_MATCH,EXACT-GRP-68,313618,"PABLICO, AMELITA CARMELO",1992-12-11,Female,"Sagpat","Bantay",0,2026-09-28T01:57:52.110066+00:00,SAFE TO REMOVE (Empty Shell)
EXACT_MATCH,EXACT-GRP-69,42542,"Pilot, Arnold Pablico",1979-08-21,Female,"Sagpat","Bantay",5,2026-03-30T05:42:26.071521+00:00,KEEP (Primary)
EXACT_MATCH,EXACT-GRP-69,313701,"PILOT, ARNOLD PABLICO",1979-08-21,Male,"Sagpat","Bantay",0,2026-09-28T01:57:52.110066+00:00,SAFE TO REMOVE (Empty Shell)
EXACT_MATCH,EXACT-GRP-70,42631,"Quintero, Joselito Quidolit",1981-02-11,Female,"Sagpat","Bantay",1,2026-03-30T05:42:26.071521+00:00,KEEP (Primary)
EXACT_MATCH,EXACT-GRP-70,313698,"QUINTERO, JOSELITO QUIDOLIT",1981-02-11,Male,"Sagpat","Bantay",0,2026-09-28T01:57:52.110066+00:00,SAFE TO REMOVE (Empty Shell)
EXACT_MATCH,EXACT-GRP-71,42641,"Tapangan, Mary Ann Periñon",1984-09-02,Female,"Sagpat","Bantay",1,2026-03-30T05:42:26.071521+00:00,KEEP (Primary)
EXACT_MATCH,EXACT-GRP-71,313683,"TAPANGAN, MARY ANN PERINON",1984-09-02,Female,"Sagpat","Bantay",0,2026-09-28T01:57:52.110066+00:00,SAFE TO REMOVE (Empty Shell)
EXACT_MATCH,EXACT-GRP-72,42643,"Pilot, Catherine Perinon",1980-03-04,Male,"Sagpat","Bantay",1,2026-03-30T05:42:26.071521+00:00,KEEP (Primary)
EXACT_MATCH,EXACT-GRP-72,313699,"PILOT, CATHERINE PERINON",1980-03-04,Female,"Sagpat","Bantay",0,2026-09-28T01:57:52.110066+00:00,SAFE TO REMOVE (Empty Shell)
EXACT_MATCH,EXACT-GRP-73,42652,"Reotutar, Judie Corpuz",1975-07-26,Male,"Sagpat","Bantay",1,2026-03-30T05:42:26.071521+00:00,KEEP (Primary)
EXACT_MATCH,EXACT-GRP-73,313715,"REOTUTAR, JUDIE CORPUZ",1975-07-26,Female,"Sagpat","Bantay",0,2026-09-28T01:57:52.110066+00:00,SAFE TO REMOVE (Empty Shell)
EXACT_MATCH,EXACT-GRP-74,42658,"Pescador, Vincent Maricaban",1981-06-29,Female,"Sagpat","Bantay",2,2026-03-30T05:42:26.071521+00:00,KEEP (Primary)
EXACT_MATCH,EXACT-GRP-74,313697,"PESCADOR, VINCENT MARICABAN",1981-06-29,Male,"Sagpat","Bantay",0,2026-09-28T01:57:52.110066+00:00,SAFE TO REMOVE (Empty Shell)
EXACT_MATCH,EXACT-GRP-75,313656,"PERIÑON, MICHAEL PABLICO",1988-08-01,Male,"Sagpat","Bantay",1,2026-09-28T01:57:52.110066+00:00,KEEP (Primary)
EXACT_MATCH,EXACT-GRP-75,42667,"Perinon, Michael Pablico",1988-08-01,Female,"Sagpat","Bantay",0,2026-03-30T05:42:26.071521+00:00,SAFE TO REMOVE (Empty Shell)
EXACT_MATCH,EXACT-GRP-76,42669,"Pescador, Bryan Maricaban",1982-10-06,Female,"Sagpat","Bantay",1,2026-03-30T05:42:26.071521+00:00,KEEP (Primary)
EXACT_MATCH,EXACT-GRP-76,313692,"PESCADOR, BRYAN MARICABAN",1982-10-06,Male,"Sagpat","Bantay",0,2026-09-28T01:57:52.110066+00:00,SAFE TO REMOVE (Empty Shell)
EXACT_MATCH,EXACT-GRP-77,42678,"Ching, Richard Dela Cruz",1993-11-08,Female,"Sagpat","Bantay",1,2026-03-30T05:42:26.071521+00:00,KEEP (Primary)
EXACT_MATCH,EXACT-GRP-77,313611,"CHING, RICHARD DELA CRUZ",1993-11-08,Male,"Sagpat","Bantay",0,2026-09-28T01:57:52.110066+00:00,SAFE TO REMOVE (Empty Shell)
EXACT_MATCH,EXACT-GRP-78,313615,"BALBOA, ROMY PUDOL",1993-03-25,Male,"Sagpat","Bantay",1,2026-09-28T01:57:52.110066+00:00,KEEP (Primary)
EXACT_MATCH,EXACT-GRP-78,42718,"Balboa, Romy Pudol",1993-03-25,Female,"Sagpat","Bantay",0,2026-03-30T05:42:26.071521+00:00,SAFE TO REMOVE (Empty Shell)
EXACT_MATCH,EXACT-GRP-79,44539,"Rapin, Angeline Tayaba",1964-05-21,Female,"Lingsat","Bantay",11,2026-03-30T09:15:34.075268+00:00,KEEP (Primary)
EXACT_MATCH,EXACT-GRP-79,181163,"Rapin Angeline Tayaba",1964-05-21,Male,"Lingsat","Bantay",1,2026-06-05T08:22:59.816636+00:00,MERGE SERVICES TO PRIMARY
EXACT_MATCH,EXACT-GRP-80,44550,"Padron, Rhanie Pio",2007-11-10,Male,"Lingsat","Bantay",2,2026-03-30T09:15:34.075268+00:00,KEEP (Primary)
EXACT_MATCH,EXACT-GRP-80,181248,"Padron Rhanie Pio",2007-11-10,Female,"Lingsat","Bantay",1,2026-06-05T08:22:59.816636+00:00,MERGE SERVICES TO PRIMARY
EXACT_MATCH,EXACT-GRP-81,44562,"Bilag, Tristan Deo Ramolete",2022-10-17,Male,"Lingsat","Bantay",5,2026-03-30T09:15:34.075268+00:00,KEEP (Primary)
EXACT_MATCH,EXACT-GRP-81,180896,"Bilag Tristan Deo Ramolete",2022-10-17,Female,"Lingsat","Bantay",1,2026-06-05T08:22:59.816636+00:00,MERGE SERVICES TO PRIMARY
EXACT_MATCH,EXACT-GRP-82,44765,"Sanidad, Flory May Jacob",1994-05-03,Female,"Lingsat","Bantay",4,2026-03-30T09:15:34.075268+00:00,KEEP (Primary)
EXACT_MATCH,EXACT-GRP-82,180910,"Sanidad Flory May Jacob",1994-05-03,Male,"Lingsat","Bantay",1,2026-06-05T08:22:59.816636+00:00,MERGE SERVICES TO PRIMARY
EXACT_MATCH,EXACT-GRP-83,54791,"Ocena, Alejandra Jimenez",1948-11-26,Female,"Taleb","Bantay",2,2026-04-01T00:51:53.348944+00:00,KEEP (Primary)
EXACT_MATCH,EXACT-GRP-83,259627,"Oceña, Alejandra Jimenez",1948-11-26,Female,"Taleb","Bantay",1,2026-07-26T09:06:44.570467+00:00,MERGE SERVICES TO PRIMARY
EXACT_MATCH,EXACT-GRP-84,54819,"Formoso, Romeo Rabara",1963-10-26,Female,"Taleb","Bantay",6,2026-04-01T00:51:53.348944+00:00,KEEP (Primary)
EXACT_MATCH,EXACT-GRP-84,272272,"FORMOSO ROMEO RABARA",1963-10-26,Male,"Taleb","Bantay",1,2026-08-06T08:16:46.25203+00:00,MERGE SERVICES TO PRIMARY
EXACT_MATCH,EXACT-GRP-85,55040,"Vicencio, Mark Odilon Pascua",2016-10-29,Male,"Taleb","Bantay",2,2026-04-01T00:51:53.348944+00:00,KEEP (Primary)
EXACT_MATCH,EXACT-GRP-85,321344,"VICENCIO, MARK ODILON PASCUA",2016-10-29,Male,"Taleb","Bantay",1,2026-09-29T08:19:07.154074+00:00,MERGE SERVICES TO PRIMARY
EXACT_MATCH,EXACT-GRP-86,80733,"Piano, Rogelio Marinas",1955-06-19,Male,"Paing","Bantay",1,2026-05-04T07:12:18.51529+00:00,KEEP (Primary)
EXACT_MATCH,EXACT-GRP-86,182795,"Piano, Rogelio Mariñas",1955-06-19,Male,"Paing","Bantay",1,2026-06-06T06:10:29.698943+00:00,MERGE SERVICES TO PRIMARY
EXACT_MATCH,EXACT-GRP-87,80844,"Bolaños, Jerry Mariñas",1968-03-02,Male,"Paing","Bantay",5,2026-05-04T07:12:18.51529+00:00,KEEP (Primary)
EXACT_MATCH,EXACT-GRP-87,182895,"Bolanos Jerry Marinas",1968-03-02,Male,"Paing","Bantay",1,2026-06-06T06:10:29.698943+00:00,MERGE SERVICES TO PRIMARY
EXACT_MATCH,EXACT-GRP-87,182897,"Bolaños Jerry Mariñas",1968-03-02,Male,"Paing","Bantay",1,2026-06-06T06:10:29.698943+00:00,MERGE SERVICES TO PRIMARY
EXACT_MATCH,EXACT-GRP-88,183125,"INFANTA RICHELLE  JUNICE ONG",2011-06-17,Female,"Buquig","Bantay",1,2026-06-06T07:15:51.04093+00:00,KEEP (Primary)
EXACT_MATCH,EXACT-GRP-88,82212,"Infanta, Richelle Junice Ong",2011-06-17,Female,"Buquig","Bantay",0,2026-05-05T07:47:35.639687+00:00,SAFE TO REMOVE (Empty Shell)
EXACT_MATCH,EXACT-GRP-89,82222,"De Peralta, Jhona Fe Prades",2001-01-11,Female,"Buquig","Bantay",1,2026-05-05T07:47:35.639687+00:00,KEEP (Primary)
EXACT_MATCH,EXACT-GRP-89,183291,"DE PERALTA JHONA FE PRADES",2001-01-11,Female,"Buquig","Bantay",1,2026-06-06T07:40:56.748824+00:00,MERGE SERVICES TO PRIMARY
EXACT_MATCH,EXACT-GRP-90,82224,"Ragon, Romulo Librado",1967-02-17,Male,"Buquig","Bantay",1,2026-05-05T07:47:35.639687+00:00,KEEP (Primary)
EXACT_MATCH,EXACT-GRP-90,183317,"RAGON ROMULO LIBRADO",1967-02-17,Male,"Buquig","Bantay",1,2026-06-06T07:40:56.748824+00:00,MERGE SERVICES TO PRIMARY
EXACT_MATCH,EXACT-GRP-91,82226,"Corpuz, Perlita Urayani",1977-07-07,Female,"Buquig","Bantay",2,2026-05-05T07:47:35.639687+00:00,KEEP (Primary)
EXACT_MATCH,EXACT-GRP-91,182995,"CORPUZ PERLITA URAYANI",1977-07-07,Female,"Buquig","Bantay",1,2026-06-06T06:58:22.377252+00:00,MERGE SERVICES TO PRIMARY
EXACT_MATCH,EXACT-GRP-92,82352,"Lacuesta, Nora Piano",1979-09-06,Female,"Cabalanggan","Bantay",1,2026-05-05T08:01:12.722592+00:00,KEEP (Primary)
EXACT_MATCH,EXACT-GRP-92,151578,"Lacuesta Nora Piano",1979-09-06,Female,"Cabalanggan","Bantay",1,2026-05-29T01:23:42.778285+00:00,MERGE SERVICES TO PRIMARY
EXACT_MATCH,EXACT-GRP-93,82354,"Petate, Leonardo Peria",1974-07-15,Male,"Cabalanggan","Bantay",1,2026-05-05T08:01:12.722592+00:00,KEEP (Primary)
EXACT_MATCH,EXACT-GRP-93,151598,"Petate Leonardo Peria",1974-07-15,Male,"Cabalanggan","Bantay",1,2026-05-29T01:23:42.778285+00:00,MERGE SERVICES TO PRIMARY
EXACT_MATCH,EXACT-GRP-94,107696,"Mercurio, Rosita Regpala",1965-10-03,Female,"Buquig","Bantay",1,2026-05-14T08:01:00.116292+00:00,KEEP (Primary)
EXACT_MATCH,EXACT-GRP-94,183239,"MERCURIO ROSITA REGPALA",1965-10-03,Female,"Buquig","Bantay",1,2026-06-06T07:40:56.748824+00:00,MERGE SERVICES TO PRIMARY
EXACT_MATCH,EXACT-GRP-95,107697,"Mercurio, Robert Regpala",1988-04-22,Male,"Buquig","Bantay",1,2026-05-14T08:01:00.116292+00:00,KEEP (Primary)
EXACT_MATCH,EXACT-GRP-95,183240,"MERCURIO ROBERT REGPALA",1988-04-22,Male,"Buquig","Bantay",1,2026-06-06T07:40:56.748824+00:00,MERGE SERVICES TO PRIMARY
EXACT_MATCH,EXACT-GRP-96,107698,"Mercurio, Julius Regpala",1989-12-12,Male,"Buquig","Bantay",1,2026-05-14T08:01:00.116292+00:00,KEEP (Primary)
EXACT_MATCH,EXACT-GRP-96,183241,"MERCURIO JULIUS REGPALA",1989-12-12,Male,"Buquig","Bantay",1,2026-06-06T07:40:56.748824+00:00,MERGE SERVICES TO PRIMARY
EXACT_MATCH,EXACT-GRP-97,107699,"Mercurio, William Regpala",2003-07-02,Male,"Buquig","Bantay",1,2026-05-14T08:01:00.116292+00:00,KEEP (Primary)
EXACT_MATCH,EXACT-GRP-97,183242,"MERCURIO WILLIAM REGPALA",2003-07-02,Male,"Buquig","Bantay",1,2026-06-06T07:40:56.748824+00:00,MERGE SERVICES TO PRIMARY
EXACT_MATCH,EXACT-GRP-98,107700,"Laurente, Joseph Piano",1986-09-16,Male,"Buquig","Bantay",1,2026-05-14T08:01:00.116292+00:00,KEEP (Primary)
EXACT_MATCH,EXACT-GRP-98,183243,"LAURENTE JOSEPH PIANO",1986-09-16,Male,"Buquig","Bantay",1,2026-06-06T07:40:56.748824+00:00,MERGE SERVICES TO PRIMARY
EXACT_MATCH,EXACT-GRP-99,107701,"Mercurio, juliet Regpala",1990-07-31,Female,"Buquig","Bantay",1,2026-05-14T08:01:00.116292+00:00,KEEP (Primary)
EXACT_MATCH,EXACT-GRP-99,183244,"MERCURIO JULIET REGPALA",1990-07-31,Female,"Buquig","Bantay",1,2026-06-06T07:40:56.748824+00:00,MERGE SERVICES TO PRIMARY
EXACT_MATCH,EXACT-GRP-100,107703,"Palpal, Lucresia Mercurio",1959-03-15,Female,"Buquig","Bantay",1,2026-05-14T08:01:00.116292+00:00,KEEP (Primary)
EXACT_MATCH,EXACT-GRP-100,183246,"PALPAL LUCRESIA MERCURIO",1959-03-15,Female,"Buquig","Bantay",1,2026-06-06T07:40:56.748824+00:00,MERGE SERVICES TO PRIMARY
EXACT_MATCH,EXACT-GRP-101,107704,"De Peralta, Rain Heart Jadoc",2008-07-13,Female,"Buquig","Bantay",1,2026-05-14T08:01:00.116292+00:00,KEEP (Primary)
EXACT_MATCH,EXACT-GRP-101,183247,"DE PERALTA RAIN HEART JADOC",2008-07-13,Female,"Buquig","Bantay",1,2026-06-06T07:40:56.748824+00:00,MERGE SERVICES TO PRIMARY
EXACT_MATCH,EXACT-GRP-102,107705,"De Peralta, Gregorio Mercurio",1982-04-10,Male,"Buquig","Bantay",1,2026-05-14T08:01:00.116292+00:00,KEEP (Primary)
EXACT_MATCH,EXACT-GRP-102,183248,"DE PERALTA GREGORIO MERCURIO",1982-04-10,Male,"Buquig","Bantay",1,2026-06-06T07:40:56.748824+00:00,MERGE SERVICES TO PRIMARY
EXACT_MATCH,EXACT-GRP-103,107732,"Campo, Edgar Ramirez",1963-07-29,Male,"Buquig","Bantay",1,2026-05-14T08:01:00.116292+00:00,KEEP (Primary)
EXACT_MATCH,EXACT-GRP-103,183079,"CAMPO EDGAR RAMIREZ",1963-07-29,Male,"Buquig","Bantay",1,2026-06-06T07:15:51.04093+00:00,MERGE SERVICES TO PRIMARY
EXACT_MATCH,EXACT-GRP-104,107743,"Gomintong, Vidaline Agabao",1980-02-28,Female,"Buquig","Bantay",2,2026-05-14T08:01:00.116292+00:00,KEEP (Primary)
EXACT_MATCH,EXACT-GRP-104,183074,"GOMINTONG VIDALINE AGABAO",1980-02-28,Female,"Buquig","Bantay",0,2026-06-06T07:15:51.04093+00:00,SAFE TO REMOVE (Empty Shell)
EXACT_MATCH,EXACT-GRP-105,107745,"GrantoZa, Dante Casabar",1969-12-17,Male,"Buquig","Bantay",1,2026-05-14T08:01:00.116292+00:00,KEEP (Primary)
EXACT_MATCH,EXACT-GRP-105,183168,"GRANTOZA DANTE CASABAR",1969-12-17,Male,"Buquig","Bantay",0,2026-06-06T07:15:51.04093+00:00,SAFE TO REMOVE (Empty Shell)
EXACT_MATCH,EXACT-GRP-106,107975,"Mariñas, Elma Ayon-ayon",1959-06-04,Female,"Taleb","Bantay",2,2026-05-14T08:25:18.146757+00:00,KEEP (Primary)
EXACT_MATCH,EXACT-GRP-106,181692,"MARIÑAS,  ELMA AYON - AYON",1959-06-04,Female,"Taleb","Bantay",1,2026-06-05T09:25:53.888583+00:00,MERGE SERVICES TO PRIMARY
EXACT_MATCH,EXACT-GRP-107,107991,"Paranada, Carlita Pilien",1941-11-04,Female,"Taleb","Bantay",3,2026-05-14T08:25:18.146757+00:00,KEEP (Primary)
EXACT_MATCH,EXACT-GRP-107,272288,"PARANADA CARLITA PILIEN",1941-11-04,Male,"Taleb","Bantay",1,2026-08-06T08:16:46.25203+00:00,MERGE SERVICES TO PRIMARY
EXACT_MATCH,EXACT-GRP-108,108006,"Albano, Paul Gian Senica",2016-10-30,Male,"Taleb","Bantay",2,2026-05-14T08:25:18.146757+00:00,KEEP (Primary)
EXACT_MATCH,EXACT-GRP-108,321303,"ALBANO, PAUL GIAN SENICA",2016-10-30,Male,"Taleb","Bantay",1,2026-09-29T08:19:07.154074+00:00,MERGE SERVICES TO PRIMARY
EXACT_MATCH,EXACT-GRP-109,108009,"Sabalburo, Norma Marinas",1972-04-26,Female,"Taleb","Bantay",1,2026-05-14T08:25:18.146757+00:00,KEEP (Primary)
EXACT_MATCH,EXACT-GRP-109,181741,"SABALBURO NORMA MARIÑAS",1972-04-26,Female,"Taleb","Bantay",1,2026-06-05T09:25:53.888583+00:00,MERGE SERVICES TO PRIMARY
EXACT_MATCH,EXACT-GRP-110,108025,"PENULLAR, FRANCIS DRAKE PICO",2015-01-15,Male,"Taleb","Bantay",2,2026-05-14T08:25:18.146757+00:00,KEEP (Primary)
EXACT_MATCH,EXACT-GRP-110,181766,"PENULLAR FRANCIS DRAKE PICO",2015-01-15,Male,"Taleb","Bantay",1,2026-06-05T09:25:53.888583+00:00,MERGE SERVICES TO PRIMARY
EXACT_MATCH,EXACT-GRP-111,108045,"DE CASTRO, SOPHIA REYN PILAR",2024-07-21,Female,"Taleb","Bantay",2,2026-05-14T08:25:18.146757+00:00,KEEP (Primary)
EXACT_MATCH,EXACT-GRP-111,208388,"DE CASTRO SOPHIA REYN PILAR",2024-07-21,Male,"Taleb","Bantay",1,2026-06-18T07:15:56.257832+00:00,MERGE SERVICES TO PRIMARY
EXACT_MATCH,EXACT-GRP-112,108095,"MADRIAGA, CRISTINA, VALDERAMA",1980-08-24,Female,"Taleb","Bantay",2,2026-05-14T08:25:18.146757+00:00,KEEP (Primary)
EXACT_MATCH,EXACT-GRP-112,315063,"Madriaga, Cristina Valderama",1980-08-24,Female,"Taleb","Bantay",1,2026-09-28T04:13:07.199842+00:00,MERGE SERVICES TO PRIMARY
EXACT_MATCH,EXACT-GRP-113,108123,"PAA, QUEEN MARGARETTE SAMSON",2016-10-18,Female,"Taleb","Bantay",3,2026-05-14T08:25:18.146757+00:00,KEEP (Primary)
EXACT_MATCH,EXACT-GRP-113,321304,"PAA, QUEEN MARGARETTE SAMSON",2016-10-18,Female,"Taleb","Bantay",1,2026-09-29T08:19:07.154074+00:00,MERGE SERVICES TO PRIMARY
EXACT_MATCH,EXACT-GRP-114,126056,"CABUNOC YURI CELESTINE BAJA",2026-04-29,F - Female,"Barangay 1","Bantay",1,2026-05-21T14:04:11.631613+00:00,KEEP (Primary)
EXACT_MATCH,EXACT-GRP-114,335888,"Cabunoc, Yuri Celestine Baja",2026-04-29,Female,"Barangay 1","Bantay",1,2026-10-02T06:22:18.934163+00:00,MERGE SERVICES TO PRIMARY
EXACT_MATCH,EXACT-GRP-115,132929,"Pardo, John Paul Acena",1998-11-04,Male,"Buquig","Bantay",1,2026-05-23T07:33:49.143134+00:00,KEEP (Primary)
EXACT_MATCH,EXACT-GRP-115,182957,"PARDO JOHN PAUL ACENA",1998-11-04,Male,"Buquig","Bantay",1,2026-06-06T06:58:22.377252+00:00,MERGE SERVICES TO PRIMARY
EXACT_MATCH,EXACT-GRP-116,132930,"Pardo, ernalyn Fernando",1999-12-20,Female,"Buquig","Bantay",1,2026-05-23T07:33:49.143134+00:00,KEEP (Primary)
EXACT_MATCH,EXACT-GRP-116,182958,"PARDO ERNALYN FERNANDO",1999-12-20,Female,"Buquig","Bantay",1,2026-06-06T06:58:22.377252+00:00,MERGE SERVICES TO PRIMARY
EXACT_MATCH,EXACT-GRP-117,154286,"Parilla, Rexelle Liam",2018-07-30,Male,"Taleb","Bantay",3,2026-05-29T07:18:46.61293+00:00,KEEP (Primary)
EXACT_MATCH,EXACT-GRP-117,181729,"PARILLA REXELLE LIAM -",2018-07-30,Male,"Taleb","Bantay",1,2026-06-05T09:25:53.888583+00:00,MERGE SERVICES TO PRIMARY
EXACT_MATCH,EXACT-GRP-117,321325,"PARILLA, REXELLE LIAM",2018-07-30,Male,"Taleb","Bantay",1,2026-09-29T08:19:07.154074+00:00,MERGE SERVICES TO PRIMARY
EXACT_MATCH,EXACT-GRP-118,154288,"Vicencio, Prince Niño Peru",2018-05-06,Male,"Taleb","Bantay",2,2026-05-29T07:18:46.61293+00:00,KEEP (Primary)
EXACT_MATCH,EXACT-GRP-118,321343,"VICENCIO, PRINCE NINO PERU",2018-05-06,Male,"Taleb","Bantay",1,2026-09-29T08:19:07.154074+00:00,MERGE SERVICES TO PRIMARY
EXACT_MATCH,EXACT-GRP-119,154332,"Baclig, Rosalinda Padron",1965-02-01,Female,"Lingsat","Bantay",1,2026-05-29T07:18:46.61293+00:00,KEEP (Primary)
EXACT_MATCH,EXACT-GRP-119,180932,"Baclig Rosalinda Padron",1965-02-01,Female,"Lingsat","Bantay",1,2026-06-05T08:22:59.816636+00:00,MERGE SERVICES TO PRIMARY
EXACT_MATCH,EXACT-GRP-120,154348,"Rivad, Isabel Rafin",1954-07-08,Female,"Lingsat","Bantay",2,2026-05-29T07:18:46.61293+00:00,KEEP (Primary)
EXACT_MATCH,EXACT-GRP-120,180903,"Rivad Isabel Rafin",1954-07-08,Male,"Lingsat","Bantay",1,2026-06-05T08:22:59.816636+00:00,MERGE SERVICES TO PRIMARY
EXACT_MATCH,EXACT-GRP-121,154435,"Padron, Vernalyn Anipot",1986-01-10,Female,"Lingsat","Bantay",1,2026-05-29T07:18:46.61293+00:00,KEEP (Primary)
EXACT_MATCH,EXACT-GRP-121,180887,"Padron Vernalyn Anipot",1986-01-10,Male,"Lingsat","Bantay",1,2026-06-05T08:22:59.816636+00:00,MERGE SERVICES TO PRIMARY
EXACT_MATCH,EXACT-GRP-122,154747,"Pipo, Edward John  Vizcarra",1979-01-05,M - Male,"Barangay 3","Bantay",1,2026-05-29T07:25:24.226488+00:00,KEEP (Primary)
EXACT_MATCH,EXACT-GRP-122,258589,"Pipo, Edward John Vizcarra",1979-01-05,Female,"Barangay 3","Bantay",1,2026-07-24T09:40:22.113021+00:00,MERGE SERVICES TO PRIMARY
EXACT_MATCH,EXACT-GRP-123,180795,"PADRON, JAIME MARIANO",1981-08-12,Male,"Lingsat","Bantay",1,2026-06-05T08:22:59.816636+00:00,KEEP (Primary)
EXACT_MATCH,EXACT-GRP-123,180881,"Padron Jaime Mariano",1981-08-12,Female,"Lingsat","Bantay",1,2026-06-05T08:22:59.816636+00:00,MERGE SERVICES TO PRIMARY
EXACT_MATCH,EXACT-GRP-124,180806,"PADRON, MILES RAGUNJAN",2023-10-02,Female,"Lingsat","Bantay",2,2026-06-05T08:22:59.816636+00:00,KEEP (Primary)
EXACT_MATCH,EXACT-GRP-124,180885,"Padron Miles Ragunjan",2023-10-02,Male,"Lingsat","Bantay",1,2026-06-05T08:22:59.816636+00:00,MERGE SERVICES TO PRIMARY
EXACT_MATCH,EXACT-GRP-125,180851,"TIPON, MARCELO DOMENDEN",1958-03-06,Female,"Lingsat","Bantay",1,2026-06-05T08:22:59.816636+00:00,KEEP (Primary)
EXACT_MATCH,EXACT-GRP-125,181236,"Tipon Marcelo Domenden",1958-03-06,Male,"Lingsat","Bantay",1,2026-06-05T08:22:59.816636+00:00,MERGE SERVICES TO PRIMARY
EXACT_MATCH,EXACT-GRP-126,180902,"Rivad Catalino Molina",1959-11-25,Male,"Lingsat","Bantay",1,2026-06-05T08:22:59.816636+00:00,KEEP (Primary)
EXACT_MATCH,EXACT-GRP-126,336549,"Rivad, Catalino Molina",1959-11-25,Male,"Lingsat","Bantay",1,2026-10-03T05:13:16.214836+00:00,MERGE SERVICES TO PRIMARY
EXACT_MATCH,EXACT-GRP-127,180911,"Afroilan Juaquin Sanidad",2016-12-04,Female,"Lingsat","Bantay",1,2026-06-05T08:22:59.816636+00:00,KEEP (Primary)
EXACT_MATCH,EXACT-GRP-127,316090,"Afroilan, Juaquin Sanidad",2016-12-04,Male,"Lingsat","Bantay",1,2026-09-28T06:40:14.406423+00:00,MERGE SERVICES TO PRIMARY
EXACT_MATCH,EXACT-GRP-128,180947,"Estimada Rey Piano",1993-08-02,Male,"Lingsat","Bantay",1,2026-06-05T08:22:59.816636+00:00,KEEP (Primary)
EXACT_MATCH,EXACT-GRP-128,316120,"Estimada, Rey Piano",1993-08-02,Male,"Lingsat","Bantay",1,2026-09-28T06:40:14.406423+00:00,MERGE SERVICES TO PRIMARY
EXACT_MATCH,EXACT-GRP-129,180979,"Faypon Hilda Marie Libao",1992-08-26,Female,"Lingsat","Bantay",1,2026-06-05T08:22:59.816636+00:00,KEEP (Primary)
EXACT_MATCH,EXACT-GRP-129,316173,"Faypon, Hilda Marie Libao",1992-08-26,Female,"Lingsat","Bantay",0,2026-09-28T06:40:14.406423+00:00,SAFE TO REMOVE (Empty Shell)
EXACT_MATCH,EXACT-GRP-130,315183,"Faypon, Zayne Xavier Libao",2024-09-02,Male,"Lingsat","Bantay",4,2026-09-28T04:16:53.330132+00:00,KEEP (Primary)
EXACT_MATCH,EXACT-GRP-130,180981,"Faypon Zayne Xavier Libao",2024-09-02,Male,"Lingsat","Bantay",1,2026-06-05T08:22:59.816636+00:00,MERGE SERVICES TO PRIMARY
EXACT_MATCH,EXACT-GRP-131,180983,"Paet Pedro DUmenden",1968-08-22,Male,"Lingsat","Bantay",1,2026-06-05T08:22:59.816636+00:00,KEEP (Primary)
EXACT_MATCH,EXACT-GRP-131,336548,"Paet, Pedro Dumenden",1968-08-22,Male,"Lingsat","Bantay",1,2026-10-03T05:10:39.815995+00:00,MERGE SERVICES TO PRIMARY
EXACT_MATCH,EXACT-GRP-132,180987,"Barroga Roderick Frio",1983-03-02,Male,"Lingsat","Bantay",1,2026-06-05T08:22:59.816636+00:00,KEEP (Primary)
EXACT_MATCH,EXACT-GRP-132,316082,"Barroga, Roderick Frio",1983-03-02,Male,"Lingsat","Bantay",1,2026-09-28T06:40:14.406423+00:00,MERGE SERVICES TO PRIMARY
EXACT_MATCH,EXACT-GRP-133,181063,"Paino Symon Parto",2024-03-16,Male,"Lingsat","Bantay",1,2026-06-05T08:22:59.816636+00:00,KEEP (Primary)
EXACT_MATCH,EXACT-GRP-133,315196,"Paino, Symon Parto",2024-03-16,Male,"Lingsat","Bantay",1,2026-09-28T04:16:53.330132+00:00,MERGE SERVICES TO PRIMARY
EXACT_MATCH,EXACT-GRP-134,181152,"Padron Erlinda Pardo",1950-11-08,Female,"Lingsat","Bantay",1,2026-06-05T08:22:59.816636+00:00,KEEP (Primary)
EXACT_MATCH,EXACT-GRP-134,316103,"Padron, Erlinda Pardo",1950-11-08,Female,"Lingsat","Bantay",1,2026-09-28T06:40:14.406423+00:00,MERGE SERVICES TO PRIMARY
EXACT_MATCH,EXACT-GRP-135,181197,"Pugal Leslyn Tabbal",2024-05-31,Female,"Lingsat","Bantay",2,2026-06-05T08:22:59.816636+00:00,KEEP (Primary)
EXACT_MATCH,EXACT-GRP-135,315209,"Pugal, Leslyn Tabbal",2024-05-31,Female,"Lingsat","Bantay",1,2026-09-28T04:16:53.330132+00:00,MERGE SERVICES TO PRIMARY
EXACT_MATCH,EXACT-GRP-136,181206,"Tipon Ian Jacob Sebastian",2023-06-13,Male,"Lingsat","Bantay",1,2026-06-05T08:22:59.816636+00:00,KEEP (Primary)
EXACT_MATCH,EXACT-GRP-136,315217,"Tipon, Ian Jacob Sebastian",2023-06-13,Male,"Lingsat","Bantay",1,2026-09-28T04:16:53.330132+00:00,MERGE SERVICES TO PRIMARY
EXACT_MATCH,EXACT-GRP-137,181235,"Dela Cueva Jazzlyn Avery Tipon",2024-06-28,Female,"Lingsat","Bantay",1,2026-06-05T08:22:59.816636+00:00,KEEP (Primary)
EXACT_MATCH,EXACT-GRP-137,315181,"Dela Cueva, Jazzlyn Avery  Tipon",2024-06-28,Female,"Lingsat","Bantay",1,2026-09-28T04:16:53.330132+00:00,MERGE SERVICES TO PRIMARY
EXACT_MATCH,EXACT-GRP-138,181252,"Padron Carlos Amistad",1984-06-03,Male,"Lingsat","Bantay",1,2026-06-05T08:22:59.816636+00:00,KEEP (Primary)
EXACT_MATCH,EXACT-GRP-138,336528,"Padron, Carlos Amistad",1984-06-03,Male,"Lingsat","Bantay",1,2026-10-03T04:06:10.641795+00:00,MERGE SERVICES TO PRIMARY
EXACT_MATCH,EXACT-GRP-139,259807,"Asuncion, Charilyn Paiste",1990-02-26,Female,"Taleb","Bantay",2,2026-07-26T09:06:44.570467+00:00,KEEP (Primary)
EXACT_MATCH,EXACT-GRP-139,181270,"Asuncion Charilyn Paiste",1990-02-26,Female,"Lingsat","Bantay",1,2026-06-05T08:23:01.625566+00:00,MERGE SERVICES TO PRIMARY
EXACT_MATCH,EXACT-GRP-140,181647,"PICO ROBERTO PAET",1954-06-06,Male,"Taleb","Bantay",1,2026-06-05T09:25:53.888583+00:00,KEEP (Primary)
EXACT_MATCH,EXACT-GRP-140,259631,"Pico, Roberto Paet",1954-06-06,Male,"Taleb","Bantay",1,2026-07-26T09:06:44.570467+00:00,MERGE SERVICES TO PRIMARY
EXACT_MATCH,EXACT-GRP-141,181655,"PUNIO CARL JAYSON VIZARRA",2005-05-20,Male,"Taleb","Bantay",1,2026-06-05T09:25:53.888583+00:00,KEEP (Primary)
EXACT_MATCH,EXACT-GRP-141,259797,"Punio, Carl Jayson Vizarra",2005-05-20,Male,"Taleb","Bantay",1,2026-07-26T09:06:44.570467+00:00,MERGE SERVICES TO PRIMARY
EXACT_MATCH,EXACT-GRP-142,259661,"Reveche, Celine Raras",2021-11-17,Female,"Taleb","Bantay",3,2026-07-26T09:06:44.570467+00:00,KEEP (Primary)
EXACT_MATCH,EXACT-GRP-142,181660,"REVECHE CELINE RARAS",2021-11-17,Female,"Taleb","Bantay",1,2026-06-05T09:25:53.888583+00:00,MERGE SERVICES TO PRIMARY
EXACT_MATCH,EXACT-GRP-143,181663,"REVECHE HANNAH KAYE BIDES",2014-11-27,Female,"Taleb","Bantay",1,2026-06-05T09:25:53.888583+00:00,KEEP (Primary)
EXACT_MATCH,EXACT-GRP-143,321335,"REVECHE, HANNAH KAYE BIDES",2014-11-27,Female,"Taleb","Bantay",1,2026-09-29T08:19:07.154074+00:00,MERGE SERVICES TO PRIMARY
EXACT_MATCH,EXACT-GRP-144,181667,"COSTALES GEAN SHYMARA REVECHE",2016-06-28,Female,"Taleb","Bantay",1,2026-06-05T09:25:53.888583+00:00,KEEP (Primary)
EXACT_MATCH,EXACT-GRP-144,321347,"COSTALES, GEAN SHYMARA REVECHE",2016-06-28,Female,"Taleb","Bantay",1,2026-09-29T08:19:07.154074+00:00,MERGE SERVICES TO PRIMARY
EXACT_MATCH,EXACT-GRP-145,181674,"PADRE ELIZABETH ZENICA",1980-02-21,Female,"Taleb","Bantay",1,2026-06-05T09:25:53.888583+00:00,KEEP (Primary)
EXACT_MATCH,EXACT-GRP-145,259776,"Padre, Elizabeth Zenica",1980-02-21,Female,"Taleb","Bantay",1,2026-07-26T09:06:44.570467+00:00,MERGE SERVICES TO PRIMARY
EXACT_MATCH,EXACT-GRP-146,181679,"ZENICA EDMAR GONZALES",2015-07-13,Male,"Taleb","Bantay",1,2026-06-05T09:25:53.888583+00:00,KEEP (Primary)
EXACT_MATCH,EXACT-GRP-146,259778,"Zenica, Edmar Gonzales",2015-07-13,Male,"Taleb","Bantay",1,2026-07-26T09:06:44.570467+00:00,MERGE SERVICES TO PRIMARY
EXACT_MATCH,EXACT-GRP-146,321312,"ZENICA, EDMAR GONZALES",2015-07-13,Male,"Taleb","Bantay",1,2026-09-29T08:19:07.154074+00:00,MERGE SERVICES TO PRIMARY
EXACT_MATCH,EXACT-GRP-147,181712,"CANTORNA JAN XIAN PASCUAL",2014-10-21,Male,"Taleb","Bantay",1,2026-06-05T09:25:53.888583+00:00,KEEP (Primary)
EXACT_MATCH,EXACT-GRP-147,315074,"Cantorna, Jan Xian Pascual",2014-10-21,Male,"Taleb","Bantay",1,2026-09-28T04:13:07.199842+00:00,MERGE SERVICES TO PRIMARY
EXACT_MATCH,EXACT-GRP-148,181757,"PICO WAINRIGHT MADRIAGA",1950-01-04,Male,"Taleb","Bantay",1,2026-06-05T09:25:53.888583+00:00,KEEP (Primary)
EXACT_MATCH,EXACT-GRP-148,259635,"Pico, Wainright Madriaga",1950-01-04,Male,"Taleb","Bantay",1,2026-07-26T09:06:44.570467+00:00,MERGE SERVICES TO PRIMARY
EXACT_MATCH,EXACT-GRP-149,315158,"Pico, Jennylyn Paet",1983-03-29,Female,"Taleb","Bantay",2,2026-09-28T04:13:07.199842+00:00,KEEP (Primary)
EXACT_MATCH,EXACT-GRP-149,181759,"PICO JENNYLYN PAET",1983-03-29,Female,"Taleb","Bantay",1,2026-06-05T09:25:53.888583+00:00,MERGE SERVICES TO PRIMARY
EXACT_MATCH,EXACT-GRP-150,315156,"Pablico, Hanna Zea Pico",2017-03-25,Female,"Taleb","Bantay",2,2026-09-28T04:13:07.199842+00:00,KEEP (Primary)
EXACT_MATCH,EXACT-GRP-150,181760,"PABLICO HANNA ZEA PICO",2017-03-25,Female,"Taleb","Bantay",1,2026-06-05T09:25:53.888583+00:00,MERGE SERVICES TO PRIMARY
EXACT_MATCH,EXACT-GRP-151,181769,"PENULLAR KHEIFER PICO",2025-06-24,Male,"Taleb","Bantay",1,2026-06-05T09:25:53.888583+00:00,KEEP (Primary)
EXACT_MATCH,EXACT-GRP-151,272296,"PENULLAR, KHEIFER PICO",2025-06-24,Male,"Taleb","Bantay",1,2026-08-06T08:16:46.25203+00:00,MERGE SERVICES TO PRIMARY
EXACT_MATCH,EXACT-GRP-152,181783,"PAET MENDRADO BEN",1954-01-21,Male,"Taleb","Bantay",1,2026-06-05T09:25:53.888583+00:00,KEEP (Primary)
EXACT_MATCH,EXACT-GRP-152,259636,"Paet, Mendrado Ben",1954-01-21,Male,"Taleb","Bantay",1,2026-07-26T09:06:44.570467+00:00,MERGE SERVICES TO PRIMARY
EXACT_MATCH,EXACT-GRP-153,259628,"Paet, Reynalda Sibayan",1960-07-16,Female,"Taleb","Bantay",2,2026-07-26T09:06:44.570467+00:00,KEEP (Primary)
EXACT_MATCH,EXACT-GRP-153,181784,"PAET REYNALDA SIBAYAN",1960-07-16,Female,"Taleb","Bantay",1,2026-06-05T09:25:53.888583+00:00,MERGE SERVICES TO PRIMARY
EXACT_MATCH,EXACT-GRP-154,181794,"ABELLA TRISHA MAE REALIN",2002-04-09,Female,"Taleb","Bantay",1,2026-06-05T09:25:53.888583+00:00,KEEP (Primary)
EXACT_MATCH,EXACT-GRP-154,259595,"Abella, Trisha Mae Realin",2002-04-09,Female,"Taleb","Bantay",1,2026-07-26T09:06:44.570467+00:00,MERGE SERVICES TO PRIMARY
EXACT_MATCH,EXACT-GRP-155,181809,"CORTEZ JAERO TABLADA",2017-12-03,Male,"Taleb","Bantay",1,2026-06-05T09:25:53.888583+00:00,KEEP (Primary)
EXACT_MATCH,EXACT-GRP-155,259745,"Cortez, Jaero Tablada",2017-12-03,Male,"Taleb","Bantay",1,2026-07-26T09:06:44.570467+00:00,MERGE SERVICES TO PRIMARY
EXACT_MATCH,EXACT-GRP-156,182894,"Bolanos Elysing Regaspi",1975-06-17,Male,"Paing","Bantay",2,2026-06-06T06:10:29.698943+00:00,KEEP (Primary)
EXACT_MATCH,EXACT-GRP-156,182896,"Bolaños Elysing Regaspi",1975-06-17,Male,"Paing","Bantay",1,2026-06-06T06:10:29.698943+00:00,MERGE SERVICES TO PRIMARY
EXACT_MATCH,EXACT-GRP-157,208360,"ZENICA MARIA ELOISA PALECPEC",1991-06-21,Female,"Taleb","Bantay",1,2026-06-18T07:15:56.257832+00:00,KEEP (Primary)
EXACT_MATCH,EXACT-GRP-157,259695,"Zenica, Maria Eloisa Palecpec",1991-06-21,Female,"Taleb","Bantay",1,2026-07-26T09:06:44.570467+00:00,MERGE SERVICES TO PRIMARY
EXACT_MATCH,EXACT-GRP-158,208366,"VIZARRA ROMEL EVANGELISTA",1990-04-15,Male,"Taleb","Bantay",1,2026-06-18T07:15:56.257832+00:00,KEEP (Primary)
EXACT_MATCH,EXACT-GRP-158,315093,"Vizarra, Romel Evangelista",1990-04-15,Male,"Taleb","Bantay",1,2026-09-28T04:13:07.199842+00:00,MERGE SERVICES TO PRIMARY
EXACT_MATCH,EXACT-GRP-159,208379,"VIZARRA SHAINA MAE ALEJANDRE",2016-07-07,Female,"Taleb","Bantay",1,2026-06-18T07:15:56.257832+00:00,KEEP (Primary)
EXACT_MATCH,EXACT-GRP-159,321333,"VIZARRA, SHAINA MAE ALEJANDRE",2016-07-07,Female,"Taleb","Bantay",1,2026-09-29T08:19:07.154074+00:00,MERGE SERVICES TO PRIMARY
EXACT_MATCH,EXACT-GRP-160,259777,"Vizarra, Shyra Alejandre",2022-10-08,Female,"Taleb","Bantay",2,2026-07-26T09:06:44.570467+00:00,KEEP (Primary)
EXACT_MATCH,EXACT-GRP-160,208381,"VIZARRA SHYRA ALEJANDRE",2022-10-08,Female,"Taleb","Bantay",1,2026-06-18T07:15:56.257832+00:00,MERGE SERVICES TO PRIMARY
EXACT_MATCH,EXACT-GRP-161,208384,"PILAR NICOLE ZENICA",2007-09-27,Female,"Taleb","Bantay",1,2026-06-18T07:15:56.257832+00:00,KEEP (Primary)
EXACT_MATCH,EXACT-GRP-161,259757,"Pilar, Nicole Zenica",2007-09-27,Female,"Taleb","Bantay",1,2026-07-26T09:06:44.570467+00:00,MERGE SERVICES TO PRIMARY
EXACT_MATCH,EXACT-GRP-162,208406,"PADRE LANCE JACOB BARBOSA",2018-07-01,Male,"Taleb","Bantay",1,2026-06-18T07:15:56.257832+00:00,KEEP (Primary)
EXACT_MATCH,EXACT-GRP-162,321326,"PADRE, LANCE JACOB BARBOSA",2018-07-01,Male,"Taleb","Bantay",1,2026-09-29T08:19:07.154074+00:00,MERGE SERVICES TO PRIMARY
EXACT_MATCH,EXACT-GRP-163,208429,"ALVENDIA JOHN KENNEDY VELASCO",1996-05-26,Male,"Taleb","Bantay",1,2026-06-18T07:15:56.257832+00:00,KEEP (Primary)
EXACT_MATCH,EXACT-GRP-163,259630,"Alvendia, John Kennedy Velasco",1996-05-26,Male,"Taleb","Bantay",1,2026-07-26T09:06:44.570467+00:00,MERGE SERVICES TO PRIMARY
EXACT_MATCH,EXACT-GRP-164,253018,"Gazmen, Lorenzo Resuello",2025-05-27,Male,"Naguiddayan","Bantay",1,2026-07-21T06:22:05.346402+00:00,KEEP (Primary)
EXACT_MATCH,EXACT-GRP-164,271703,"Gazmen Lorenzo Resuello",2025-05-27,Male,"Naguiddayan","Bantay",1,2026-08-06T01:46:01.693919+00:00,MERGE SERVICES TO PRIMARY
EXACT_MATCH,EXACT-GRP-165,259705,"Paa, Ronie Bisting",2016-08-26,Male,"Taleb","Bantay",2,2026-07-26T09:06:44.570467+00:00,KEEP (Primary)
EXACT_MATCH,EXACT-GRP-165,321305,"PAA, RONIE BISTING",2016-08-26,Male,"Taleb","Bantay",1,2026-09-29T08:19:07.154074+00:00,MERGE SERVICES TO PRIMARY
EXACT_MATCH,EXACT-GRP-166,259742,"Corpuz, Kurth Daiven Sadiasa",2016-03-05,Male,"Taleb","Bantay",1,2026-07-26T09:06:44.570467+00:00,KEEP (Primary)
EXACT_MATCH,EXACT-GRP-166,321320,"CORPUZ, KURTH DAIVEN SADIASA",2016-03-05,Male,"Taleb","Bantay",1,2026-09-29T08:19:07.154074+00:00,MERGE SERVICES TO PRIMARY
EXACT_MATCH,EXACT-GRP-167,259750,"Planta, Mariane Vicencio",2015-07-09,Female,"Taleb","Bantay",1,2026-07-26T09:06:44.570467+00:00,KEEP (Primary)
EXACT_MATCH,EXACT-GRP-167,321310,"PLANTA, MARIANE VICENCIO",2015-07-09,Female,"Taleb","Bantay",1,2026-09-29T08:19:07.154074+00:00,MERGE SERVICES TO PRIMARY
EXACT_MATCH,EXACT-GRP-168,321286,"VICENCIO, ODILAINE MAE PASCUA",2016-10-29,Female,"Taleb","Bantay",2,2026-09-29T08:19:07.154074+00:00,KEEP (Primary)
EXACT_MATCH,EXACT-GRP-168,272078,"VICENCIO ODILAINE MAE PASCUA",2016-10-29,Female,"Taleb","Bantay",1,2026-08-06T08:16:46.25203+00:00,MERGE SERVICES TO PRIMARY
EXACT_MATCH,EXACT-GRP-168,315152,"Vicencio, Odilaine Mae Pascua",2016-10-29,Female,"Taleb","Bantay",1,2026-09-28T04:13:07.199842+00:00,MERGE SERVICES TO PRIMARY
EXACT_MATCH,EXACT-GRP-169,272084,"VICENCIO MARK JARED PACLEB",2020-04-26,Male,"Taleb","Bantay",1,2026-08-06T08:16:46.25203+00:00,KEEP (Primary)
EXACT_MATCH,EXACT-GRP-169,321288,"VICENCIO, MARK JARED PACLEB",2020-04-26,Male,"Taleb","Bantay",1,2026-09-29T08:19:07.154074+00:00,MERGE SERVICES TO PRIMARY
EXACT_MATCH,EXACT-GRP-170,272107,"VICENCIO MACKY BRUNO PACPACO",2016-05-11,Male,"Taleb","Bantay",1,2026-08-06T08:16:46.25203+00:00,KEEP (Primary)
EXACT_MATCH,EXACT-GRP-170,315145,"Vicencio, Macky Bruno Pacpaco",2016-05-11,Male,"Taleb","Bantay",1,2026-09-28T04:13:07.199842+00:00,MERGE SERVICES TO PRIMARY
EXACT_MATCH,EXACT-GRP-170,321332,"VICENCIO, MACKY BRUNO PACPACO",2016-05-11,Male,"Taleb","Bantay",1,2026-09-29T08:19:07.154074+00:00,MERGE SERVICES TO PRIMARY
EXACT_MATCH,EXACT-GRP-171,272108,"VICENCIO MARCO BRUNO PACPACO",2016-05-11,Male,"Taleb","Bantay",1,2026-08-06T08:16:46.25203+00:00,KEEP (Primary)
EXACT_MATCH,EXACT-GRP-171,315148,"Vicencio, Marco Bruno Pacpaco",2016-05-11,Male,"Taleb","Bantay",1,2026-09-28T04:13:07.199842+00:00,MERGE SERVICES TO PRIMARY
EXACT_MATCH,EXACT-GRP-171,321301,"VICENCIO, MARCO BRUNO PACPACO",2016-05-11,Male,"Taleb","Bantay",1,2026-09-29T08:19:07.154074+00:00,MERGE SERVICES TO PRIMARY
EXACT_MATCH,EXACT-GRP-172,272115,"VICENCIO MISCLES PADRE",1987-12-28,Female,"Taleb","Bantay",1,2026-08-06T08:16:46.25203+00:00,KEEP (Primary)
EXACT_MATCH,EXACT-GRP-172,321342,"VICENCIO, MISCLES PADRE",1987-12-28,Female,"Taleb","Bantay",1,2026-09-29T08:19:07.154074+00:00,MERGE SERVICES TO PRIMARY
EXACT_MATCH,EXACT-GRP-173,272147,"TABUSARES CARLITO TICA",1958-11-04,Male,"Taleb","Bantay",1,2026-08-06T08:16:46.25203+00:00,KEEP (Primary)
EXACT_MATCH,EXACT-GRP-173,315088,"Tabusares, Carlito Tica",1958-11-04,Male,"Taleb","Bantay",1,2026-09-28T04:13:07.199842+00:00,MERGE SERVICES TO PRIMARY
EXACT_MATCH,EXACT-GRP-174,272189,"ARDANIEL CHRISTIAN JACOB MADRIAGA",2018-05-19,Male,"Taleb","Bantay",1,2026-08-06T08:16:46.25203+00:00,KEEP (Primary)
EXACT_MATCH,EXACT-GRP-174,315138,"Ardaniel, Christian Jacob Madriaga",2018-05-19,Male,"Taleb","Bantay",1,2026-09-28T04:13:07.199842+00:00,MERGE SERVICES TO PRIMARY
EXACT_MATCH,EXACT-GRP-174,321293,"ARDANIEL, CHRISTIAN JACOB MADRIAGA",2018-05-19,Male,"Taleb","Bantay",1,2026-09-29T08:19:07.154074+00:00,MERGE SERVICES TO PRIMARY
EXACT_MATCH,EXACT-GRP-175,272225,"PULA SHAIRYLLE ALGARA",2015-03-17,Female,"Taleb","Bantay",1,2026-08-06T08:16:46.25203+00:00,KEEP (Primary)
EXACT_MATCH,EXACT-GRP-175,321329,"PULA, SHAIRYLLE ALGARA",2015-03-17,Female,"Taleb","Bantay",1,2026-09-29T08:19:07.154074+00:00,MERGE SERVICES TO PRIMARY
EXACT_MATCH,EXACT-GRP-176,320141,"Bañez, Drizzle Faith Bernal",2022-03-09,Female,"Banaoang","Bantay",3,2026-09-29T06:12:22.806498+00:00,KEEP (Primary)
EXACT_MATCH,EXACT-GRP-176,315055,"BANEZ, DRIZZLE FAITH BERNAL",2022-03-09,Female,"Banaoang","Bantay",1,2026-09-28T04:10:04.029075+00:00,MERGE SERVICES TO PRIMARY
EXACT_MATCH,EXACT-GRP-177,315139,"Vicencio, Scarlet Pakiding",2020-03-07,Female,"Taleb","Bantay",1,2026-09-28T04:13:07.199842+00:00,KEEP (Primary)
EXACT_MATCH,EXACT-GRP-177,321274,"VICENCIO, SCARLET PAKIDING",2020-03-07,Female,"Taleb","Bantay",1,2026-09-29T08:19:07.154074+00:00,MERGE SERVICES TO PRIMARY
EXACT_MATCH,EXACT-GRP-178,315141,"Aganus, Jaiden Obrero",2020-07-25,Male,"Taleb","Bantay",1,2026-09-28T04:13:07.199842+00:00,KEEP (Primary)
EXACT_MATCH,EXACT-GRP-178,321275,"AGANUS, JAIDEN OBRERO",2020-07-25,Male,"Taleb","Bantay",1,2026-09-29T08:19:07.154074+00:00,MERGE SERVICES TO PRIMARY
EXACT_MATCH,EXACT-GRP-179,315144,"Torreno, Mary Joy Piano",2016-12-10,Female,"Taleb","Bantay",1,2026-09-28T04:13:07.199842+00:00,KEEP (Primary)
EXACT_MATCH,EXACT-GRP-179,321294,"TORRENO, MARY JOY PIANO",2016-12-10,Female,"Taleb","Bantay",1,2026-09-29T08:19:07.154074+00:00,MERGE SERVICES TO PRIMARY
EXACT_MATCH,EXACT-GRP-180,315146,"Polintang, Justin Romin Obrero",2015-06-08,Male,"Taleb","Bantay",1,2026-09-28T04:13:07.199842+00:00,KEEP (Primary)
EXACT_MATCH,EXACT-GRP-180,321306,"POLINTANG, JUSTIN ROMIN OBRERO",2015-06-08,Male,"Taleb","Bantay",1,2026-09-29T08:19:07.154074+00:00,MERGE SERVICES TO PRIMARY
EXACT_MATCH,EXACT-GRP-181,315147,"Alvior, Aiyana Cortez",2016-08-26,Female,"Taleb","Bantay",1,2026-09-28T04:13:07.199842+00:00,KEEP (Primary)
EXACT_MATCH,EXACT-GRP-181,321295,"ALVIOR, AIYANA CORTEZ",2016-08-26,Female,"Taleb","Bantay",1,2026-09-29T08:19:07.154074+00:00,MERGE SERVICES TO PRIMARY
EXACT_MATCH,EXACT-GRP-182,315150,"Planta, Rheina Sophia Vicencio",2016-09-02,Female,"Taleb","Bantay",1,2026-09-28T04:13:07.199842+00:00,KEEP (Primary)
EXACT_MATCH,EXACT-GRP-182,321300,"PLANTA, RHEINA SOPHIA VICENCIO",2016-09-02,Female,"Taleb","Bantay",1,2026-09-29T08:19:07.154074+00:00,MERGE SERVICES TO PRIMARY
EXACT_MATCH,EXACT-GRP-183,321281,"PACO, JACE LUCAH FERNANDEZ",2020-12-14,Male,"Taleb","Bantay",2,2026-09-29T08:19:07.154074+00:00,KEEP (Primary)
EXACT_MATCH,EXACT-GRP-183,315163,"Paco, Jace Lucah Fernandez",2020-12-14,Male,"Taleb","Bantay",1,2026-09-28T04:13:07.199842+00:00,MERGE SERVICES TO PRIMARY
EXACT_MATCH,EXACT-GRP-184,321338,"PONCE PRINCE JEBOY ALONES",2015-08-02,Male,"Taleb","Bantay",1,2026-09-29T08:19:07.154074+00:00,KEEP (Primary)
EXACT_MATCH,EXACT-GRP-184,321340,"PONCE, PRINCE JEBOY ALONES",2015-08-02,Male,"Taleb","Bantay",1,2026-09-29T08:19:07.154074+00:00,MERGE SERVICES TO PRIMARY
FUZZY_VARIATION,FUZZY-GRP-1,180862,"PATRON,LESTER PADRON",2008-05-27,Male,"Lingsat","Bantay",0,2026-06-05T08:22:59.816636+00:00,REVIEW (Name variation with same DOB)
FUZZY_VARIATION,FUZZY-GRP-1,316157,"Padron, Lester Padron",2008-05-27,Male,"Lingsat","Bantay",0,2026-09-28T06:40:14.406423+00:00,REVIEW (Name variation with same DOB)
FUZZY_VARIATION,FUZZY-GRP-2,62033,"LUBBUI, JENNYLOU TOCETES",1996-09-22,Female,"Paing","Bantay",0,2026-04-03T07:05:10.909033+00:00,REVIEW (Name variation with same DOB)
FUZZY_VARIATION,FUZZY-GRP-2,80880,"Lubbui, Jenny Lou Rocetes",1996-09-22,Female,"Paing","Bantay",0,2026-05-04T07:12:18.51529+00:00,REVIEW (Name variation with same DOB)
FUZZY_VARIATION,FUZZY-GRP-3,42714,"Ramos, Precious Kiara Calayeg",2017-08-16,Male,"Sagpat","Bantay",0,2026-03-30T05:42:26.071521+00:00,REVIEW (Name variation with same DOB)
FUZZY_VARIATION,FUZZY-GRP-3,130368,"RAMOS, PRECIOUS KAIRA CALAYEG",2017-08-16,Female,"Sagpat","Bantay",0,2026-05-22T08:35:47.698278+00:00,REVIEW (Name variation with same DOB)
FUZZY_VARIATION,FUZZY-GRP-4,272072,"MABALOT FRANCHESCA SAMANTHA PAA",2020-07-29,Female,"Taleb","Bantay",0,2026-08-06T08:16:46.25203+00:00,REVIEW (Name variation with same DOB)
FUZZY_VARIATION,FUZZY-GRP-4,315084,"Mabalot, Franchescka Samantha Paa",2020-07-29,Female,"Taleb","Bantay",0,2026-09-28T04:13:07.199842+00:00,REVIEW (Name variation with same DOB)
FUZZY_VARIATION,FUZZY-GRP-5,159384,"Rojo, Kissell Arcaina",2006-08-15,Female,"Naguiddayan","Bantay",0,2026-05-31T09:18:56.14513+00:00,REVIEW (Name variation with same DOB)
FUZZY_VARIATION,FUZZY-GRP-5,182652,"Rojo, Rissel Arcaina",2006-08-15,Female,"Paing","Bantay",0,2026-06-06T06:10:29.698943+00:00,REVIEW (Name variation with same DOB)
FUZZY_VARIATION,FUZZY-GRP-6,11665,"Peruna, Madonna Raboy",2004-09-10,Female,"Cabalanggan","Bantay",0,2026-03-23T07:06:15.393767+00:00,REVIEW (Name variation with same DOB)
FUZZY_VARIATION,FUZZY-GRP-6,151445,"Peruna Madona Raboy",2004-09-10,Female,"Cabalanggan","Bantay",0,2026-05-29T01:23:42.778285+00:00,REVIEW (Name variation with same DOB)
FUZZY_VARIATION,FUZZY-GRP-7,11666,"Dapunan, Meray Dayap",1984-03-10,Female,"Cabalanggan","Bantay",0,2026-03-23T07:06:15.393767+00:00,REVIEW (Name variation with same DOB)
FUZZY_VARIATION,FUZZY-GRP-7,11784,"Dapunan, Mercy Dayap",1984-03-10,Female,"Cabalanggan","Bantay",1,2026-03-23T07:06:15.393767+00:00,REVIEW (Name variation with same DOB)
FUZZY_VARIATION,FUZZY-GRP-8,11666,"Dapunan, Meray Dayap",1984-03-10,Female,"Cabalanggan","Bantay",0,2026-03-23T07:06:15.393767+00:00,REVIEW (Name variation with same DOB)
FUZZY_VARIATION,FUZZY-GRP-8,151433,"Dapunan Mercy Dayap",1984-03-10,Female,"Cabalanggan","Bantay",1,2026-05-29T01:23:42.778285+00:00,REVIEW (Name variation with same DOB)
FUZZY_VARIATION,FUZZY-GRP-9,11678,"Buenavista, Charity Dionne Peruna",2007-05-22,Female,"Cabalanggan","Bantay",0,2026-03-23T07:06:15.393767+00:00,REVIEW (Name variation with same DOB)
FUZZY_VARIATION,FUZZY-GRP-9,151414,"Buenavista Charity Dion Peruna",2007-05-22,Female,"Cabalanggan","Bantay",0,2026-05-29T01:23:42.778285+00:00,REVIEW (Name variation with same DOB)
FUZZY_VARIATION,FUZZY-GRP-10,11731,"Buenavista, Rolando Salazar",1978-10-25,Male,"Cabalanggan","Bantay",5,2026-03-23T07:06:15.393767+00:00,REVIEW (Name variation with same DOB)
FUZZY_VARIATION,FUZZY-GRP-10,151624,"Buenavista Rolanda Salazar",1978-10-25,Male,"Cabalanggan","Bantay",0,2026-05-29T01:23:42.778285+00:00,REVIEW (Name variation with same DOB)
FUZZY_VARIATION,FUZZY-GRP-11,151412,"Buenavista Rolando Salazar",1978-10-25,Male,"Cabalanggan","Bantay",1,2026-05-29T01:23:42.778285+00:00,REVIEW (Name variation with same DOB)
FUZZY_VARIATION,FUZZY-GRP-11,151624,"Buenavista Rolanda Salazar",1978-10-25,Male,"Cabalanggan","Bantay",0,2026-05-29T01:23:42.778285+00:00,REVIEW (Name variation with same DOB)
FUZZY_VARIATION,FUZZY-GRP-12,11737,"Bautista, Victorico Buatista",1969-02-24,Male,"Cabalanggan","Bantay",0,2026-03-23T07:06:15.393767+00:00,REVIEW (Name variation with same DOB)
FUZZY_VARIATION,FUZZY-GRP-12,151498,"Bautista Victorico Bautista",1969-02-24,Male,"Cabalanggan","Bantay",0,2026-05-29T01:23:42.778285+00:00,REVIEW (Name variation with same DOB)
FUZZY_VARIATION,FUZZY-GRP-13,11738,"Pinto, Feliza Peruna",1967-09-20,Female,"Cabalanggan","Bantay",0,2026-03-23T07:06:15.393767+00:00,REVIEW (Name variation with same DOB)
FUZZY_VARIATION,FUZZY-GRP-13,151461,"Pinto  Felisa Peruna",1967-09-20,Female,"Cabalanggan","Bantay",0,2026-05-29T01:23:42.778285+00:00,REVIEW (Name variation with same DOB)
FUZZY_VARIATION,FUZZY-GRP-14,11820,"Pisquel, Florence Laurente",1993-06-20,Female,"Cabalanggan","Bantay",0,2026-03-23T07:06:15.393767+00:00,REVIEW (Name variation with same DOB)
FUZZY_VARIATION,FUZZY-GRP-14,151473,"Pisquel Florencia Laurente",1993-06-20,Female,"Cabalanggan","Bantay",0,2026-05-29T01:23:42.778285+00:00,REVIEW (Name variation with same DOB)
FUZZY_VARIATION,FUZZY-GRP-15,11857,"Petate, Evangelina Pinzon",1962-09-17,Female,"Cabalanggan","Bantay",0,2026-03-23T07:06:15.393767+00:00,REVIEW (Name variation with same DOB)
FUZZY_VARIATION,FUZZY-GRP-15,151428,"Petate Evangeline Pinzon",1962-09-17,Female,"Cabalanggan","Bantay",0,2026-05-29T01:23:42.778285+00:00,REVIEW (Name variation with same DOB)
FUZZY_VARIATION,FUZZY-GRP-16,11858,"Carino, Leonila Nunez",1965-02-04,Female,"Cabalanggan","Bantay",0,2026-03-23T07:06:15.393767+00:00,REVIEW (Name variation with same DOB)
FUZZY_VARIATION,FUZZY-GRP-16,151484,"Carino Leonida Nunez",1965-02-04,Female,"Cabalanggan","Bantay",0,2026-05-29T01:23:42.778285+00:00,REVIEW (Name variation with same DOB)
FUZZY_VARIATION,FUZZY-GRP-17,11870,"Quelnan, Charmaine Pelayo",2012-04-24,Female,"Cabalanggan","Bantay",0,2026-03-23T07:06:15.393767+00:00,REVIEW (Name variation with same DOB)
FUZZY_VARIATION,FUZZY-GRP-17,151546,"Quelnan Charmain Pelayo",2012-04-24,Female,"Cabalanggan","Bantay",0,2026-05-29T01:23:42.778285+00:00,REVIEW (Name variation with same DOB)
FUZZY_VARIATION,FUZZY-GRP-18,11882,"Pardo, John Michael Pescador",2019-10-27,Male,"Cabalanggan","Bantay",0,2026-03-23T07:06:15.393767+00:00,REVIEW (Name variation with same DOB)
FUZZY_VARIATION,FUZZY-GRP-18,151453,"Pardo Jhon Michael Pescador",2019-10-27,Male,"Cabalanggan","Bantay",0,2026-05-29T01:23:42.778285+00:00,REVIEW (Name variation with same DOB)
FUZZY_VARIATION,FUZZY-GRP-19,11892,"Arce, Ashley Borgonio",1965-04-12,Female,"Cabalanggan","Bantay",0,2026-03-23T07:06:15.393767+00:00,REVIEW (Name variation with same DOB)
FUZZY_VARIATION,FUZZY-GRP-19,151527,"Arce Ashley Burgonid",1965-04-12,Male,"Cabalanggan","Bantay",0,2026-05-29T01:23:42.778285+00:00,REVIEW (Name variation with same DOB)
FUZZY_VARIATION,FUZZY-GRP-20,11892,"Arce, Ashley Borgonio",1965-04-12,Female,"Cabalanggan","Bantay",0,2026-03-23T07:06:15.393767+00:00,REVIEW (Name variation with same DOB)
FUZZY_VARIATION,FUZZY-GRP-20,151620,"Arce Ashley Burgonio",1965-04-12,Female,"Cabalanggan","Bantay",0,2026-05-29T01:23:42.778285+00:00,REVIEW (Name variation with same DOB)
FUZZY_VARIATION,FUZZY-GRP-21,151527,"Arce Ashley Burgonid",1965-04-12,Male,"Cabalanggan","Bantay",0,2026-05-29T01:23:42.778285+00:00,REVIEW (Name variation with same DOB)
FUZZY_VARIATION,FUZZY-GRP-21,151620,"Arce Ashley Burgonio",1965-04-12,Female,"Cabalanggan","Bantay",0,2026-05-29T01:23:42.778285+00:00,REVIEW (Name variation with same DOB)
FUZZY_VARIATION,FUZZY-GRP-22,11894,"Peruna, Constantino Azada",1956-03-11,Male,"Cabalanggan","Bantay",0,2026-03-23T07:06:15.393767+00:00,REVIEW (Name variation with same DOB)
FUZZY_VARIATION,FUZZY-GRP-22,151439,"Peruna Constantino Azado",1956-03-11,Male,"Cabalanggan","Bantay",0,2026-05-29T01:23:42.778285+00:00,REVIEW (Name variation with same DOB)
FUZZY_VARIATION,FUZZY-GRP-23,181050,"Paino Jay-Jomar Donato",2005-04-21,Male,"Lingsat","Bantay",0,2026-06-05T08:22:59.816636+00:00,REVIEW (Name variation with same DOB)
FUZZY_VARIATION,FUZZY-GRP-23,316113,"Piano, Jay Jomar Donato",2005-04-21,Male,"Lingsat","Bantay",0,2026-09-28T06:40:14.406423+00:00,REVIEW (Name variation with same DOB)
FUZZY_VARIATION,FUZZY-GRP-24,35890,"Vidad, Jexel Matthew Mercurio",2016-03-27,Male,"Buquig","Bantay",0,2026-03-27T08:42:48.552645+00:00,REVIEW (Name variation with same DOB)
FUZZY_VARIATION,FUZZY-GRP-24,183251,"VIDAD JEXEL  MATHEW MERCURIO",2016-03-27,Male,"Buquig","Bantay",0,2026-06-06T07:40:56.748824+00:00,REVIEW (Name variation with same DOB)
FUZZY_VARIATION,FUZZY-GRP-25,35917,"Poca, Jonika Jenice Artates",2019-09-16,Female,"Buquig","Bantay",0,2026-03-27T08:42:48.552645+00:00,REVIEW (Name variation with same DOB)
FUZZY_VARIATION,FUZZY-GRP-25,132885,"Poca, Jonika Janice Artates",2019-09-16,Female,"Buquig","Bantay",0,2026-05-23T07:33:49.143134+00:00,REVIEW (Name variation with same DOB)
FUZZY_VARIATION,FUZZY-GRP-26,35947,"Pablico, Adriana Krisha Comilang",2016-09-18,Female,"Buquig","Bantay",0,2026-03-27T08:42:48.552645+00:00,REVIEW (Name variation with same DOB)
FUZZY_VARIATION,FUZZY-GRP-26,132843,"Pablico, Adrianna Krisha Comilang",2016-09-18,Female,"Buquig","Bantay",0,2026-05-23T07:33:49.143134+00:00,REVIEW (Name variation with same DOB)
FUZZY_VARIATION,FUZZY-GRP-27,35949,"Baay, Erice Justine Piano",2003-03-11,Male,"Buquig","Bantay",0,2026-03-27T08:42:48.552645+00:00,REVIEW (Name variation with same DOB)
FUZZY_VARIATION,FUZZY-GRP-27,183121,"BAAY ERICK JUSTINE PIANO",2003-03-11,Male,"Buquig","Bantay",0,2026-06-06T07:15:51.04093+00:00,REVIEW (Name variation with same DOB)
FUZZY_VARIATION,FUZZY-GRP-28,35977,"Mercurio, Rosarita Regpala",1965-10-03,Female,"Buquig","Bantay",0,2026-03-27T08:42:48.552645+00:00,REVIEW (Name variation with same DOB)
FUZZY_VARIATION,FUZZY-GRP-28,107696,"Mercurio, Rosita Regpala",1965-10-03,Female,"Buquig","Bantay",1,2026-05-14T08:01:00.116292+00:00,REVIEW (Name variation with same DOB)
FUZZY_VARIATION,FUZZY-GRP-29,35977,"Mercurio, Rosarita Regpala",1965-10-03,Female,"Buquig","Bantay",0,2026-03-27T08:42:48.552645+00:00,REVIEW (Name variation with same DOB)
FUZZY_VARIATION,FUZZY-GRP-29,183239,"MERCURIO ROSITA REGPALA",1965-10-03,Female,"Buquig","Bantay",1,2026-06-06T07:40:56.748824+00:00,REVIEW (Name variation with same DOB)
FUZZY_VARIATION,FUZZY-GRP-30,35980,"Ragon, Angel Vanice Bulda",2004-09-30,Female,"Buquig","Bantay",0,2026-03-27T08:42:48.552645+00:00,REVIEW (Name variation with same DOB)
FUZZY_VARIATION,FUZZY-GRP-30,183319,"RAGON ANGEL VENICE BULDA",2004-09-30,Female,"Buquig","Bantay",0,2026-06-06T07:40:56.748824+00:00,REVIEW (Name variation with same DOB)
FUZZY_VARIATION,FUZZY-GRP-31,35984,"Pardo, Josephine Vista",1962-01-16,Female,"Buquig","Bantay",0,2026-03-27T08:42:48.552645+00:00,REVIEW (Name variation with same DOB)
FUZZY_VARIATION,FUZZY-GRP-31,122319,"PARDO, JOSEPHINE VISTE",1962-01-16,Female,"Capangdanan","Bantay",0,2026-05-21T06:16:12.191742+00:00,REVIEW (Name variation with same DOB)
FUZZY_VARIATION,FUZZY-GRP-32,35988,"Pablico, John Villamar",1992-11-21,Male,"Buquig","Bantay",0,2026-03-27T08:42:48.552645+00:00,REVIEW (Name variation with same DOB)
FUZZY_VARIATION,FUZZY-GRP-32,182806,"Pablico, John Viillamar",1992-11-21,Male,"Paing","Bantay",0,2026-06-06T06:10:29.698943+00:00,REVIEW (Name variation with same DOB)
FUZZY_VARIATION,FUZZY-GRP-33,36001,"De Peralta, Rain Heart Jandoc",2008-07-13,Female,"Buquig","Bantay",0,2026-03-27T08:42:48.552645+00:00,REVIEW (Name variation with same DOB)
FUZZY_VARIATION,FUZZY-GRP-33,107704,"De Peralta, Rain Heart Jadoc",2008-07-13,Female,"Buquig","Bantay",1,2026-05-14T08:01:00.116292+00:00,REVIEW (Name variation with same DOB)
FUZZY_VARIATION,FUZZY-GRP-34,36001,"De Peralta, Rain Heart Jandoc",2008-07-13,Female,"Buquig","Bantay",0,2026-03-27T08:42:48.552645+00:00,REVIEW (Name variation with same DOB)
FUZZY_VARIATION,FUZZY-GRP-34,183247,"DE PERALTA RAIN HEART JADOC",2008-07-13,Female,"Buquig","Bantay",1,2026-06-06T07:40:56.748824+00:00,REVIEW (Name variation with same DOB)
FUZZY_VARIATION,FUZZY-GRP-35,36034,"Casabar, John Rae Marinas",2015-10-26,Male,"Buquig","Bantay",0,2026-03-27T08:42:48.552645+00:00,REVIEW (Name variation with same DOB)
FUZZY_VARIATION,FUZZY-GRP-35,132862,"Casabar, John Rei Marinas",2015-10-26,Male,"Buquig","Bantay",0,2026-05-23T07:33:49.143134+00:00,REVIEW (Name variation with same DOB)
FUZZY_VARIATION,FUZZY-GRP-36,36040,"Poca, Jonna Mae Quimlao",2014-08-16,Female,"Buquig","Bantay",0,2026-03-27T08:42:48.552645+00:00,REVIEW (Name variation with same DOB)
FUZZY_VARIATION,FUZZY-GRP-36,132864,"Poca, Joanna Mae Quimlao",2014-08-16,Female,"Buquig","Bantay",0,2026-05-23T07:33:49.143134+00:00,REVIEW (Name variation with same DOB)
FUZZY_VARIATION,FUZZY-GRP-37,36050,"Del Castillo, Jaime Alabaso",1961-08-24,Male,"Buquig","Bantay",1,2026-03-27T08:42:48.552645+00:00,REVIEW (Name variation with same DOB)
FUZZY_VARIATION,FUZZY-GRP-37,107736,"Del Castiilo, Jaime Alabaso",1961-08-24,Male,"Buquig","Bantay",0,2026-05-14T08:01:00.116292+00:00,REVIEW (Name variation with same DOB)
FUZZY_VARIATION,FUZZY-GRP-38,107736,"Del Castiilo, Jaime Alabaso",1961-08-24,Male,"Buquig","Bantay",0,2026-05-14T08:01:00.116292+00:00,REVIEW (Name variation with same DOB)
FUZZY_VARIATION,FUZZY-GRP-38,183264,"DEL CASTILLO JAIME ALABASO",1961-08-24,Male,"Buquig","Bantay",1,2026-06-06T07:40:56.748824+00:00,REVIEW (Name variation with same DOB)
FUZZY_VARIATION,FUZZY-GRP-39,42548,"Tabangcura, Elmira Anne Quitero",2022-03-27,Male,"Sagpat","Bantay",0,2026-03-30T05:42:26.071521+00:00,REVIEW (Name variation with same DOB)
FUZZY_VARIATION,FUZZY-GRP-39,178749,"TABANGCURA, ELMIRA ANNE QUINTERO",2022-03-27,Female,"Sagpat","Bantay",0,2026-06-05T06:20:06.313501+00:00,REVIEW (Name variation with same DOB)
FUZZY_VARIATION,FUZZY-GRP-40,42571,"Pilot, Drinz Cailer Ullero",2025-06-19,Female,"Sagpat","Bantay",0,2026-03-30T05:42:26.071521+00:00,REVIEW (Name variation with same DOB)
FUZZY_VARIATION,FUZZY-GRP-40,275193,"PILOT, BRINZ CAILER ULLERO",2025-06-19,Male,"Sagpat","Bantay",0,2026-08-14T02:28:20.623698+00:00,REVIEW (Name variation with same DOB)
FUZZY_VARIATION,FUZZY-GRP-41,42612,"Pilot, Michael Valorozo",1998-01-13,Female,"Sagpat","Bantay",0,2026-03-30T05:42:26.071521+00:00,REVIEW (Name variation with same DOB)
FUZZY_VARIATION,FUZZY-GRP-41,313584,"PILOT, MICHAEL VALOROSO",1998-01-13,Male,"Sagpat","Bantay",0,2026-09-28T01:57:52.110066+00:00,REVIEW (Name variation with same DOB)
FUZZY_VARIATION,FUZZY-GRP-42,42634,"Quintero, Telesforo Simon",1956-01-05,Female,"Sagpat","Bantay",0,2026-03-30T05:42:26.071521+00:00,REVIEW (Name variation with same DOB)
FUZZY_VARIATION,FUZZY-GRP-42,178714,"QUINTERO, TELESPORO SIMON",1956-01-05,Male,"Sagpat","Bantay",0,2026-06-05T06:20:06.313501+00:00,REVIEW (Name variation with same DOB)
FUZZY_VARIATION,FUZZY-GRP-43,42668,"Quintero, Anita Pudoc",1945-06-06,Male,"Sagpat","Bantay",0,2026-03-30T05:42:26.071521+00:00,REVIEW (Name variation with same DOB)
FUZZY_VARIATION,FUZZY-GRP-43,313784,"QUINTERO, ANITA PUDOT",1945-06-06,Female,"Sagpat","Bantay",0,2026-09-28T01:57:52.110066+00:00,REVIEW (Name variation with same DOB)
FUZZY_VARIATION,FUZZY-GRP-44,44593,"Rapin, Maura Tique",1961-05-03,Female,"Lingsat","Bantay",0,2026-03-30T09:15:34.075268+00:00,REVIEW (Name variation with same DOB)
FUZZY_VARIATION,FUZZY-GRP-44,336499,"Rapin, Maura Tiqui",1961-05-03,Female,"Lingsat","Bantay",0,2026-10-03T03:47:00.293674+00:00,REVIEW (Name variation with same DOB)
FUZZY_VARIATION,FUZZY-GRP-45,44668,"Agsalog, Keisha Xyrille Tacad",2021-09-29,Female,"Lingsat","Bantay",0,2026-03-30T09:15:34.075268+00:00,REVIEW (Name variation with same DOB)
FUZZY_VARIATION,FUZZY-GRP-45,315173,"Agsalog, Keisha Xyrielle Tacad",2021-09-29,Female,"Lingsat","Bantay",0,2026-09-28T04:16:53.330132+00:00,REVIEW (Name variation with same DOB)
FUZZY_VARIATION,FUZZY-GRP-46,44727,"Tipon, Eilene Elago",1982-04-02,Female,"Lingsat","Bantay",0,2026-03-30T09:15:34.075268+00:00,REVIEW (Name variation with same DOB)
FUZZY_VARIATION,FUZZY-GRP-46,336551,"Tipon, Eileen Elago",1982-04-02,Male,"Lingsat","Bantay",0,2026-10-03T05:22:01.457571+00:00,REVIEW (Name variation with same DOB)
FUZZY_VARIATION,FUZZY-GRP-47,44762,"Velasco, Aidan Gabriel Jaramilla",2024-05-23,Male,"Lingsat","Bantay",0,2026-03-30T09:15:34.075268+00:00,REVIEW (Name variation with same DOB)
FUZZY_VARIATION,FUZZY-GRP-47,315221,"Velasco, Aidan Gabriel Jaranilla",2024-05-23,Male,"Lingsat","Bantay",0,2026-09-28T04:16:53.330132+00:00,REVIEW (Name variation with same DOB)
FUZZY_VARIATION,FUZZY-GRP-48,44768,"Padron, Nathan Perinon",2025-11-26,Male,"Lingsat","Bantay",0,2026-03-30T09:15:34.075268+00:00,REVIEW (Name variation with same DOB)
FUZZY_VARIATION,FUZZY-GRP-48,315195,"Padron, Nathan Perinion",2025-11-26,Male,"Lingsat","Bantay",0,2026-09-28T04:16:53.330132+00:00,REVIEW (Name variation with same DOB)
FUZZY_VARIATION,FUZZY-GRP-49,44778,"Padron, Erika Apostol",2013-08-23,Female,"Lingsat","Bantay",0,2026-03-30T09:15:34.075268+00:00,REVIEW (Name variation with same DOB)
FUZZY_VARIATION,FUZZY-GRP-49,154416,"Padron, Ericca Apostol",2013-08-23,Female,"Lingsat","Bantay",0,2026-05-29T07:18:46.61293+00:00,REVIEW (Name variation with same DOB)
FUZZY_VARIATION,FUZZY-GRP-50,44780,"Padron, Emetrio Donato",1952-02-08,Male,"Lingsat","Bantay",0,2026-03-30T09:15:34.075268+00:00,REVIEW (Name variation with same DOB)
FUZZY_VARIATION,FUZZY-GRP-50,336532,"Padron, Emeterio Donato",1952-02-08,Male,"Lingsat","Bantay",0,2026-10-03T04:08:31.943028+00:00,REVIEW (Name variation with same DOB)
FUZZY_VARIATION,FUZZY-GRP-51,54750,"Feliciano, Rush Yeshua Paranada",2015-10-05,Female,"Taleb","Bantay",0,2026-04-01T00:51:53.348944+00:00,REVIEW (Name variation with same DOB)
FUZZY_VARIATION,FUZZY-GRP-51,108014,"FELICIANIO, RUSH YESHUA PARANADA",2015-10-05,Male,"Taleb","Bantay",0,2026-05-14T08:25:18.146757+00:00,REVIEW (Name variation with same DOB)
FUZZY_VARIATION,FUZZY-GRP-52,315140,"Domenden, Zemirah Brielle De La Cruz",2017-12-24,Female,"Taleb","Bantay",0,2026-09-28T04:13:07.199842+00:00,REVIEW (Name variation with same DOB)
FUZZY_VARIATION,FUZZY-GRP-52,321327,"DOMENDEN, ZEMIRAH BRIELLE DELA CRUZ",2017-12-24,Female,"Taleb","Bantay",0,2026-09-29T08:19:07.154074+00:00,REVIEW (Name variation with same DOB)
FUZZY_VARIATION,FUZZY-GRP-53,54957,"Zenica, Gina Vizarra",1999-12-22,Female,"Taleb","Bantay",0,2026-04-01T00:51:53.348944+00:00,REVIEW (Name variation with same DOB)
FUZZY_VARIATION,FUZZY-GRP-53,315134,"Senica, Gina Vizarra",1999-12-22,Female,"Taleb","Bantay",0,2026-09-28T04:13:07.199842+00:00,REVIEW (Name variation with same DOB)
FUZZY_VARIATION,FUZZY-GRP-54,55007,"Rapisura, Gregorio Ramirez",1966-11-08,Male,"Taleb","Bantay",0,2026-04-01T00:51:53.348944+00:00,REVIEW (Name variation with same DOB)
FUZZY_VARIATION,FUZZY-GRP-54,336561,"Rapisura, Gregory Ramirez",1966-11-08,Male,"Taleb","Bantay",0,2026-10-03T06:43:54.467551+00:00,REVIEW (Name variation with same DOB)
FUZZY_VARIATION,FUZZY-GRP-55,55010,"Peru, John Jervin Camello",2012-02-02,Male,"Taleb","Bantay",0,2026-04-01T00:51:53.348944+00:00,REVIEW (Name variation with same DOB)
FUZZY_VARIATION,FUZZY-GRP-55,159390,"Peru, John Jervin Carmelo",2012-02-02,Male,"Naguiddayan","Bantay",0,2026-05-31T09:18:56.14513+00:00,REVIEW (Name variation with same DOB)
FUZZY_VARIATION,FUZZY-GRP-56,55027,"Ponce, Atarah Gail Abaco",2024-09-28,Female,"Taleb","Bantay",0,2026-04-01T00:51:53.348944+00:00,REVIEW (Name variation with same DOB)
FUZZY_VARIATION,FUZZY-GRP-56,272313,"PONCE, ATARAH GAL ABACO",2024-09-28,Female,"Taleb","Bantay",0,2026-08-06T08:16:46.25203+00:00,REVIEW (Name variation with same DOB)
FUZZY_VARIATION,FUZZY-GRP-57,55055,"Palacay, Daniel Jhon Paa",2020-08-17,Male,"Taleb","Bantay",0,2026-04-01T00:51:53.348944+00:00,REVIEW (Name variation with same DOB)
FUZZY_VARIATION,FUZZY-GRP-57,272263,"PALACAY DANIEL JOHN PAA",2020-08-17,Male,"Taleb","Bantay",0,2026-08-06T08:16:46.25203+00:00,REVIEW (Name variation with same DOB)
FUZZY_VARIATION,FUZZY-GRP-58,55083,"Reveche, Christ Tony Cortez",1990-08-21,Male,"Taleb","Bantay",0,2026-04-01T00:51:53.348944+00:00,REVIEW (Name variation with same DOB)
FUZZY_VARIATION,FUZZY-GRP-58,181658,"REVECHE CHRISTONY CORTEZ",1990-08-21,Male,"Taleb","Bantay",0,2026-06-05T09:25:53.888583+00:00,REVIEW (Name variation with same DOB)
FUZZY_VARIATION,FUZZY-GRP-59,55083,"Reveche, Christ Tony Cortez",1990-08-21,Male,"Taleb","Bantay",0,2026-04-01T00:51:53.348944+00:00,REVIEW (Name variation with same DOB)
FUZZY_VARIATION,FUZZY-GRP-59,259591,"Reveche, Chirst Tony Cortez",1990-08-21,Male,"Taleb","Bantay",0,2026-07-26T09:06:44.570467+00:00,REVIEW (Name variation with same DOB)
FUZZY_VARIATION,FUZZY-GRP-60,65040,"Padron, Samantha Coleen Marquez",2011-09-01,Female,"Ora","Bantay",0,2026-04-13T08:03:26.952837+00:00,REVIEW (Name variation with same DOB)
FUZZY_VARIATION,FUZZY-GRP-60,125065,"Padron, Samantha Coolen Marquez",2011-09-01,Female,"Ora","Bantay",0,2026-05-21T08:13:14.959247+00:00,REVIEW (Name variation with same DOB)
FUZZY_VARIATION,FUZZY-GRP-61,65097,"Somera, Jhon Kenneth Patao",2008-06-23,Male,"Ora","Bantay",0,2026-04-13T08:03:26.952837+00:00,REVIEW (Name variation with same DOB)
FUZZY_VARIATION,FUZZY-GRP-61,124991,"Somera, John Kenneth Patao",2008-06-23,Male,"Ora","Bantay",0,2026-05-21T08:13:14.959247+00:00,REVIEW (Name variation with same DOB)
FUZZY_VARIATION,FUZZY-GRP-62,72215,"YADAO, CAMREN",2025-04-16,Female,"Ora","Bantay",0,2026-04-22T07:36:06.292362+00:00,REVIEW (Name variation with same DOB)
FUZZY_VARIATION,FUZZY-GRP-62,125280,"Yadao, Carmen",2025-04-16,Female,"Ora","Bantay",0,2026-05-21T08:13:14.959247+00:00,REVIEW (Name variation with same DOB)
FUZZY_VARIATION,FUZZY-GRP-63,75172,"Pugal, Marino Caceres",1965-09-10,Male,"Capangdanan","Bantay",0,2026-04-27T07:05:45.289275+00:00,REVIEW (Name variation with same DOB)
FUZZY_VARIATION,FUZZY-GRP-63,212967,"Pugal, Mariño Caseres",1965-09-10,Male,"Capangdanan","Bantay",0,2026-06-21T11:05:04.666108+00:00,REVIEW (Name variation with same DOB)
FUZZY_VARIATION,FUZZY-GRP-64,75206,"Rocili, Mari Cris Peru",1987-01-16,Female,"Capangdanan","Bantay",0,2026-04-27T07:05:45.289275+00:00,REVIEW (Name variation with same DOB)
FUZZY_VARIATION,FUZZY-GRP-64,122290,"ROCILI, MARICRIS PERU",1987-01-16,Female,"Capangdanan","Bantay",0,2026-05-21T06:16:12.191742+00:00,REVIEW (Name variation with same DOB)
FUZZY_VARIATION,FUZZY-GRP-65,75217,"Tabigni, Joedy Paitta",1973-07-20,Female,"Capangdanan","Bantay",0,2026-04-27T07:05:45.289275+00:00,REVIEW (Name variation with same DOB)
FUZZY_VARIATION,FUZZY-GRP-65,158872,"TABIGNI, JOEDY PAITA",1973-07-20,Male,"Capangdanan","Bantay",0,2026-05-31T09:06:31.499454+00:00,REVIEW (Name variation with same DOB)
FUZZY_VARIATION,FUZZY-GRP-66,75219,"Paz, Monaliza Arcano",1977-04-28,Female,"Capangdanan","Bantay",0,2026-04-27T07:05:45.289275+00:00,REVIEW (Name variation with same DOB)
FUZZY_VARIATION,FUZZY-GRP-66,159019,"PAZ, MONA LIZA ARCANO",1977-04-28,Female,"Capangdanan","Bantay",0,2026-05-31T09:06:31.499454+00:00,REVIEW (Name variation with same DOB)
FUZZY_VARIATION,FUZZY-GRP-67,75270,"Gaoat, Rhiana Lea Ann Paz",2009-01-23,Female,"Capangdanan","Bantay",0,2026-04-27T07:05:45.289275+00:00,REVIEW (Name variation with same DOB)
FUZZY_VARIATION,FUZZY-GRP-67,122414,"GAOAT, RHIANA LEANN PAZ",2009-01-23,Female,"Capangdanan","Bantay",0,2026-05-21T06:16:12.191742+00:00,REVIEW (Name variation with same DOB)
FUZZY_VARIATION,FUZZY-GRP-68,75275,"Del Castillo, Kailer Adiel De Los Santos",2021-03-28,Male,"Capangdanan","Bantay",0,2026-04-27T07:05:45.289275+00:00,REVIEW (Name variation with same DOB)
FUZZY_VARIATION,FUZZY-GRP-68,122425,"DEL CASTILLO, KAILER ADIEL DELOS SANTOS",2021-03-28,Male,"Capangdanan","Bantay",0,2026-05-21T06:16:12.191742+00:00,REVIEW (Name variation with same DOB)
FUZZY_VARIATION,FUZZY-GRP-69,75292,"Lope, Ezekiel Noah",2025-04-14,Male,"Capangdanan","Bantay",0,2026-04-27T07:05:45.289275+00:00,REVIEW (Name variation with same DOB)
FUZZY_VARIATION,FUZZY-GRP-69,253070,"Lopez, Ezekiel Noah",2025-04-14,Male,"Capangdanan","Bantay",0,2026-07-21T06:22:05.346402+00:00,REVIEW (Name variation with same DOB)
FUZZY_VARIATION,FUZZY-GRP-70,181167,"Luangco Primo Jhann Rafin",2021-09-15,Male,"Lingsat","Bantay",0,2026-06-05T08:22:59.816636+00:00,REVIEW (Name variation with same DOB)
FUZZY_VARIATION,FUZZY-GRP-70,315190,"Luangco, Primo Jhann Rapin",2021-09-15,Male,"Lingsat","Bantay",0,2026-09-28T04:16:53.330132+00:00,REVIEW (Name variation with same DOB)
FUZZY_VARIATION,FUZZY-GRP-71,75377,"Gazmen, Jan Jerome Dacer",2019-10-03,Male,"Naguiddayan","Bantay",0,2026-04-27T07:38:21.000365+00:00,REVIEW (Name variation with same DOB)
FUZZY_VARIATION,FUZZY-GRP-71,159188,"Gazmen, John Jerome Dacer",2019-10-03,Male,"Naguiddayan","Bantay",0,2026-05-31T09:18:56.14513+00:00,REVIEW (Name variation with same DOB)
FUZZY_VARIATION,FUZZY-GRP-72,180820,"MADRIAGA, RIO VINCENT BOLOGNAPO",2025-01-02,Male,"Lingsat","Bantay",0,2026-06-05T08:22:59.816636+00:00,REVIEW (Name variation with same DOB)
FUZZY_VARIATION,FUZZY-GRP-72,315192,"Madriaga, Rio Vincent Balognapo",2025-01-02,Male,"Lingsat","Bantay",0,2026-09-28T04:16:53.330132+00:00,REVIEW (Name variation with same DOB)
FUZZY_VARIATION,FUZZY-GRP-73,80707,"Tabuno, Nory Jane Esteban",1980-11-24,Female,"Paing","Bantay",0,2026-05-04T07:12:18.51529+00:00,REVIEW (Name variation with same DOB)
FUZZY_VARIATION,FUZZY-GRP-73,153073,"Tabuno, Nari Jane Esteban",1980-11-24,Female,"Paing","Bantay",0,2026-05-29T05:58:22.676369+00:00,REVIEW (Name variation with same DOB)
FUZZY_VARIATION,FUZZY-GRP-74,80713,"Domingo, Cris Paul Anicoche",2019-02-22,Male,"Paing","Bantay",0,2026-05-04T07:12:18.51529+00:00,REVIEW (Name variation with same DOB)
FUZZY_VARIATION,FUZZY-GRP-74,182860,"Domingo, Crispaul Anicoche",2019-02-22,Male,"Paing","Bantay",0,2026-06-06T06:10:29.698943+00:00,REVIEW (Name variation with same DOB)
FUZZY_VARIATION,FUZZY-GRP-75,80752,"Javier, Quincy Wayne Elijah Garcia",2007-06-19,Male,"Paing","Bantay",0,2026-05-04T07:12:18.51529+00:00,REVIEW (Name variation with same DOB)
FUZZY_VARIATION,FUZZY-GRP-75,105488,"Javier, Quiney Wayne Elijan Garcia",2007-06-19,Female,"Paing","Bantay",0,2026-05-13T08:19:50.840463+00:00,REVIEW (Name variation with same DOB)
FUZZY_VARIATION,FUZZY-GRP-76,80804,"Perona, Jonie Beronia",1999-06-18,Male,"Paing","Bantay",0,2026-05-04T07:12:18.51529+00:00,REVIEW (Name variation with same DOB)
FUZZY_VARIATION,FUZZY-GRP-76,182694,"Perona, Jonie Beroña",1999-06-18,Male,"Paing","Bantay",0,2026-06-06T06:10:29.698943+00:00,REVIEW (Name variation with same DOB)
FUZZY_VARIATION,FUZZY-GRP-77,80846,"Pato, Abby Grace Calip",2018-05-15,Female,"Paing","Bantay",0,2026-05-04T07:12:18.51529+00:00,REVIEW (Name variation with same DOB)
FUZZY_VARIATION,FUZZY-GRP-77,152957,"Pato, Abby Grace Capiz",2018-05-15,Female,"Paing","Bantay",0,2026-05-29T05:58:22.676369+00:00,REVIEW (Name variation with same DOB)
FUZZY_VARIATION,FUZZY-GRP-78,82210,"Pilon, Marron Jay Antido",1993-11-09,Male,"Buquig","Bantay",0,2026-05-05T07:47:35.639687+00:00,REVIEW (Name variation with same DOB)
FUZZY_VARIATION,FUZZY-GRP-78,183199,"PILON MAROON JAY ANTIDO",1993-11-09,Male,"Buquig","Bantay",0,2026-06-06T07:15:51.04093+00:00,REVIEW (Name variation with same DOB)
FUZZY_VARIATION,FUZZY-GRP-79,82225,"Corpuz, Marylin Villarin",1972-10-29,Female,"Buquig","Bantay",0,2026-05-05T07:47:35.639687+00:00,REVIEW (Name variation with same DOB)
FUZZY_VARIATION,FUZZY-GRP-79,183096,"CORPUZ  MARILYN VILLARIN",1972-10-29,Female,"Buquig","Bantay",0,2026-06-06T07:15:51.04093+00:00,REVIEW (Name variation with same DOB)
FUZZY_VARIATION,FUZZY-GRP-80,82921,"Paranada, Liana Faye Armandico",2015-12-28,Female,"Taleb","Bantay",0,2026-05-05T08:32:05.486917+00:00,REVIEW (Name variation with same DOB)
FUZZY_VARIATION,FUZZY-GRP-80,321322,"PARANADA, LIANA FAYE ARMANIDICO",2015-12-28,Female,"Taleb","Bantay",0,2026-09-29T08:19:07.154074+00:00,REVIEW (Name variation with same DOB)
FUZZY_VARIATION,FUZZY-GRP-81,107735,"Daileg, Priscila Ragon",1968-07-07,Female,"Buquig","Bantay",0,2026-05-14T08:01:00.116292+00:00,REVIEW (Name variation with same DOB)
FUZZY_VARIATION,FUZZY-GRP-81,183314,"DAILEG PRESCILA RAGON",1968-07-07,Female,"Buquig","Bantay",0,2026-06-06T07:40:56.748824+00:00,REVIEW (Name variation with same DOB)
FUZZY_VARIATION,FUZZY-GRP-82,108008,"Realin, Lolita Marinas",1952-08-11,Female,"Taleb","Bantay",0,2026-05-14T08:25:18.146757+00:00,REVIEW (Name variation with same DOB)
FUZZY_VARIATION,FUZZY-GRP-82,108041,"REALIN, LOLITA MARIÃ‘AS",1952-08-11,Female,"Taleb","Bantay",0,2026-05-14T08:25:18.146757+00:00,REVIEW (Name variation with same DOB)
FUZZY_VARIATION,FUZZY-GRP-83,108034,"SENICA, JOSIE VIZARRA",1958-12-24,Female,"Taleb","Bantay",0,2026-05-14T08:25:18.146757+00:00,REVIEW (Name variation with same DOB)
FUZZY_VARIATION,FUZZY-GRP-83,315102,"Zenica, Josie Vizarra",1958-12-24,Female,"Taleb","Bantay",0,2026-09-28T04:13:07.199842+00:00,REVIEW (Name variation with same DOB)
FUZZY_VARIATION,FUZZY-GRP-84,108042,"TUGADE, FRANCES LOI RELAIN",2015-04-21,Female,"Taleb","Bantay",0,2026-05-14T08:25:18.146757+00:00,REVIEW (Name variation with same DOB)
FUZZY_VARIATION,FUZZY-GRP-84,321311,"TUGADE, FRANCES LOI REALIN",2015-04-21,Male,"Taleb","Bantay",0,2026-09-29T08:19:07.154074+00:00,REVIEW (Name variation with same DOB)
FUZZY_VARIATION,FUZZY-GRP-85,108050,"PAET, RESURRECCION PAET",1963-03-14,Female,"Taleb","Bantay",0,2026-05-14T08:25:18.146757+00:00,REVIEW (Name variation with same DOB)
FUZZY_VARIATION,FUZZY-GRP-85,336559,"Paet, Resurrecion Paet",1963-03-14,Male,"Taleb","Bantay",0,2026-10-03T06:39:12.315787+00:00,REVIEW (Name variation with same DOB)
FUZZY_VARIATION,FUZZY-GRP-86,108158,"PALAD, AZRIEL NIVEN",2025-03-09,Male,"Lingsat","Bantay",0,2026-05-14T08:25:18.146757+00:00,REVIEW (Name variation with same DOB)
FUZZY_VARIATION,FUZZY-GRP-86,253630,"Palad, Azriel Nieven",2025-03-09,Male,"Lingsat","Bantay",0,2026-07-21T08:27:14.559328+00:00,REVIEW (Name variation with same DOB)
FUZZY_VARIATION,FUZZY-GRP-87,180828,"AFROILAN, JOAQUIN SANIDAD",2016-12-04,Male,"Lingsat","Bantay",0,2026-06-05T08:22:59.816636+00:00,REVIEW (Name variation with same DOB)
FUZZY_VARIATION,FUZZY-GRP-87,180911,"Afroilan Juaquin Sanidad",2016-12-04,Female,"Lingsat","Bantay",1,2026-06-05T08:22:59.816636+00:00,REVIEW (Name variation with same DOB)
FUZZY_VARIATION,FUZZY-GRP-88,180828,"AFROILAN, JOAQUIN SANIDAD",2016-12-04,Male,"Lingsat","Bantay",0,2026-06-05T08:22:59.816636+00:00,REVIEW (Name variation with same DOB)
FUZZY_VARIATION,FUZZY-GRP-88,316090,"Afroilan, Juaquin Sanidad",2016-12-04,Male,"Lingsat","Bantay",1,2026-09-28T06:40:14.406423+00:00,REVIEW (Name variation with same DOB)
FUZZY_VARIATION,FUZZY-GRP-89,108969,"Nu?z, Estefania Piano",1955-01-10,Female,"Ora","Bantay",0,2026-05-15T02:34:50.99279+00:00,REVIEW (Name variation with same DOB)
FUZZY_VARIATION,FUZZY-GRP-89,124047,"Nunez, Estefania Piano",1955-01-10,Female,"Ora","Bantay",0,2026-05-21T08:13:10.345774+00:00,REVIEW (Name variation with same DOB)
FUZZY_VARIATION,FUZZY-GRP-90,108970,"Nu?z, Jun-Jun Piano",2009-08-30,Male,"Ora","Bantay",0,2026-05-15T02:34:50.99279+00:00,REVIEW (Name variation with same DOB)
FUZZY_VARIATION,FUZZY-GRP-90,123673,"Nunez, Jun-Jun Piano",2009-08-30,Male,"Ora","Bantay",0,2026-05-21T08:04:44.40166+00:00,REVIEW (Name variation with same DOB)
FUZZY_VARIATION,FUZZY-GRP-91,108979,"Nu?z, Delia Piano",1967-07-06,Female,"Ora","Bantay",0,2026-05-15T02:34:50.99279+00:00,REVIEW (Name variation with same DOB)
FUZZY_VARIATION,FUZZY-GRP-91,124161,"Nunez, Delia Piano",1967-07-06,Female,"Ora","Bantay",0,2026-05-21T08:13:10.345774+00:00,REVIEW (Name variation with same DOB)
FUZZY_VARIATION,FUZZY-GRP-92,108981,"Nu?z, Mosella Piano",2001-10-28,Female,"Ora","Bantay",0,2026-05-15T02:34:50.99279+00:00,REVIEW (Name variation with same DOB)
FUZZY_VARIATION,FUZZY-GRP-92,124827,"Nunez, Mosella Piano",2001-10-28,Female,"Ora","Bantay",0,2026-05-21T08:13:12.433552+00:00,REVIEW (Name variation with same DOB)
FUZZY_VARIATION,FUZZY-GRP-93,108984,"Nu?z, Princess Joy Piano",2008-07-02,Female,"Ora","Bantay",0,2026-05-15T02:34:50.99279+00:00,REVIEW (Name variation with same DOB)
FUZZY_VARIATION,FUZZY-GRP-93,124992,"Nunez, Princess Joy Piano",2008-07-02,Female,"Ora","Bantay",0,2026-05-21T08:13:14.959247+00:00,REVIEW (Name variation with same DOB)
FUZZY_VARIATION,FUZZY-GRP-94,108986,"Nu?z, Jona Mae Piano",1993-08-26,Female,"Ora","Bantay",0,2026-05-15T02:34:50.99279+00:00,REVIEW (Name variation with same DOB)
FUZZY_VARIATION,FUZZY-GRP-94,124620,"Nunez, Jona Mae Piano",1993-08-26,Female,"Ora","Bantay",0,2026-05-21T08:13:12.433552+00:00,REVIEW (Name variation with same DOB)
FUZZY_VARIATION,FUZZY-GRP-95,108989,"Nu?z, Rey Piano",1972-12-25,Male,"Ora","Bantay",0,2026-05-15T02:34:50.99279+00:00,REVIEW (Name variation with same DOB)
FUZZY_VARIATION,FUZZY-GRP-95,123674,"Nunez, Rey Piano",1972-12-25,Male,"Ora","Bantay",0,2026-05-21T08:04:44.40166+00:00,REVIEW (Name variation with same DOB)
FUZZY_VARIATION,FUZZY-GRP-96,109005,"Nu?z, Jaycel Regaspi",1993-03-10,Female,"Ora","Bantay",0,2026-05-15T02:34:50.99279+00:00,REVIEW (Name variation with same DOB)
FUZZY_VARIATION,FUZZY-GRP-96,124608,"Nunez, Jaycel Regaspi",1993-03-10,Female,"Ora","Bantay",0,2026-05-21T08:13:12.433552+00:00,REVIEW (Name variation with same DOB)
FUZZY_VARIATION,FUZZY-GRP-97,316151,"Seguban, Elisa Garcia",1971-11-09,Female,"Lingsat","Bantay",0,2026-09-28T06:40:14.406423+00:00,REVIEW (Name variation with same DOB)
FUZZY_VARIATION,FUZZY-GRP-97,336540,"Seguban, Eliza Garcia",1971-11-09,Male,"Lingsat","Bantay",0,2026-10-03T04:15:57.522562+00:00,REVIEW (Name variation with same DOB)
FUZZY_VARIATION,FUZZY-GRP-98,316539,"Tabag, Lilibeth Gabor",1981-02-24,Female,"Quimmarayan","Bantay",0,2026-09-28T08:26:49.444639+00:00,REVIEW (Name variation with same DOB)
FUZZY_VARIATION,FUZZY-GRP-98,316609,"Tabag, Lilibeth Gabao",1981-02-24,Female,"Aggay","Bantay",0,2026-09-28T08:37:38.61056+00:00,REVIEW (Name variation with same DOB)
FUZZY_VARIATION,FUZZY-GRP-99,154478,"Castillo, Tom Justine Valdimiano",1997-10-01,M - Male,"Barangay 3","Bantay",0,2026-05-29T07:25:24.226488+00:00,REVIEW (Name variation with same DOB)
FUZZY_VARIATION,FUZZY-GRP-99,258590,"Castillo, Tom Justine Valmidiano",1997-10-01,Female,"Barangay 3","Bantay",0,2026-07-24T09:40:22.113021+00:00,REVIEW (Name variation with same DOB)
FUZZY_VARIATION,FUZZY-GRP-100,128525,"SEMIRA, KYLE JHAY GALACIO",2008-06-19,Male,"Cabusligan","Bantay",0,2026-05-22T07:25:02.055373+00:00,REVIEW (Name variation with same DOB)
FUZZY_VARIATION,FUZZY-GRP-100,128526,"SEMIRA, KYLIE SHAY GALACIO",2008-06-19,Female,"Cabusligan","Bantay",0,2026-05-22T07:25:02.055373+00:00,REVIEW (Name variation with same DOB)
FUZZY_VARIATION,FUZZY-GRP-101,130828,"Almazan, ArnelAcosta",1965-11-26,M - Male,"Barangay 3","Bantay",0,2026-05-22T13:10:16.544405+00:00,REVIEW (Name variation with same DOB)
FUZZY_VARIATION,FUZZY-GRP-101,252973,"Almazan, Arnel Acosta",1965-11-26,Male,"Barangay 3","Bantay",0,2026-07-21T06:12:20.424076+00:00,REVIEW (Name variation with same DOB)
FUZZY_VARIATION,FUZZY-GRP-102,272064,"VICENCIO SDYNEY KATE RIGOR",2023-12-22,Female,"Taleb","Bantay",0,2026-08-06T08:16:46.25203+00:00,REVIEW (Name variation with same DOB)
FUZZY_VARIATION,FUZZY-GRP-102,272347,"VICENCIO, SYDNEY KATE RIGOR",2023-12-22,Female,"Taleb","Bantay",0,2026-08-06T08:16:46.25203+00:00,REVIEW (Name variation with same DOB)
FUZZY_VARIATION,FUZZY-GRP-103,132931,"Pardo, Chiandria Gia Paulyn fernando",2025-08-21,Female,"Buquig","Bantay",0,2026-05-23T07:33:49.143134+00:00,REVIEW (Name variation with same DOB)
FUZZY_VARIATION,FUZZY-GRP-103,182959,"PARDO CHANDRIA GIA PAULYN FERNANDO",2025-08-21,Female,"Buquig","Bantay",0,2026-06-06T06:58:22.377252+00:00,REVIEW (Name variation with same DOB)
FUZZY_VARIATION,FUZZY-GRP-104,180861,"LLANES, ALTHEA MHAE PERALTA",2011-12-16,Female,"Lingsat","Bantay",0,2026-06-05T08:22:59.816636+00:00,REVIEW (Name variation with same DOB)
FUZZY_VARIATION,FUZZY-GRP-104,316145,"Llanes, Althea Mae Peralta",2011-12-16,Female,"Lingsat","Bantay",0,2026-09-28T06:40:14.406423+00:00,REVIEW (Name variation with same DOB)
FUZZY_VARIATION,FUZZY-GRP-105,154390,"Padron, Trisha Mae Pio",2006-06-12,Female,"Lingsat","Bantay",0,2026-05-29T07:18:46.61293+00:00,REVIEW (Name variation with same DOB)
FUZZY_VARIATION,FUZZY-GRP-105,181247,"Padron Tricia Mae Pio",2006-06-12,Female,"Lingsat","Bantay",0,2026-06-05T08:22:59.816636+00:00,REVIEW (Name variation with same DOB)
FUZZY_VARIATION,FUZZY-GRP-106,154344,"Ballera, Florida Rapin",1957-04-03,Female,"Lingsat","Bantay",0,2026-05-29T07:18:46.61293+00:00,REVIEW (Name variation with same DOB)
FUZZY_VARIATION,FUZZY-GRP-106,181093,"Ballera Florida Rafin",1957-04-03,Male,"Lingsat","Bantay",0,2026-06-05T08:22:59.816636+00:00,REVIEW (Name variation with same DOB)
FUZZY_VARIATION,FUZZY-GRP-107,154360,"Padron, Anna Mae Gamit",2009-05-14,Female,"Lingsat","Bantay",0,2026-05-29T07:18:46.61293+00:00,REVIEW (Name variation with same DOB)
FUZZY_VARIATION,FUZZY-GRP-107,180829,"PADRON, ANNA MAY GAMIT",2009-05-14,Female,"Lingsat","Bantay",0,2026-06-05T08:22:59.816636+00:00,REVIEW (Name variation with same DOB)
FUZZY_VARIATION,FUZZY-GRP-108,154369,"Peralta, Andres Padron",1962-03-05,Male,"Lingsat","Bantay",0,2026-05-29T07:18:46.61293+00:00,REVIEW (Name variation with same DOB)
FUZZY_VARIATION,FUZZY-GRP-108,180815,"PERILLA, ANDRES PADRON",1962-03-05,Male,"Lingsat","Bantay",0,2026-06-05T08:22:59.816636+00:00,REVIEW (Name variation with same DOB)
FUZZY_VARIATION,FUZZY-GRP-109,154413,"Paa, Jhayvee Viernes",2012-07-24,Male,"Lingsat","Bantay",0,2026-05-29T07:18:46.61293+00:00,REVIEW (Name variation with same DOB)
FUZZY_VARIATION,FUZZY-GRP-109,272216,"PAA JHAY VEE VIERNES",2012-07-24,Male,"Taleb","Bantay",0,2026-08-06T08:16:46.25203+00:00,REVIEW (Name variation with same DOB)
FUZZY_VARIATION,FUZZY-GRP-110,154510,"Del Castillo Carol Biscarra",1992-11-25,F - Female,"Barangay 3","Bantay",0,2026-05-29T07:25:24.226488+00:00,REVIEW (Name variation with same DOB)
FUZZY_VARIATION,FUZZY-GRP-110,154511,"Del Castillo Caryl Biscarra",1992-11-25,F - Female,"Barangay 3","Bantay",0,2026-05-29T07:25:24.226488+00:00,REVIEW (Name variation with same DOB)
FUZZY_VARIATION,FUZZY-GRP-111,154654,"Paat, Kyle Harvey Carpio",2002-11-21,M - Male,"Barangay 3","Bantay",0,2026-05-29T07:25:24.226488+00:00,REVIEW (Name variation with same DOB)
FUZZY_VARIATION,FUZZY-GRP-111,252965,"Paat, Kyle Harvie Carpio",2002-11-21,Male,"Barangay 3","Bantay",0,2026-07-21T06:12:20.424076+00:00,REVIEW (Name variation with same DOB)
FUZZY_VARIATION,FUZZY-GRP-112,159000,"PE BENITO, RENZ LOUIE RAFUL",2023-06-12,Male,"Capangdanan","Bantay",0,2026-05-31T09:06:31.499454+00:00,REVIEW (Name variation with same DOB)
FUZZY_VARIATION,FUZZY-GRP-112,253043,"Pe Benito, Renz Ionie Raful",2023-06-12,Male,"Capangdanan","Bantay",0,2026-07-21T06:22:05.346402+00:00,REVIEW (Name variation with same DOB)
FUZZY_VARIATION,FUZZY-GRP-113,321279,"BAJOG, VINCE ETHANB ALVIOR",2018-03-19,Male,"Taleb","Bantay",0,2026-09-29T08:19:07.154074+00:00,REVIEW (Name variation with same DOB)
FUZZY_VARIATION,FUZZY-GRP-113,321353,"BAJOG, VINCE ETHAN ALVIOR",2018-03-19,Male,"Taleb","Bantay",0,2026-09-29T08:19:07.154074+00:00,REVIEW (Name variation with same DOB)
FUZZY_VARIATION,FUZZY-GRP-114,159059,"PATUBO, DENMARK DELA CRUZ",2000-08-22,Male,"Capangdanan","Bantay",0,2026-05-31T09:06:31.499454+00:00,REVIEW (Name variation with same DOB)
FUZZY_VARIATION,FUZZY-GRP-114,181099,"Patubo Den Mark Dela Cruz",2000-08-22,Male,"Lingsat","Bantay",0,2026-06-05T08:22:59.816636+00:00,REVIEW (Name variation with same DOB)
FUZZY_VARIATION,FUZZY-GRP-115,178503,"Villamor, Brayle Jayson Doles",1993-03-20,M - Male,"Barangay 3","Bantay",0,2026-06-05T06:18:03.469751+00:00,REVIEW (Name variation with same DOB)
FUZZY_VARIATION,FUZZY-GRP-115,252955,"Villamor, Bryale Jayson Doles",1993-03-20,Male,"Barangay 3","Bantay",0,2026-07-21T06:12:20.424076+00:00,REVIEW (Name variation with same DOB)
FUZZY_VARIATION,FUZZY-GRP-116,178508,"Villareal Christian Robles",1988-04-25,M - Male,"Barangay 3","Bantay",0,2026-06-05T06:18:03.469751+00:00,REVIEW (Name variation with same DOB)
FUZZY_VARIATION,FUZZY-GRP-116,178509,"Villareal Christine Robles",1988-04-25,F - Female,"Barangay 3","Bantay",0,2026-06-05T06:18:03.469751+00:00,REVIEW (Name variation with same DOB)
FUZZY_VARIATION,FUZZY-GRP-117,180773,"VELASCO, RIENEL HIDALGO",2018-01-03,Male,"Lingsat","Bantay",0,2026-06-05T08:22:59.816636+00:00,REVIEW (Name variation with same DOB)
FUZZY_VARIATION,FUZZY-GRP-117,181301,"Velasco Reinel Hidalgo",2018-01-03,Male,"Lingsat","Bantay",0,2026-06-05T08:23:01.625566+00:00,REVIEW (Name variation with same DOB)
FUZZY_VARIATION,FUZZY-GRP-118,180880,"Padron Gianna Reign Ramos",2021-07-06,Male,"Lingsat","Bantay",0,2026-06-05T08:22:59.816636+00:00,REVIEW (Name variation with same DOB)
FUZZY_VARIATION,FUZZY-GRP-118,316108,"Padron, Jianna Reign Ramos",2021-07-06,Female,"Lingsat","Bantay",0,2026-09-28T06:40:14.406423+00:00,REVIEW (Name variation with same DOB)
FUZZY_VARIATION,FUZZY-GRP-119,181168,"Luangco Mattheo Jhann Rafin",2024-10-02,Male,"Lingsat","Bantay",0,2026-06-05T08:22:59.816636+00:00,REVIEW (Name variation with same DOB)
FUZZY_VARIATION,FUZZY-GRP-119,315189,"Luangco, Mattheo Jhann Rapin",2024-10-02,Male,"Lingsat","Bantay",0,2026-09-28T04:16:53.330132+00:00,REVIEW (Name variation with same DOB)
FUZZY_VARIATION,FUZZY-GRP-120,181170,"Rafin Wilma Macaraig",1979-01-12,Female,"Lingsat","Bantay",0,2026-06-05T08:22:59.816636+00:00,REVIEW (Name variation with same DOB)
FUZZY_VARIATION,FUZZY-GRP-120,316141,"Rafin, Wilma Macaraeg",1979-01-12,Female,"Lingsat","Bantay",0,2026-09-28T06:40:14.406423+00:00,REVIEW (Name variation with same DOB)
FUZZY_VARIATION,FUZZY-GRP-121,181252,"Padron Carlos Amistad",1984-06-03,Male,"Lingsat","Bantay",1,2026-06-05T08:22:59.816636+00:00,REVIEW (Name variation with same DOB)
FUZZY_VARIATION,FUZZY-GRP-121,336489,"Padro, Carlos Amistad",1984-06-03,Male,"Lingsat","Bantay",0,2026-10-03T03:31:00.834068+00:00,REVIEW (Name variation with same DOB)
FUZZY_VARIATION,FUZZY-GRP-122,336489,"Padro, Carlos Amistad",1984-06-03,Male,"Lingsat","Bantay",0,2026-10-03T03:31:00.834068+00:00,REVIEW (Name variation with same DOB)
FUZZY_VARIATION,FUZZY-GRP-122,336528,"Padron, Carlos Amistad",1984-06-03,Male,"Lingsat","Bantay",1,2026-10-03T04:06:10.641795+00:00,REVIEW (Name variation with same DOB)
FUZZY_VARIATION,FUZZY-GRP-123,181684,"LACHICA NELSON TALLA",1959-08-16,Male,"Taleb","Bantay",0,2026-06-05T09:25:53.888583+00:00,REVIEW (Name variation with same DOB)
FUZZY_VARIATION,FUZZY-GRP-123,315094,"Lachica, Nelson Talia",1959-08-16,Male,"Taleb","Bantay",0,2026-09-28T04:13:07.199842+00:00,REVIEW (Name variation with same DOB)
FUZZY_VARIATION,FUZZY-GRP-124,181720,"ALVIOR AIYANNA CORTEZ",2016-08-26,Female,"Taleb","Bantay",0,2026-06-05T09:25:53.888583+00:00,REVIEW (Name variation with same DOB)
FUZZY_VARIATION,FUZZY-GRP-124,315147,"Alvior, Aiyana Cortez",2016-08-26,Female,"Taleb","Bantay",1,2026-09-28T04:13:07.199842+00:00,REVIEW (Name variation with same DOB)
FUZZY_VARIATION,FUZZY-GRP-125,181720,"ALVIOR AIYANNA CORTEZ",2016-08-26,Female,"Taleb","Bantay",0,2026-06-05T09:25:53.888583+00:00,REVIEW (Name variation with same DOB)
FUZZY_VARIATION,FUZZY-GRP-125,321295,"ALVIOR, AIYANA CORTEZ",2016-08-26,Female,"Taleb","Bantay",1,2026-09-29T08:19:07.154074+00:00,REVIEW (Name variation with same DOB)
FUZZY_VARIATION,FUZZY-GRP-126,181720,"ALVIOR AIYANNA CORTEZ",2016-08-26,Female,"Taleb","Bantay",0,2026-06-05T09:25:53.888583+00:00,REVIEW (Name variation with same DOB)
FUZZY_VARIATION,FUZZY-GRP-126,321318,"ALVIOR, AIYANON CORTEZ",2016-08-26,Female,"Taleb","Bantay",0,2026-09-29T08:19:07.154074+00:00,REVIEW (Name variation with same DOB)
FUZZY_VARIATION,FUZZY-GRP-127,315147,"Alvior, Aiyana Cortez",2016-08-26,Female,"Taleb","Bantay",1,2026-09-28T04:13:07.199842+00:00,REVIEW (Name variation with same DOB)
FUZZY_VARIATION,FUZZY-GRP-127,321318,"ALVIOR, AIYANON CORTEZ",2016-08-26,Female,"Taleb","Bantay",0,2026-09-29T08:19:07.154074+00:00,REVIEW (Name variation with same DOB)
FUZZY_VARIATION,FUZZY-GRP-128,321295,"ALVIOR, AIYANA CORTEZ",2016-08-26,Female,"Taleb","Bantay",1,2026-09-29T08:19:07.154074+00:00,REVIEW (Name variation with same DOB)
FUZZY_VARIATION,FUZZY-GRP-128,321318,"ALVIOR, AIYANON CORTEZ",2016-08-26,Female,"Taleb","Bantay",0,2026-09-29T08:19:07.154074+00:00,REVIEW (Name variation with same DOB)
FUZZY_VARIATION,FUZZY-GRP-129,181800,"CORTEZ REY LOUIE PAGEL",2006-08-24,Male,"Taleb","Bantay",0,2026-06-05T09:25:53.888583+00:00,REVIEW (Name variation with same DOB)
FUZZY_VARIATION,FUZZY-GRP-129,315065,"Cortez, Rey Louie Paguel",2006-08-24,Male,"Taleb","Bantay",0,2026-09-28T04:13:07.199842+00:00,REVIEW (Name variation with same DOB)
FUZZY_VARIATION,FUZZY-GRP-130,183145,"PUERTO DAESHA RAIA",2023-05-13,Female,"Buquig","Bantay",0,2026-06-06T07:15:51.04093+00:00,REVIEW (Name variation with same DOB)
FUZZY_VARIATION,FUZZY-GRP-130,274726,"Puerto, Daisha Raia",2023-05-13,Female,"Buquig","Bantay",0,2026-08-11T03:55:48.075009+00:00,REVIEW (Name variation with same DOB)
FUZZY_VARIATION,FUZZY-GRP-131,208369,"VIZARRA RAVEN N/A",2015-04-07,Male,"Taleb","Bantay",0,2026-06-18T07:15:56.257832+00:00,REVIEW (Name variation with same DOB)
FUZZY_VARIATION,FUZZY-GRP-131,321336,"VISARRA, RAVEN N/A",2015-04-07,Male,"Taleb","Bantay",0,2026-09-29T08:19:07.154074+00:00,REVIEW (Name variation with same DOB)
FUZZY_VARIATION,FUZZY-GRP-132,213144,"Villegas, Jiego Eli Rivad",2024-06-15,M - Male,"Barangay 3","Bantay",0,2026-06-21T13:57:59.287879+00:00,REVIEW (Name variation with same DOB)
FUZZY_VARIATION,FUZZY-GRP-132,258579,"Villegas, Jeigo Eli Rivad",2024-06-15,Male,"Barangay 3","Bantay",0,2026-07-24T09:40:22.113021+00:00,REVIEW (Name variation with same DOB)
FUZZY_VARIATION,FUZZY-GRP-133,315162,"Vicencio, Marn Angelo Pascua",2022-08-29,Male,"Taleb","Bantay",0,2026-09-28T04:13:07.199842+00:00,REVIEW (Name variation with same DOB)
FUZZY_VARIATION,FUZZY-GRP-133,321349,"VICENCIO, MARK ANGELO PASCUA",2022-08-29,Male,"Taleb","Bantay",0,2026-09-29T08:19:07.154074+00:00,REVIEW (Name variation with same DOB)
FUZZY_VARIATION,FUZZY-GRP-134,253017,"Caabay, Heralaine Jaine Calixterio",2025-05-17,Female,"Naguiddayan","Bantay",0,2026-07-21T06:22:05.346402+00:00,REVIEW (Name variation with same DOB)
FUZZY_VARIATION,FUZZY-GRP-134,271702,"Caabay, Heralaine Jaina Calixterio",2025-05-17,Female,"Naguiddayan","Bantay",0,2026-08-06T01:46:01.693919+00:00,REVIEW (Name variation with same DOB)
FUZZY_VARIATION,FUZZY-GRP-135,259723,"Jimenez, Marc Jio Peru",2022-03-31,Male,"Taleb","Bantay",0,2026-07-26T09:06:44.570467+00:00,REVIEW (Name variation with same DOB)
FUZZY_VARIATION,FUZZY-GRP-135,272170,"JIMENEZ MARC GIO PERU",2022-03-31,Male,"Taleb","Bantay",0,2026-08-06T08:16:46.25203+00:00,REVIEW (Name variation with same DOB)
FUZZY_VARIATION,FUZZY-GRP-136,259730,"Paet, Charlie Paa",1960-10-14,Male,"Taleb","Bantay",0,2026-07-26T09:06:44.570467+00:00,REVIEW (Name variation with same DOB)
FUZZY_VARIATION,FUZZY-GRP-136,272193,"PAET CHARLIE PAET",1960-10-14,Male,"Taleb","Bantay",0,2026-08-06T08:16:46.25203+00:00,REVIEW (Name variation with same DOB)
FUZZY_VARIATION,FUZZY-GRP-137,259732,"Palecpec, Axel Joseph Riveta",2013-10-09,Male,"Taleb","Bantay",0,2026-07-26T09:06:44.570467+00:00,REVIEW (Name variation with same DOB)
FUZZY_VARIATION,FUZZY-GRP-137,315511,"Palecpec, Axel Joseph Reveta",2013-10-09,Male,"Naguiddayan","Bantay",0,2026-09-28T05:10:49.353215+00:00,REVIEW (Name variation with same DOB)
FUZZY_VARIATION,FUZZY-GRP-138,259734,"Gallardo, Amirah Kate Vicencio",2016-02-24,Female,"Taleb","Bantay",0,2026-07-26T09:06:44.570467+00:00,REVIEW (Name variation with same DOB)
FUZZY_VARIATION,FUZZY-GRP-138,321321,"GALLARDO, AMIRAH KHATE VICENCIO",2016-02-24,Female,"Taleb","Bantay",0,2026-09-29T08:19:07.154074+00:00,REVIEW (Name variation with same DOB)
FUZZY_VARIATION,FUZZY-GRP-139,259769,"Jimenez, Sean Andrei Paa",2020-10-07,Female,"Taleb","Bantay",0,2026-07-26T09:06:44.570467+00:00,REVIEW (Name variation with same DOB)
FUZZY_VARIATION,FUZZY-GRP-139,272232,"JIMENEZ SEAN ANDRIE PAA",2020-10-07,Male,"Taleb","Bantay",0,2026-08-06T08:16:46.25203+00:00,REVIEW (Name variation with same DOB)
FUZZY_VARIATION,FUZZY-GRP-140,321323,"CABIAO, GARCE NICOLE BAUTISTA",2015-10-09,Female,"Taleb","Bantay",0,2026-09-29T08:19:07.154074+00:00,REVIEW (Name variation with same DOB)
FUZZY_VARIATION,FUZZY-GRP-140,321354,"CABIAO, GRACE NICOLE BAUTISTA",2015-10-09,Female,"Taleb","Bantay",0,2026-09-29T08:19:07.154074+00:00,REVIEW (Name variation with same DOB)
FUZZY_VARIATION,FUZZY-GRP-141,315137,"Paet, Rawady Meir Dela Cruz",2021-06-25,Female,"Taleb","Bantay",0,2026-09-28T04:13:07.199842+00:00,REVIEW (Name variation with same DOB)
FUZZY_VARIATION,FUZZY-GRP-141,321277,"PAET, RAWADY MEIR DE LA CRUZ",2021-06-25,Male,"Taleb","Bantay",0,2026-09-29T08:19:07.154074+00:00,REVIEW (Name variation with same DOB)
FUZZY_VARIATION,FUZZY-GRP-142,320166,"Bajog, Jerreyn Thea Orpilla",1999-01-23,Male,"Banaoang","Bantay",0,2026-09-29T06:12:22.806498+00:00,REVIEW (Name variation with same DOB)
FUZZY_VARIATION,FUZZY-GRP-142,320232,"Bajog, Jerrelyn Thea Orpilla",1999-01-23,Female,"Banaoang","Bantay",0,2026-09-29T06:12:22.806498+00:00,REVIEW (Name variation with same DOB)
FUZZY_VARIATION,FUZZY-GRP-143,321296,"CUARTELON, ZAZHARY EZEKIEL SAPADEN",2016-03-09,Male,"Taleb","Bantay",0,2026-09-29T08:19:07.154074+00:00,REVIEW (Name variation with same DOB)
FUZZY_VARIATION,FUZZY-GRP-143,321337,"CUARTELON, ZACHARY EZEKIEL SAPADEN",2016-03-09,Male,"Taleb","Bantay",0,2026-09-29T08:19:07.154074+00:00,REVIEW (Name variation with same DOB)