Category,Group_ID,Patient_ID,Full_Name,Birthdate,Sex,Barangay,Municipality,Services_Count,Created_At,Suggested_Action
EXACT_MATCH,EXACT-GRP-1,31570,"GASPAR, TERESA SEVILLEJA",1939-02-17,Female,"Cuancabal","Cabugao",1,2026-03-25T16:18:09.944132+00:00,KEEP (Primary)
EXACT_MATCH,EXACT-GRP-1,91706,"Gaspar,Teresa,Sevilleja",1939-02-17,Female,"Catucdaan","Cabugao",1,2026-05-08T08:00:35.940941+00:00,MERGE SERVICES TO PRIMARY
EXACT_MATCH,EXACT-GRP-2,31884,"Amate John Gabrielle Octavio",2019-09-12,Male,"Catucdaan","Cabugao",1,2026-03-26T02:21:48.133882+00:00,KEEP (Primary)
EXACT_MATCH,EXACT-GRP-2,88915,"Amate,John Gabrielle,Octavio",2019-09-12,Male,"Catucdaan","Cabugao",1,2026-05-07T09:33:49.769048+00:00,MERGE SERVICES TO PRIMARY
EXACT_MATCH,EXACT-GRP-3,43057,"SAPLOR, KAREN JOY SIMBE ",1996-09-15,Female,"Margaay","Cabugao",1,2026-03-30T06:31:25.194408+00:00,KEEP (Primary)
EXACT_MATCH,EXACT-GRP-3,268343,"SAPLOR KAREN JOY SIMBE",1996-09-15,Female,"Margaay","Cabugao",1,2026-08-03T06:56:50.445231+00:00,MERGE SERVICES TO PRIMARY
EXACT_MATCH,EXACT-GRP-4,43097,"YACAP, MARTIN ILAR ",1946-06-22,Male,"Margaay","Cabugao",1,2026-03-30T06:31:25.194408+00:00,KEEP (Primary)
EXACT_MATCH,EXACT-GRP-4,91916,"YACAP MARTIN ILAR",1946-06-22,Male,"Margaay","Cabugao",1,2026-05-08T08:08:23.479339+00:00,MERGE SERVICES TO PRIMARY
EXACT_MATCH,EXACT-GRP-5,43128,"Siena, Rebecca Paras",1963-01-28,Female,"Aragan","Cabugao",2,2026-03-30T06:34:23.881553+00:00,KEEP (Primary)
EXACT_MATCH,EXACT-GRP-5,184735,"Siena , Rebecca  Paras",1963-01-28,Female,"Aragan","Cabugao",2,2026-06-08T03:52:43.911081+00:00,MERGE SERVICES TO PRIMARY
EXACT_MATCH,EXACT-GRP-6,43132,"Tajardon, Amelia Maming",1994-12-31,Female,"Aragan","Cabugao",2,2026-03-30T06:34:23.881553+00:00,KEEP (Primary)
EXACT_MATCH,EXACT-GRP-6,323625,"Tajardon , Amelia Maming",1994-12-31,Female,"Aragan","Cabugao",1,2026-09-30T07:45:23.762846+00:00,MERGE SERVICES TO PRIMARY
EXACT_MATCH,EXACT-GRP-7,73071,"SURBIDA ROSELLE PARANADA",1989-11-26,Female,"Margaay","Cabugao",2,2026-04-23T08:46:00.524864+00:00,KEEP (Primary)
EXACT_MATCH,EXACT-GRP-7,43983,"SURBIDA, ROSELLE PARANADA ",1989-11-26,Female,"Margaay","Cabugao",1,2026-03-30T07:48:25.06569+00:00,MERGE SERVICES TO PRIMARY
EXACT_MATCH,EXACT-GRP-8,43994,"SUMIBCAY, REX SERRANO",1993-07-27,Male,"Margaay","Cabugao",1,2026-03-30T07:48:25.06569+00:00,KEEP (Primary)
EXACT_MATCH,EXACT-GRP-8,227262,"SUMIBCAY REX SERRANO",1993-07-27,Male,"Margaay","Cabugao",1,2026-06-26T02:38:55.974199+00:00,MERGE SERVICES TO PRIMARY
EXACT_MATCH,EXACT-GRP-9,44006,"SIMBE, JOSEPH POSERIO ",1978-01-27,Male,"Margaay","Cabugao",1,2026-03-30T07:48:25.06569+00:00,KEEP (Primary)
EXACT_MATCH,EXACT-GRP-9,72745,"SIMBE JOSEPH POSERIO",1978-01-27,Male,"Margaay","Cabugao",1,2026-04-23T06:51:07.882582+00:00,MERGE SERVICES TO PRIMARY
EXACT_MATCH,EXACT-GRP-10,44837,"GARCIA, PACITA SALARZON ",1963-01-17,Female,"Sagayaden","Cabugao",1,2026-03-30T09:34:03.169528+00:00,KEEP (Primary)
EXACT_MATCH,EXACT-GRP-10,84693,"Garcia Pacita Salarzon",1963-01-17,Female,"Sagayaden","Cabugao",1,2026-05-06T00:33:40.4005+00:00,MERGE SERVICES TO PRIMARY
EXACT_MATCH,EXACT-GRP-11,47315,"Dela Cruz, Nickolai Vicente",2021-07-09,Male,"Pug-os","Cabugao",1,2026-03-30T15:49:34.012313+00:00,KEEP (Primary)
EXACT_MATCH,EXACT-GRP-11,245138,"Dela Cruz, Nickolai  Vicente",2021-07-09,Male,"Pug-os","Cabugao",1,2026-07-13T05:48:20.046432+00:00,MERGE SERVICES TO PRIMARY
EXACT_MATCH,EXACT-GRP-12,51317,"Unabia, John Paul Valdez",1997-06-29,Male,"Aragan","Cabugao",1,2026-03-31T07:29:14.773675+00:00,KEEP (Primary)
EXACT_MATCH,EXACT-GRP-12,323431,"Unabia , John Paul Valdez",1997-06-29,Male,"Aragan","Cabugao",1,2026-09-30T07:45:20.987562+00:00,MERGE SERVICES TO PRIMARY
EXACT_MATCH,EXACT-GRP-13,51323,"Sevilleja, Joshua Lagasca",1993-02-08,Male,"Aragan","Cabugao",1,2026-03-31T07:29:14.773675+00:00,KEEP (Primary)
EXACT_MATCH,EXACT-GRP-13,77741,"Sevilleja,Joshua Lagasca",1993-02-08,Male,"Aragan","Cabugao",1,2026-04-29T07:43:56.28998+00:00,MERGE SERVICES TO PRIMARY
EXACT_MATCH,EXACT-GRP-14,51327,"Serna, Joanna Rabanes",2018-09-29,Female,"Aragan","Cabugao",2,2026-03-31T07:29:14.773675+00:00,KEEP (Primary)
EXACT_MATCH,EXACT-GRP-14,323351,"Serna , Joanna Rabanes",2018-09-29,Female,"Aragan","Cabugao",1,2026-09-30T07:45:20.987562+00:00,MERGE SERVICES TO PRIMARY
EXACT_MATCH,EXACT-GRP-15,51329,"Serna, Jenny Balangatan",2003-05-17,Female,"Aragan","Cabugao",1,2026-03-31T07:29:14.773675+00:00,KEEP (Primary)
EXACT_MATCH,EXACT-GRP-15,323355,"Serna , Jenny Balangatan",2003-05-17,Female,"Aragan","Cabugao",1,2026-09-30T07:45:20.987562+00:00,MERGE SERVICES TO PRIMARY
EXACT_MATCH,EXACT-GRP-16,51342,"Arrogante, Corazon Seguban",1954-05-01,Female,"Aragan","Cabugao",2,2026-03-31T07:29:14.773675+00:00,KEEP (Primary)
EXACT_MATCH,EXACT-GRP-16,323376,"Arrogante , Corazon Seguban",1954-05-01,Female,"Aragan","Cabugao",1,2026-09-30T07:45:20.987562+00:00,MERGE SERVICES TO PRIMARY
EXACT_MATCH,EXACT-GRP-17,51344,"Unabia, Carlina Pudiquet",1958-09-17,Female,"Aragan","Cabugao",1,2026-03-31T07:29:14.773675+00:00,KEEP (Primary)
EXACT_MATCH,EXACT-GRP-17,323425,"Unabia , Carlina Pudiquet",1958-09-17,Female,"Aragan","Cabugao",1,2026-09-30T07:45:20.987562+00:00,MERGE SERVICES TO PRIMARY
EXACT_MATCH,EXACT-GRP-18,51346,"Seguban, Lorina Del Rosario",1952-06-28,Female,"Aragan","Cabugao",1,2026-03-31T07:29:14.773675+00:00,KEEP (Primary)
EXACT_MATCH,EXACT-GRP-18,323384,"Seguban , Lorina Del Rosario",1952-06-28,Female,"Aragan","Cabugao",1,2026-09-30T07:45:20.987562+00:00,MERGE SERVICES TO PRIMARY
EXACT_MATCH,EXACT-GRP-19,51350,"Siena, Antonio Ronque",1960-05-10,Male,"Aragan","Cabugao",1,2026-03-31T07:29:14.773675+00:00,KEEP (Primary)
EXACT_MATCH,EXACT-GRP-19,323358,"Siena , Antonio Ronque",1960-05-10,Male,"Aragan","Cabugao",1,2026-09-30T07:45:20.987562+00:00,MERGE SERVICES TO PRIMARY
EXACT_MATCH,EXACT-GRP-20,51353,"Mendoza, Rodel Pitas",1985-05-26,Male,"Aragan","Cabugao",1,2026-03-31T07:29:14.773675+00:00,KEEP (Primary)
EXACT_MATCH,EXACT-GRP-20,323385,"Mendoza , Rodel  Pitas",1985-05-26,Male,"Aragan","Cabugao",1,2026-09-30T07:45:20.987562+00:00,MERGE SERVICES TO PRIMARY
EXACT_MATCH,EXACT-GRP-21,51354,"Serna, Flordeluna Rabanes",1983-12-01,Female,"Aragan","Cabugao",1,2026-03-31T07:29:14.773675+00:00,KEEP (Primary)
EXACT_MATCH,EXACT-GRP-21,323347,"Serna , Flordeluna Rabanes",1983-12-01,Female,"Aragan","Cabugao",1,2026-09-30T07:45:20.987562+00:00,MERGE SERVICES TO PRIMARY
EXACT_MATCH,EXACT-GRP-22,51357,"Garcia, Aira Jewel Siena",2012-07-08,Female,"Aragan","Cabugao",1,2026-03-31T07:29:14.773675+00:00,KEEP (Primary)
EXACT_MATCH,EXACT-GRP-22,323363,"Garcia , Aira Jewel Siena",2012-07-08,Female,"Aragan","Cabugao",1,2026-09-30T07:45:20.987562+00:00,MERGE SERVICES TO PRIMARY
EXACT_MATCH,EXACT-GRP-23,51358,"Siena, Jeremy Paras",1986-10-25,Male,"Aragan","Cabugao",1,2026-03-31T07:29:14.773675+00:00,KEEP (Primary)
EXACT_MATCH,EXACT-GRP-23,323368,"Siena , Jeremy Paras",1986-10-25,Male,"Aragan","Cabugao",1,2026-09-30T07:45:20.987562+00:00,MERGE SERVICES TO PRIMARY
EXACT_MATCH,EXACT-GRP-24,51359,"Siena, Melanie Sajor",1989-07-16,Female,"Aragan","Cabugao",1,2026-03-31T07:29:14.773675+00:00,KEEP (Primary)
EXACT_MATCH,EXACT-GRP-24,323369,"Siena , Melanie Sajor",1989-07-16,Female,"Aragan","Cabugao",1,2026-09-30T07:45:20.987562+00:00,MERGE SERVICES TO PRIMARY
EXACT_MATCH,EXACT-GRP-25,51378,"Lagasca, Nathaniel Urata",2006-03-17,Male,"Aragan","Cabugao",2,2026-03-31T07:29:14.773675+00:00,KEEP (Primary)
EXACT_MATCH,EXACT-GRP-25,323067,"Lagasca, Nathaniel Urata",2006-03-17,Male,"Aragan","Cabugao",1,2026-09-30T07:45:20.987562+00:00,MERGE SERVICES TO PRIMARY
EXACT_MATCH,EXACT-GRP-26,51390,"Barcena, Zian Keith Manuel",2012-08-22,Male,"Aragan","Cabugao",1,2026-03-31T07:29:14.773675+00:00,KEEP (Primary)
EXACT_MATCH,EXACT-GRP-26,170508,"Barcena , Zian Keith Manuel",2012-08-22,Male,"Aragan","Cabugao",1,2026-06-03T08:22:26.480032+00:00,MERGE SERVICES TO PRIMARY
EXACT_MATCH,EXACT-GRP-27,51904,"Sabugo, Nelson",1995-11-20,Male,"Daclapan","Cabugao",1,2026-03-31T08:29:54.401523+00:00,KEEP (Primary)
EXACT_MATCH,EXACT-GRP-27,325945,"Sabugo, Nelson //",1995-11-20,Male,"Daclapan","Cabugao",1,2026-10-01T04:22:26.981226+00:00,MERGE SERVICES TO PRIMARY
EXACT_MATCH,EXACT-GRP-28,51910,"Ancheta, Joseph Rafanan",1998-04-01,Male,"Daclapan","Cabugao",2,2026-03-31T08:29:54.401523+00:00,KEEP (Primary)
EXACT_MATCH,EXACT-GRP-28,143651,"Ancheta,Joseph Rafanan",1998-04-01,Male,"Salapasap","Cabugao",1,2026-05-25T12:43:40.057947+00:00,MERGE SERVICES TO PRIMARY
EXACT_MATCH,EXACT-GRP-29,51969,"Valdez, Florence Sapon",1980-01-28,Female,"Daclapan","Cabugao",2,2026-03-31T08:29:54.401523+00:00,KEEP (Primary)
EXACT_MATCH,EXACT-GRP-29,325245,"VALDEZ FLORENCE SAPON",1980-01-28,Female,"Namruangan","Cabugao",1,2026-10-01T00:36:52.652777+00:00,MERGE SERVICES TO PRIMARY
EXACT_MATCH,EXACT-GRP-30,55704,"SOLMERIN, ALLEN JAY, SIMBE",1989-12-25,Male,"Turod","Cabugao",1,2026-04-01T01:36:16.507128+00:00,KEEP (Primary)
EXACT_MATCH,EXACT-GRP-30,175033,"Solmerin,Allen Jay Simbe",1989-12-25,Male,"Salapasap","Cabugao",1,2026-06-04T09:56:07.527576+00:00,MERGE SERVICES TO PRIMARY
EXACT_MATCH,EXACT-GRP-31,57709,"Vintero, Jansen Siababa",2000-07-26,Male,"Cuancabal","Cabugao",1,2026-04-01T09:38:58.181521+00:00,KEEP (Primary)
EXACT_MATCH,EXACT-GRP-31,323435,"Vintero , Jansen Siababa",2000-07-26,Male,"Aragan","Cabugao",1,2026-09-30T07:45:20.987562+00:00,MERGE SERVICES TO PRIMARY
EXACT_MATCH,EXACT-GRP-32,57878,"Sajor,April Joyce,Morales",1998-04-01,Female,"Catucdaan","Cabugao",2,2026-04-01T11:49:52.198203+00:00,KEEP (Primary)
EXACT_MATCH,EXACT-GRP-32,72172,"Sajor, April Joyce,Morales",1998-04-01,Female,"Catucdaan","Cabugao",1,2026-04-22T07:11:37.270167+00:00,MERGE SERVICES TO PRIMARY
EXACT_MATCH,EXACT-GRP-33,57896,"Garma,Matthew,Sebido",2025-05-03,Male,"Catucdaan","Cabugao",1,2026-04-01T11:49:52.198203+00:00,KEEP (Primary)
EXACT_MATCH,EXACT-GRP-33,273978,"GARMA MATTHEW SEBIDO",2025-05-03,Male,"Catucdaan","Cabugao",1,2026-08-09T23:06:57.200486+00:00,MERGE SERVICES TO PRIMARY
EXACT_MATCH,EXACT-GRP-34,57913,"Barca,Jubilyn, Robin",1994-08-05,Female,"Catucdaan","Cabugao",1,2026-04-01T11:49:52.198203+00:00,KEEP (Primary)
EXACT_MATCH,EXACT-GRP-34,88876,"Barca,Jubilyn,Robin",1994-08-05,Female,"Catucdaan","Cabugao",1,2026-05-07T09:33:49.769048+00:00,MERGE SERVICES TO PRIMARY
EXACT_MATCH,EXACT-GRP-35,57998,"Siena, Gloria Balangatan",1956-03-31,Female,"Aragan","Cabugao",2,2026-04-01T12:17:20.614069+00:00,KEEP (Primary)
EXACT_MATCH,EXACT-GRP-35,323335,"Siena , Gloria Balangatan",1956-03-31,Female,"Aragan","Cabugao",1,2026-09-30T07:45:20.987562+00:00,MERGE SERVICES TO PRIMARY
EXACT_MATCH,EXACT-GRP-36,58269,"Manuel,Mary Rose Ramirez",1975-10-15,Female,"Aragan","Cabugao",1,2026-04-01T13:05:41.462444+00:00,KEEP (Primary)
EXACT_MATCH,EXACT-GRP-36,323177,"Manuel, Mary Rose Ramirez",1975-10-15,Female,"Aragan","Cabugao",1,2026-09-30T07:45:20.987562+00:00,MERGE SERVICES TO PRIMARY
EXACT_MATCH,EXACT-GRP-37,58324,"Barcena,Lumer Sabornido",2000-08-14,Male,"Aragan","Cabugao",1,2026-04-01T13:33:43.097572+00:00,KEEP (Primary)
EXACT_MATCH,EXACT-GRP-37,323277,"Barcena, Lumer Sabornido",2000-08-14,Male,"Aragan","Cabugao",1,2026-09-30T07:45:20.987562+00:00,MERGE SERVICES TO PRIMARY
EXACT_MATCH,EXACT-GRP-38,58327,"Barcena,Michelle Joy Sabornido",2010-08-28,Female,"Aragan","Cabugao",1,2026-04-01T13:34:39.076535+00:00,KEEP (Primary)
EXACT_MATCH,EXACT-GRP-38,323278,"Barcena, Michelle Joy Sabornido",2010-08-28,Female,"Aragan","Cabugao",1,2026-09-30T07:45:20.987562+00:00,MERGE SERVICES TO PRIMARY
EXACT_MATCH,EXACT-GRP-39,58345,"Lagasca,Nicollo John Urata",2007-01-27,Male,"Aragan","Cabugao",1,2026-04-01T13:44:21.973806+00:00,KEEP (Primary)
EXACT_MATCH,EXACT-GRP-39,323068,"Lagasca, Nicollo John Urata",2007-01-27,Male,"Aragan","Cabugao",1,2026-09-30T07:45:20.987562+00:00,MERGE SERVICES TO PRIMARY
EXACT_MATCH,EXACT-GRP-40,58366,"Lagasca,Nicole Urata",2003-05-13,Female,"Aragan","Cabugao",1,2026-04-01T13:54:47.110377+00:00,KEEP (Primary)
EXACT_MATCH,EXACT-GRP-40,323066,"Lagasca, Nicole Urata",2003-05-13,Female,"Aragan","Cabugao",1,2026-09-30T07:45:20.987562+00:00,MERGE SERVICES TO PRIMARY
EXACT_MATCH,EXACT-GRP-41,58373,"Benicta,Maureen Silvania",1988-08-18,Female,"Aragan","Cabugao",1,2026-04-01T14:01:49.45049+00:00,KEEP (Primary)
EXACT_MATCH,EXACT-GRP-41,184936,"Benicta, Maureen Silvania",1988-08-18,Female,"Aragan","Cabugao",1,2026-06-08T05:25:20.028997+00:00,MERGE SERVICES TO PRIMARY
EXACT_MATCH,EXACT-GRP-42,58377,"Lagasca,Jericho Gabuyo",2001-09-26,Male,"Aragan","Cabugao",1,2026-04-01T14:03:32.658227+00:00,KEEP (Primary)
EXACT_MATCH,EXACT-GRP-42,323075,"Lagasca, Jericho Gabuyo",2001-09-26,Male,"Aragan","Cabugao",1,2026-09-30T07:45:20.987562+00:00,MERGE SERVICES TO PRIMARY
EXACT_MATCH,EXACT-GRP-43,58383,"Braceros,Valentin Barcena",1968-02-14,Male,"Aragan","Cabugao",1,2026-04-01T14:08:16.33247+00:00,KEEP (Primary)
EXACT_MATCH,EXACT-GRP-43,323303,"Braceros, Valentin Barcena",1968-02-14,Male,"Aragan","Cabugao",1,2026-09-30T07:45:20.987562+00:00,MERGE SERVICES TO PRIMARY
EXACT_MATCH,EXACT-GRP-44,58391,"Acosta,Rodalyn Sevilleja",1985-05-13,Female,"Aragan","Cabugao",1,2026-04-01T14:14:11.09987+00:00,KEEP (Primary)
EXACT_MATCH,EXACT-GRP-44,323080,"Acosta, Rodalyn Sevilleja",1985-05-13,Female,"Aragan","Cabugao",1,2026-09-30T07:45:20.987562+00:00,MERGE SERVICES TO PRIMARY
EXACT_MATCH,EXACT-GRP-45,58397,"Acosta,John Mark Sevilleja",1991-02-20,Male,"Aragan","Cabugao",1,2026-04-01T14:18:48.8357+00:00,KEEP (Primary)
EXACT_MATCH,EXACT-GRP-45,333325,"ACOSTA, JOHN MARK, SEVILLEJA",1991-02-20,M - Male,"Turod","Cabugao",1,2026-10-02T03:05:56.516021+00:00,MERGE SERVICES TO PRIMARY
EXACT_MATCH,EXACT-GRP-46,58407,"Sevilleja,Roderick Begonia",1975-07-14,Male,"Aragan","Cabugao",2,2026-04-01T14:24:55.302897+00:00,KEEP (Primary)
EXACT_MATCH,EXACT-GRP-46,323565,"Sevilleja , Roderick Begonia",1975-07-14,Male,"Aragan","Cabugao",1,2026-09-30T07:45:23.762846+00:00,MERGE SERVICES TO PRIMARY
EXACT_MATCH,EXACT-GRP-47,58409,"Serna,Maricel Sol",1997-05-26,Female,"Aragan","Cabugao",1,2026-04-01T14:25:58.124096+00:00,KEEP (Primary)
EXACT_MATCH,EXACT-GRP-47,323601,"Serna , Maricel Sol",1997-05-26,Female,"Aragan","Cabugao",1,2026-09-30T07:45:23.762846+00:00,MERGE SERVICES TO PRIMARY
EXACT_MATCH,EXACT-GRP-48,58412,"Sevilleja,Jocelyn Balangatan",1969-12-22,Female,"Aragan","Cabugao",1,2026-04-01T14:27:29.96277+00:00,KEEP (Primary)
EXACT_MATCH,EXACT-GRP-48,323550,"Sevilleja , Jocelyn Balangatan",1969-12-22,Female,"Aragan","Cabugao",1,2026-09-30T07:45:20.987562+00:00,MERGE SERVICES TO PRIMARY
EXACT_MATCH,EXACT-GRP-49,58413,"Sagnep,Andy Rafanan",1990-09-16,Male,"Aragan","Cabugao",1,2026-04-01T14:28:22.519127+00:00,KEEP (Primary)
EXACT_MATCH,EXACT-GRP-49,323544,"Sagnep , Andy  Rafanan",1990-09-16,Male,"Aragan","Cabugao",1,2026-09-30T07:45:20.987562+00:00,MERGE SERVICES TO PRIMARY
EXACT_MATCH,EXACT-GRP-50,58414,"Seguban,Tirso Sevilleja",1957-10-15,Male,"Aragan","Cabugao",1,2026-04-01T14:29:15.118881+00:00,KEEP (Primary)
EXACT_MATCH,EXACT-GRP-50,323468,"Seguban , Tirso Sevilleja",1957-10-15,Male,"Aragan","Cabugao",1,2026-09-30T07:45:20.987562+00:00,MERGE SERVICES TO PRIMARY
EXACT_MATCH,EXACT-GRP-51,58418,"Rigunay,Rogie Raganit",1980-11-20,Male,"Aragan","Cabugao",1,2026-04-01T14:30:33.466431+00:00,KEEP (Primary)
EXACT_MATCH,EXACT-GRP-51,323478,"Rigunay , Rogie Raganit",1980-11-20,Male,"Aragan","Cabugao",1,2026-09-30T07:45:20.987562+00:00,MERGE SERVICES TO PRIMARY
EXACT_MATCH,EXACT-GRP-52,58441,"Fiesta,Hector Fiesta",1961-11-20,Male,"Aragan","Cabugao",1,2026-04-01T14:34:00.08051+00:00,KEEP (Primary)
EXACT_MATCH,EXACT-GRP-52,323484,"Fiesta , Hector Fiesta",1961-11-20,Male,"Aragan","Cabugao",1,2026-09-30T07:45:20.987562+00:00,MERGE SERVICES TO PRIMARY
EXACT_MATCH,EXACT-GRP-53,58443,"Fiesta,Hydee Sevilleja",1988-11-03,Female,"Aragan","Cabugao",1,2026-04-01T14:34:49.544472+00:00,KEEP (Primary)
EXACT_MATCH,EXACT-GRP-53,323489,"Fiesta , Hydee Sevilleja",1988-11-03,Female,"Aragan","Cabugao",1,2026-09-30T07:45:20.987562+00:00,MERGE SERVICES TO PRIMARY
EXACT_MATCH,EXACT-GRP-54,58452,"Tubera, Lydia Naval",1946-02-18,Female,"Aragan","Cabugao",2,2026-04-01T14:41:02.128178+00:00,KEEP (Primary)
EXACT_MATCH,EXACT-GRP-54,323449,"Tubera , Lydia Naval",1946-02-18,Female,"Aragan","Cabugao",1,2026-09-30T07:45:20.987562+00:00,MERGE SERVICES TO PRIMARY
EXACT_MATCH,EXACT-GRP-55,58455,"Sevilleja,Marlyn Naval",1983-07-25,Female,"Aragan","Cabugao",1,2026-04-01T14:43:32.722839+00:00,KEEP (Primary)
EXACT_MATCH,EXACT-GRP-55,323559,"Sevilleja , Marlyn Naval",1983-07-25,Female,"Aragan","Cabugao",1,2026-09-30T07:45:20.987562+00:00,MERGE SERVICES TO PRIMARY
EXACT_MATCH,EXACT-GRP-56,58459,"Sevilleja,Leonilo Seguban",1968-10-17,Male,"Aragan","Cabugao",1,2026-04-01T14:46:13.715409+00:00,KEEP (Primary)
EXACT_MATCH,EXACT-GRP-56,323549,"Sevilleja , Leonilo Seguban",1968-10-17,Male,"Aragan","Cabugao",1,2026-09-30T07:45:20.987562+00:00,MERGE SERVICES TO PRIMARY
EXACT_MATCH,EXACT-GRP-57,58460,"Montalbo,Edward Tolentino",1989-12-29,Male,"Aragan","Cabugao",1,2026-04-01T14:46:56.689565+00:00,KEEP (Primary)
EXACT_MATCH,EXACT-GRP-57,323567,"Montalbo , Edward Tolentino",1989-12-29,Male,"Aragan","Cabugao",1,2026-09-30T07:45:23.762846+00:00,MERGE SERVICES TO PRIMARY
EXACT_MATCH,EXACT-GRP-58,58461,"Balangatan,Hydie Marina Sevilleja",1982-08-22,Female,"Aragan","Cabugao",2,2026-04-01T14:48:02.800645+00:00,KEEP (Primary)
EXACT_MATCH,EXACT-GRP-58,323522,"Balangatan , Hydie Marina Sevilleja",1982-08-22,Female,"Aragan","Cabugao",1,2026-09-30T07:45:20.987562+00:00,MERGE SERVICES TO PRIMARY
EXACT_MATCH,EXACT-GRP-59,58462,"Unabia,Virgilio Seguban",1954-12-24,Male,"Aragan","Cabugao",2,2026-04-01T14:48:59.083553+00:00,KEEP (Primary)
EXACT_MATCH,EXACT-GRP-59,323424,"Unabia , Virgilio Seguban",1954-12-24,Male,"Aragan","Cabugao",1,2026-09-30T07:45:20.987562+00:00,MERGE SERVICES TO PRIMARY
EXACT_MATCH,EXACT-GRP-60,58485,"DE JESUS, ASUNCION VALLEDOR",1954-03-24,Male,"Sagayaden","Cabugao",1,2026-04-01T15:08:58.581345+00:00,KEEP (Primary)
EXACT_MATCH,EXACT-GRP-60,84621,"De Jesus Asuncion Valledor",1954-03-24,Male,"Sagayaden","Cabugao",1,2026-05-06T00:33:40.4005+00:00,MERGE SERVICES TO PRIMARY
EXACT_MATCH,EXACT-GRP-61,58490,"VIVIT, JULIANA SAYABOC",1949-02-16,Female,"Sagayaden","Cabugao",1,2026-04-01T15:08:58.581345+00:00,KEEP (Primary)
EXACT_MATCH,EXACT-GRP-61,90488,"VIVIT JULIANA  SAYABOC",1949-02-16,Female,"Sagayaden","Cabugao",1,2026-05-08T04:09:20.490853+00:00,MERGE SERVICES TO PRIMARY
EXACT_MATCH,EXACT-GRP-62,64609,"AGUSTIN, MAUREEN SAJOR",1983-09-30,Female,"Sagayaden","Cabugao",1,2026-04-13T03:22:53.471135+00:00,KEEP (Primary)
EXACT_MATCH,EXACT-GRP-62,171101,"Agustin Maureen Sajor",1983-09-30,Female,"Sagayaden","Cabugao",1,2026-06-04T00:53:39.235477+00:00,MERGE SERVICES TO PRIMARY
EXACT_MATCH,EXACT-GRP-63,84522,"Arce Randy Valledor",1977-12-29,Male,"Sagayaden","Cabugao",2,2026-05-06T00:33:40.4005+00:00,KEEP (Primary)
EXACT_MATCH,EXACT-GRP-63,64613,"ARCE, RANDY VALLEDOR",1977-12-29,Male,"Sagayaden","Cabugao",1,2026-04-13T03:22:53.471135+00:00,MERGE SERVICES TO PRIMARY
EXACT_MATCH,EXACT-GRP-64,64621,"ASUNCION, MELGINE CARBONEL",1973-10-14,Female,"Sagayaden","Cabugao",1,2026-04-13T03:22:53.471135+00:00,KEEP (Primary)
EXACT_MATCH,EXACT-GRP-64,171157,"Asuncion Melgine Carbonel",1973-10-14,Female,"Sagayaden","Cabugao",1,2026-06-04T00:53:39.235477+00:00,MERGE SERVICES TO PRIMARY
EXACT_MATCH,EXACT-GRP-65,64627,"PAETA, CONSTANTE SAYABOC",1949-04-13,Male,"Sagayaden","Cabugao",1,2026-04-13T03:22:53.471135+00:00,KEEP (Primary)
EXACT_MATCH,EXACT-GRP-65,171243,"Paeta  Constante Sayaboc",1949-04-13,Male,"Sagayaden","Cabugao",1,2026-06-04T00:53:39.235477+00:00,MERGE SERVICES TO PRIMARY
EXACT_MATCH,EXACT-GRP-66,67926,"NAVAL, JERIC SUBOC",2016-06-16,Male,"Caellayan","Cabugao",1,2026-04-16T08:31:26.704457+00:00,KEEP (Primary)
EXACT_MATCH,EXACT-GRP-66,323535,"Naval , Jeric Suboc",2016-06-16,Male,"Aragan","Cabugao",1,2026-09-30T07:45:20.987562+00:00,MERGE SERVICES TO PRIMARY
EXACT_MATCH,EXACT-GRP-67,70063,"SAJONIA JULIUS SERNA",1978-07-13,Male,"Namruangan","Cabugao",1,2026-04-20T06:47:22.872182+00:00,KEEP (Primary)
EXACT_MATCH,EXACT-GRP-67,332465,"SAJONIA, JULIUS SERNA",1978-07-13,Male,"Maradodon","Cabugao",1,2026-10-02T03:04:16.610052+00:00,MERGE SERVICES TO PRIMARY
EXACT_MATCH,EXACT-GRP-68,70064,"SAJONIA MAYFLOR VALLE",1984-05-12,Female,"Namruangan","Cabugao",1,2026-04-20T06:47:22.872182+00:00,KEEP (Primary)
EXACT_MATCH,EXACT-GRP-68,332466,"SAJONIA, MAYFLOR VALLE",1984-05-12,Female,"Maradodon","Cabugao",1,2026-10-02T03:04:16.610052+00:00,MERGE SERVICES TO PRIMARY
EXACT_MATCH,EXACT-GRP-69,72171,"Amate, Manneli,Octavio",1991-10-25,Female,"Catucdaan","Cabugao",1,2026-04-22T07:11:37.270167+00:00,KEEP (Primary)
EXACT_MATCH,EXACT-GRP-69,88918,"Amate,Manneli,Octavio",1991-10-25,Female,"Catucdaan","Cabugao",1,2026-05-07T09:33:49.769048+00:00,MERGE SERVICES TO PRIMARY
EXACT_MATCH,EXACT-GRP-70,72176,"Sabio,Pedro,Sabugo",1980-01-10,Male,"Catucdaan","Cabugao",1,2026-04-22T07:11:37.270167+00:00,KEEP (Primary)
EXACT_MATCH,EXACT-GRP-70,88877,"Sabio,Pedro,Sabugo,",1980-01-10,Male,"Catucdaan","Cabugao",1,2026-05-07T09:33:49.769048+00:00,MERGE SERVICES TO PRIMARY
EXACT_MATCH,EXACT-GRP-71,72194,"Farro,Alayna Fae,Seguritan",2025-03-19,Female,"Catucdaan","Cabugao",1,2026-04-22T07:11:37.270167+00:00,KEEP (Primary)
EXACT_MATCH,EXACT-GRP-71,268465,"FARRO ALAYNA FAE SEGURITAN",2025-03-19,Female,"Catucdaan","Cabugao",1,2026-08-03T08:08:30.259129+00:00,MERGE SERVICES TO PRIMARY
EXACT_MATCH,EXACT-GRP-72,72641,"Tabion,Nathalie Saniatan ",2024-09-23,Female,"Daclapan","Cabugao",2,2026-04-23T05:52:31.110177+00:00,KEEP (Primary)
EXACT_MATCH,EXACT-GRP-72,278396,"Tabion, Nathalie Saniatan",2024-09-23,Female,"Daclapan","Cabugao",1,2026-09-02T04:53:28.7088+00:00,MERGE SERVICES TO PRIMARY
EXACT_MATCH,EXACT-GRP-73,237567,"Sapon, Nathan Caleb ",2025-01-08,Male,"Daclapan","Cabugao",2,2026-06-29T02:34:30.242878+00:00,KEEP (Primary)
EXACT_MATCH,EXACT-GRP-73,72647,"Sapon,Nathan Caleb ",2025-01-08,Male,"Daclapan","Cabugao",1,2026-04-23T05:54:50.960498+00:00,MERGE SERVICES TO PRIMARY
EXACT_MATCH,EXACT-GRP-74,323483,"Rigunay , Monette Seguban",2021-03-17,Female,"Aragan","Cabugao",2,2026-09-30T07:45:20.987562+00:00,KEEP (Primary)
EXACT_MATCH,EXACT-GRP-74,77661,"Rigunay,Monette Seguban",2021-03-17,Female,"Aragan","Cabugao",1,2026-04-29T06:59:44.457246+00:00,MERGE SERVICES TO PRIMARY
EXACT_MATCH,EXACT-GRP-75,77680,"Salazar,Kaye Xia Castro",2017-04-19,Female,"Aragan","Cabugao",1,2026-04-29T07:11:11.351922+00:00,KEEP (Primary)
EXACT_MATCH,EXACT-GRP-75,323404,"Salazar , Kaye Xia Castro",2017-04-19,Female,"Aragan","Cabugao",1,2026-09-30T07:45:20.987562+00:00,MERGE SERVICES TO PRIMARY
EXACT_MATCH,EXACT-GRP-76,323411,"Valderama , Mary Joy Castro",2022-11-08,Female,"Aragan","Cabugao",2,2026-09-30T07:45:20.987562+00:00,KEEP (Primary)
EXACT_MATCH,EXACT-GRP-76,77683,"Valderama,Mary Joy Castro",2022-11-08,Female,"Aragan","Cabugao",1,2026-04-29T07:13:14.904242+00:00,MERGE SERVICES TO PRIMARY
EXACT_MATCH,EXACT-GRP-77,77736,"Salazar,Rexie Castro",1983-04-04,Female,"Aragan","Cabugao",1,2026-04-29T07:41:01.818739+00:00,KEEP (Primary)
EXACT_MATCH,EXACT-GRP-77,323400,"Salazar , Rexie Castro",1983-04-04,Female,"Aragan","Cabugao",1,2026-09-30T07:45:20.987562+00:00,MERGE SERVICES TO PRIMARY
EXACT_MATCH,EXACT-GRP-78,77750,"Tubera, Nenita Ronque",1959-11-28,Female,"Aragan","Cabugao",1,2026-04-29T07:50:58.393704+00:00,KEEP (Primary)
EXACT_MATCH,EXACT-GRP-78,323332,"Tubera , Nenita Ronque",1959-11-28,Female,"Aragan","Cabugao",1,2026-09-30T07:45:20.987562+00:00,MERGE SERVICES TO PRIMARY
EXACT_MATCH,EXACT-GRP-79,77762,"Manuel,Teresita Sadac",1955-03-21,Female,"Aragan","Cabugao",1,2026-04-29T07:57:51.743562+00:00,KEEP (Primary)
EXACT_MATCH,EXACT-GRP-79,184721,"Manuel, Teresita Sadac",1955-03-21,Female,"Aragan","Cabugao",1,2026-06-08T03:52:43.911081+00:00,MERGE SERVICES TO PRIMARY
EXACT_MATCH,EXACT-GRP-80,77790,"Serna, Felimon Seguritan",1950-05-26,Male,"Aragan","Cabugao",1,2026-04-29T08:08:04.387927+00:00,KEEP (Primary)
EXACT_MATCH,EXACT-GRP-80,323357,"Serna , Felimon Seguritan",1950-05-26,Male,"Aragan","Cabugao",1,2026-09-30T07:45:20.987562+00:00,MERGE SERVICES TO PRIMARY
EXACT_MATCH,EXACT-GRP-81,77903,"Serna, Perlito Seguritan",1948-07-19,Male,"Aragan","Cabugao",1,2026-04-29T08:51:15.596479+00:00,KEEP (Primary)
EXACT_MATCH,EXACT-GRP-81,323583,"Serna , Perlito Seguritan",1948-07-19,Male,"Aragan","Cabugao",1,2026-09-30T07:45:23.762846+00:00,MERGE SERVICES TO PRIMARY
EXACT_MATCH,EXACT-GRP-82,77909,"Seguban, Adelina Serna",1956-08-02,Female,"Aragan","Cabugao",1,2026-04-29T08:54:15.671837+00:00,KEEP (Primary)
EXACT_MATCH,EXACT-GRP-82,323469,"Seguban , Adelina Serna",1956-08-02,Female,"Aragan","Cabugao",1,2026-09-30T07:45:20.987562+00:00,MERGE SERVICES TO PRIMARY
EXACT_MATCH,EXACT-GRP-83,77911,"Vita, Corazon Arellano",1962-12-06,Female,"Aragan","Cabugao",1,2026-04-29T08:56:05.602093+00:00,KEEP (Primary)
EXACT_MATCH,EXACT-GRP-83,323330,"Vita , Corazon Arellano",1962-12-06,Female,"Aragan","Cabugao",1,2026-09-30T07:45:20.987562+00:00,MERGE SERVICES TO PRIMARY
EXACT_MATCH,EXACT-GRP-84,77921,"Seguban, Wilfredo Sevilleja",1956-01-18,Male,"Aragan","Cabugao",1,2026-04-29T09:09:14.680117+00:00,KEEP (Primary)
EXACT_MATCH,EXACT-GRP-84,323499,"Seguban , Wilfredo Sevilleja",1956-01-18,Male,"Aragan","Cabugao",1,2026-09-30T07:45:20.987562+00:00,MERGE SERVICES TO PRIMARY
EXACT_MATCH,EXACT-GRP-85,80505,"Seguritan,Michaela,Naval",2023-12-05,Female,"Catucdaan","Cabugao",1,2026-05-04T02:32:46.166483+00:00,KEEP (Primary)
EXACT_MATCH,EXACT-GRP-85,268420,"SEGURITAN MICHAELA NAVAL",2023-12-05,Male,"Catucdaan","Cabugao",1,2026-08-03T07:37:45.868484+00:00,MERGE SERVICES TO PRIMARY
EXACT_MATCH,EXACT-GRP-86,80509,"Almonicar,Rukia,Sajor",2023-03-02,Female,"Catucdaan","Cabugao",1,2026-05-04T02:32:46.166483+00:00,KEEP (Primary)
EXACT_MATCH,EXACT-GRP-86,268428,"ALMONICAR RUKIA SAJOR",2023-03-02,Female,"Catucdaan","Cabugao",1,2026-08-03T07:42:30.074278+00:00,MERGE SERVICES TO PRIMARY
EXACT_MATCH,EXACT-GRP-87,80510,"Penis,Jaren Bryle,Sambrana",2026-01-22,Male,"Catucdaan","Cabugao",1,2026-05-04T02:32:46.166483+00:00,KEEP (Primary)
EXACT_MATCH,EXACT-GRP-87,273998,"PENIS JAREN BRYLE SAMBRANA",2026-01-22,Male,"Catucdaan","Cabugao",1,2026-08-09T23:57:38.867709+00:00,MERGE SERVICES TO PRIMARY
EXACT_MATCH,EXACT-GRP-88,80516,"Sevilleja,Teresa,Sabio",1944-08-26,Female,"Catucdaan","Cabugao",2,2026-05-04T02:32:46.166483+00:00,KEEP (Primary)
EXACT_MATCH,EXACT-GRP-88,332374,"SEVILLEJA, TERESA SABIO",1944-08-26,Female,"Maradodon","Cabugao",1,2026-10-02T03:04:16.610052+00:00,MERGE SERVICES TO PRIMARY
EXACT_MATCH,EXACT-GRP-89,81733,"TABACO, RENATO RAGADI",1969-04-21,Female,"Namruangan","Cabugao",1,2026-05-05T06:47:14.183319+00:00,KEEP (Primary)
EXACT_MATCH,EXACT-GRP-89,179964,"TABACO RENATO RAGADI",1969-04-21,Male,"Namruangan","Cabugao",1,2026-06-05T07:31:16.13943+00:00,MERGE SERVICES TO PRIMARY
EXACT_MATCH,EXACT-GRP-90,84505,"Alejandro Jericho Garcia",1997-10-20,Male,"Sagayaden","Cabugao",1,2026-05-06T00:33:40.4005+00:00,KEEP (Primary)
EXACT_MATCH,EXACT-GRP-90,176249,"Alejandro, Jericho Garcia",1997-10-20,Male,"Pug-os","Cabugao",1,2026-06-04T10:33:18.674457+00:00,MERGE SERVICES TO PRIMARY
EXACT_MATCH,EXACT-GRP-91,85616,"Tisbe, Ira Segui",2003-02-15,Female,"Daclapan","Cabugao",1,2026-05-06T06:30:15.780361+00:00,KEEP (Primary)
EXACT_MATCH,EXACT-GRP-91,326136,"Tisbe, Ira  Segui",2003-02-15,Female,"Daclapan","Cabugao",1,2026-10-01T04:22:26.981226+00:00,MERGE SERVICES TO PRIMARY
EXACT_MATCH,EXACT-GRP-92,85769,"Castillo Jhea Allysa Tabula",2010-12-02,Female,"Arnap","Cabugao",2,2026-05-06T06:46:52.214663+00:00,KEEP (Primary)
EXACT_MATCH,EXACT-GRP-92,255920,"CASTILLO, JHEA ALLYSA TABULA",2010-12-02,Female,"Caellayan","Cabugao",1,2026-07-23T02:51:07.88098+00:00,MERGE SERVICES TO PRIMARY
EXACT_MATCH,EXACT-GRP-93,85777,"AGDIOS AUSTIN ABELLA",2025-03-20,Male,"Arnap","Cabugao",2,2026-05-06T06:46:52.214663+00:00,KEEP (Primary)
EXACT_MATCH,EXACT-GRP-93,272940,"Agdios, Austin, Abella",2025-03-20,Male,"Arnap","Cabugao",1,2026-08-07T07:22:17.845258+00:00,MERGE SERVICES TO PRIMARY
EXACT_MATCH,EXACT-GRP-94,85792,"Aning Carmella Jem Toloza",2021-11-21,Female,"Arnap","Cabugao",2,2026-05-06T06:46:52.214663+00:00,KEEP (Primary)
EXACT_MATCH,EXACT-GRP-94,272983,"Aning, Carmella Jem, Toloza",2021-11-21,Female,"Arnap","Cabugao",1,2026-08-07T07:22:17.845258+00:00,MERGE SERVICES TO PRIMARY
EXACT_MATCH,EXACT-GRP-95,85811,"Rentiquiano Rhiana Gagala",2022-06-28,Female,"Arnap","Cabugao",1,2026-05-06T06:46:52.214663+00:00,KEEP (Primary)
EXACT_MATCH,EXACT-GRP-95,273006,"Rentiquiano, Rhiana, Gagala",2022-06-28,Female,"Arnap","Cabugao",1,2026-08-07T07:22:17.845258+00:00,MERGE SERVICES TO PRIMARY
EXACT_MATCH,EXACT-GRP-96,85823,"Solis Carl Jowen Sabinay",2023-07-17,Male,"Arnap","Cabugao",1,2026-05-06T06:46:52.214663+00:00,KEEP (Primary)
EXACT_MATCH,EXACT-GRP-96,273000,"Solis, Carl Jowen, Sabinay",2023-07-17,Male,"Arnap","Cabugao",1,2026-08-07T07:22:17.845258+00:00,MERGE SERVICES TO PRIMARY
EXACT_MATCH,EXACT-GRP-97,85832,"Tapangco Rosita Junio",1939-08-02,Female,"Arnap","Cabugao",1,2026-05-06T06:46:52.214663+00:00,KEEP (Primary)
EXACT_MATCH,EXACT-GRP-97,214892,"Tapangco, Rosita Junio",1939-08-02,Female,"Arnap","Cabugao",1,2026-06-22T06:41:51.322315+00:00,MERGE SERVICES TO PRIMARY
EXACT_MATCH,EXACT-GRP-98,86053,"ATABELO, JOHN NATHAN SONIDO",2015-02-13,Male,"Margaay","Cabugao",1,2026-05-06T07:29:03.331039+00:00,KEEP (Primary)
EXACT_MATCH,EXACT-GRP-98,268280,"ATABELO JOHN NATHAN SONIDO",2015-02-13,Male,"Margaay","Cabugao",1,2026-08-03T06:56:50.445231+00:00,MERGE SERVICES TO PRIMARY
EXACT_MATCH,EXACT-GRP-99,86058,"CASTILLO, JEO SATURNO",2022-12-15,Male,"Margaay","Cabugao",2,2026-05-06T07:29:03.331039+00:00,KEEP (Primary)
EXACT_MATCH,EXACT-GRP-99,276244,"CASTILLO JEO SATURNO",2022-12-15,Male,"Margaay","Cabugao",1,2026-08-24T02:20:17.297597+00:00,MERGE SERVICES TO PRIMARY
EXACT_MATCH,EXACT-GRP-100,86064,"DANAO, VERONICA GENETA",1959-02-10,Female,"Margaay","Cabugao",1,2026-05-06T07:29:03.331039+00:00,KEEP (Primary)
EXACT_MATCH,EXACT-GRP-100,165032,"DANAO VERONICA GENETA",1959-02-10,Female,"Margaay","Cabugao",1,2026-06-02T08:53:54.679899+00:00,MERGE SERVICES TO PRIMARY
EXACT_MATCH,EXACT-GRP-101,86103,"SUMAGIT, RYAN RONDON",2019-07-16,Male,"Margaay","Cabugao",1,2026-05-06T07:29:03.331039+00:00,KEEP (Primary)
EXACT_MATCH,EXACT-GRP-101,91883,"SUMAGIT RYAN RONDON",2019-07-16,Male,"Margaay","Cabugao",1,2026-05-08T08:08:23.479339+00:00,MERGE SERVICES TO PRIMARY
EXACT_MATCH,EXACT-GRP-102,86778,"SIEMBRE FRANCISCA PAETA",1953-04-16,Female,"Cacadiran","Cabugao",3,2026-05-06T08:43:17.71907+00:00,KEEP (Primary)
EXACT_MATCH,EXACT-GRP-102,169256,"Siembre Francisca  Paeta",1953-04-16,Female,"Cacadiran","Cabugao",1,2026-06-03T05:27:33.660858+00:00,MERGE SERVICES TO PRIMARY
EXACT_MATCH,EXACT-GRP-103,86785,"Siembre Reynante Hilamor",1975-11-14,Male,"Cacadiran","Cabugao",1,2026-05-06T08:43:17.71907+00:00,KEEP (Primary)
EXACT_MATCH,EXACT-GRP-103,176705,"Siembre  Reynante Hilamor",1975-11-14,Male,"Cacadiran","Cabugao",1,2026-06-04T10:52:21.210266+00:00,MERGE SERVICES TO PRIMARY
EXACT_MATCH,EXACT-GRP-104,87515,"VILLEGAS GABRIEL GASPAR",2009-04-22,Male,"Margaay","Cabugao",1,2026-05-07T03:51:10.700801+00:00,KEEP (Primary)
EXACT_MATCH,EXACT-GRP-104,98344,"Villegas, Gabriel Gaspar",2009-04-22,Female,"Pug-os","Cabugao",1,2026-05-09T15:49:27.419143+00:00,MERGE SERVICES TO PRIMARY
EXACT_MATCH,EXACT-GRP-105,88917,"Lubrin,Aivee Brielle,Dela Cruz",2021-09-02,Female,"Catucdaan","Cabugao",1,2026-05-07T09:33:49.769048+00:00,KEEP (Primary)
EXACT_MATCH,EXACT-GRP-105,268484,"LUBRIN AIVEE BRIELLE DELA CRUZ",2021-09-02,Female,"Catucdaan","Cabugao",1,2026-08-03T08:25:59.297119+00:00,MERGE SERVICES TO PRIMARY
EXACT_MATCH,EXACT-GRP-106,91584,"Baclig,Jansen,Benavidez",1990-12-11,Male,"Catucdaan","Cabugao",1,2026-05-08T08:00:35.940941+00:00,KEEP (Primary)
EXACT_MATCH,EXACT-GRP-106,175905,"Baclig, Jansen Benavidez",1990-12-11,Male,"Pug-os","Cabugao",1,2026-06-04T10:33:18.674457+00:00,MERGE SERVICES TO PRIMARY
EXACT_MATCH,EXACT-GRP-107,91705,"Gaspar,Alfredo,Sevilleja",1965-03-08,Male,"Catucdaan","Cabugao",1,2026-05-08T08:00:35.940941+00:00,KEEP (Primary)
EXACT_MATCH,EXACT-GRP-107,174438,"GASPAR, ALFREDO SEVILLEJA",1965-03-08,Male,"Cuancabal","Cabugao",1,2026-06-04T09:29:20.791103+00:00,MERGE SERVICES TO PRIMARY
EXACT_MATCH,EXACT-GRP-108,91728,"Castillo,Mary Claire",2005-12-10,Female,"Catucdaan","Cabugao",1,2026-05-08T08:00:35.940941+00:00,KEEP (Primary)
EXACT_MATCH,EXACT-GRP-108,165012,"CASTILLO MARY CLAIRE",2005-12-10,Female,"Margaay","Cabugao",1,2026-06-02T08:53:54.679899+00:00,MERGE SERVICES TO PRIMARY
EXACT_MATCH,EXACT-GRP-108,176359,"Castillo, Mary Claire",2005-12-10,Female,"Pug-os","Cabugao",1,2026-06-04T10:33:18.674457+00:00,MERGE SERVICES TO PRIMARY
EXACT_MATCH,EXACT-GRP-109,91743,"Sevilleja,Atilano,Sonico",1941-10-05,Male,"Catucdaan","Cabugao",1,2026-05-08T08:00:35.940941+00:00,KEEP (Primary)
EXACT_MATCH,EXACT-GRP-109,332373,"SEVILLEJA, ATILANO SONICO",1941-10-05,Male,"Maradodon","Cabugao",1,2026-10-02T03:04:16.610052+00:00,MERGE SERVICES TO PRIMARY
EXACT_MATCH,EXACT-GRP-110,91755,"Sonico,Marina,Sajor",1935-12-26,Female,"Catucdaan","Cabugao",1,2026-05-08T08:00:35.940941+00:00,KEEP (Primary)
EXACT_MATCH,EXACT-GRP-110,237425,"SONICO, MARINA SAJOR",1935-12-26,Female,"Maradodon","Cabugao",1,2026-06-29T02:04:45.002754+00:00,MERGE SERVICES TO PRIMARY
EXACT_MATCH,EXACT-GRP-111,118666,"MENDOZA JOCELYN SAMBRANA",1991-02-23,Female,"Namruangan","Cabugao",1,2026-05-20T03:44:36.595964+00:00,KEEP (Primary)
EXACT_MATCH,EXACT-GRP-111,170460,"Mendoza, Jocelyn Sambrana",1991-02-23,Female,"Aragan","Cabugao",1,2026-06-03T08:22:26.480032+00:00,MERGE SERVICES TO PRIMARY
EXACT_MATCH,EXACT-GRP-112,143420,"Zamora, Nemesio Villanueva",1958-04-02,Male,"Salapasap","Cabugao",1,2026-05-25T12:43:40.057947+00:00,KEEP (Primary)
EXACT_MATCH,EXACT-GRP-112,143832,"Zamora, Nemesio Villanueva.",1958-04-02,Male,"Salapasap","Cabugao",1,2026-05-25T12:47:09.395182+00:00,MERGE SERVICES TO PRIMARY
EXACT_MATCH,EXACT-GRP-113,143423,"Zamora, Zosimo Zamora",1963-12-19,Male,"Salapasap","Cabugao",1,2026-05-25T12:43:40.057947+00:00,KEEP (Primary)
EXACT_MATCH,EXACT-GRP-113,143833,"Zamora, Zosimo Zamora.",1963-12-19,Male,"Salapasap","Cabugao",1,2026-05-25T12:47:09.395182+00:00,MERGE SERVICES TO PRIMARY
EXACT_MATCH,EXACT-GRP-114,143424,"Zamora, Donato Villanueva",1968-10-26,Male,"Salapasap","Cabugao",1,2026-05-25T12:43:40.057947+00:00,KEEP (Primary)
EXACT_MATCH,EXACT-GRP-114,143834,"Zamora, Donato Villanueva.",1968-10-26,Male,"Salapasap","Cabugao",1,2026-05-25T12:47:09.395182+00:00,MERGE SERVICES TO PRIMARY
EXACT_MATCH,EXACT-GRP-115,143778,"Villegas,Prince Xavier Drake Mercado",2021-10-13,Male,"Salapasap","Cabugao",1,2026-05-25T12:43:40.057947+00:00,KEEP (Primary)
EXACT_MATCH,EXACT-GRP-115,256617,"Villegas, Prince Xavier Drake Mercado",2021-10-13,Male,"Salapasap","Cabugao",1,2026-07-23T05:39:23.941392+00:00,MERGE SERVICES TO PRIMARY
EXACT_MATCH,EXACT-GRP-116,148480,"Saplor, Noel Agutos",1994-11-24,Male,"Daclapan","Cabugao",1,2026-05-27T12:56:02.665923+00:00,KEEP (Primary)
EXACT_MATCH,EXACT-GRP-116,175130,"Saplor,Noel Agutos",1994-11-24,Male,"Salapasap","Cabugao",1,2026-06-04T09:56:07.527576+00:00,MERGE SERVICES TO PRIMARY
EXACT_MATCH,EXACT-GRP-117,164895,"Savellano ,Ariel Solmerin",1992-01-20,Male,"Salapasap","Cabugao",1,2026-06-02T08:25:47.449797+00:00,KEEP (Primary)
EXACT_MATCH,EXACT-GRP-117,332431,"SAVELLANO, ARIEL SOLMERIN",1992-01-20,Male,"Maradodon","Cabugao",1,2026-10-02T03:04:16.610052+00:00,MERGE SERVICES TO PRIMARY
EXACT_MATCH,EXACT-GRP-118,187775,"Somera , Andrew Arcebal",1992-04-22,Male,"Aragan","Cabugao",2,2026-06-08T09:07:54.91764+00:00,KEEP (Primary)
EXACT_MATCH,EXACT-GRP-118,165154,"SOMERA ANDREW ARCEBAL",1992-04-22,Male,"Margaay","Cabugao",1,2026-06-02T08:53:54.679899+00:00,MERGE SERVICES TO PRIMARY
EXACT_MATCH,EXACT-GRP-119,165362,"Tabula Mherwin Poliquit",2020-10-24,Male,"Arnap","Cabugao",1,2026-06-02T09:04:23.806353+00:00,KEEP (Primary)
EXACT_MATCH,EXACT-GRP-119,272992,"Tabula, Mherwin, Poliquit",2020-10-24,Male,"Arnap","Cabugao",1,2026-08-07T07:22:17.845258+00:00,MERGE SERVICES TO PRIMARY
EXACT_MATCH,EXACT-GRP-120,165373,"Disto Angelo Gabriel Torda",2022-03-26,Male,"Arnap","Cabugao",1,2026-06-02T09:04:23.806353+00:00,KEEP (Primary)
EXACT_MATCH,EXACT-GRP-120,272979,"Disto, Angelo Gabriel, Torda",2022-03-26,Male,"Arnap","Cabugao",1,2026-08-07T07:22:17.845258+00:00,MERGE SERVICES TO PRIMARY
EXACT_MATCH,EXACT-GRP-121,165459,"Imperio Princess Ann Tabula",2022-10-15,Female,"Arnap","Cabugao",1,2026-06-02T09:04:23.806353+00:00,KEEP (Primary)
EXACT_MATCH,EXACT-GRP-121,272971,"Imperio, Princess Ann, Tabula",2022-10-15,Female,"Arnap","Cabugao",1,2026-08-07T07:22:17.845258+00:00,MERGE SERVICES TO PRIMARY
EXACT_MATCH,EXACT-GRP-122,165464,"Castillo Herby Angelo Tabula",2013-08-28,Male,"Arnap","Cabugao",1,2026-06-02T09:04:23.806353+00:00,KEEP (Primary)
EXACT_MATCH,EXACT-GRP-122,255921,"CASTILLO, HERBY ANGELO TABULA",2013-08-28,Male,"Caellayan","Cabugao",1,2026-07-23T02:51:07.88098+00:00,MERGE SERVICES TO PRIMARY
EXACT_MATCH,EXACT-GRP-123,165592,"Rivera Liam Ace Padilla",2022-10-15,Male,"Arnap","Cabugao",1,2026-06-02T09:04:23.806353+00:00,KEEP (Primary)
EXACT_MATCH,EXACT-GRP-123,272972,"Rivera, Liam Ace, Padilla",2022-10-15,Male,"Arnap","Cabugao",1,2026-08-07T07:22:17.845258+00:00,MERGE SERVICES TO PRIMARY
EXACT_MATCH,EXACT-GRP-124,165837,"Canedo Dianne Arabelle Tabuso",2020-12-12,Female,"Arnap","Cabugao",1,2026-06-02T09:04:27.00466+00:00,KEEP (Primary)
EXACT_MATCH,EXACT-GRP-124,272989,"Canedo, Dianne Arabelle, Tabuso",2020-12-12,Female,"Arnap","Cabugao",1,2026-08-07T07:22:17.845258+00:00,MERGE SERVICES TO PRIMARY
EXACT_MATCH,EXACT-GRP-125,165890,"Daroy Amarah Vesha Tagatac",2020-07-14,Female,"Arnap","Cabugao",1,2026-06-02T09:04:27.00466+00:00,KEEP (Primary)
EXACT_MATCH,EXACT-GRP-125,272995,"Daroy, Amarah Vesha, Tagatac",2020-07-14,Male,"Arnap","Cabugao",1,2026-08-07T07:22:17.845258+00:00,MERGE SERVICES TO PRIMARY
EXACT_MATCH,EXACT-GRP-126,171414,"Tatson Catalina Ringor",1978-03-21,Female,"Sagayaden","Cabugao",1,2026-06-04T00:53:39.235477+00:00,KEEP (Primary)
EXACT_MATCH,EXACT-GRP-126,332214,"TATSON, CATALINA RINGOR",1978-03-21,Female,"Maradodon","Cabugao",1,2026-10-02T03:04:16.610052+00:00,MERGE SERVICES TO PRIMARY
EXACT_MATCH,EXACT-GRP-127,171420,"Tatson Myra Jane Ringor",2006-12-18,Female,"Sagayaden","Cabugao",1,2026-06-04T00:53:39.235477+00:00,KEEP (Primary)
EXACT_MATCH,EXACT-GRP-127,332216,"TATSON, MYRA JANE RINGOR",2006-12-18,Female,"Maradodon","Cabugao",1,2026-10-02T03:04:16.610052+00:00,MERGE SERVICES TO PRIMARY
EXACT_MATCH,EXACT-GRP-128,174636,"VILLANUEVA, IRISH VALLEJO",2023-04-14,Female,"Cuancabal","Cabugao",2,2026-06-04T09:29:20.791103+00:00,KEEP (Primary)
EXACT_MATCH,EXACT-GRP-128,256114,"VILLANUEVA IRISH VALLEJO",2023-04-14,Female,"Cuancabal","Cabugao",1,2026-07-23T04:48:49.930429+00:00,MERGE SERVICES TO PRIMARY
EXACT_MATCH,EXACT-GRP-129,175613,"Guzman,  Alora Arianna Segui",2024-08-19,Female,"Salapasap","Cabugao",1,2026-06-04T10:12:12.781281+00:00,KEEP (Primary)
EXACT_MATCH,EXACT-GRP-129,256616,"Guzman, Alora Arianna Segui",2024-08-19,Female,"Salapasap","Cabugao",1,2026-07-23T05:39:23.941392+00:00,MERGE SERVICES TO PRIMARY
EXACT_MATCH,EXACT-GRP-130,176989,"Salamanca  Juanita Valencia",1951-07-22,Female,"Cacadiran","Cabugao",1,2026-06-04T10:52:21.210266+00:00,KEEP (Primary)
EXACT_MATCH,EXACT-GRP-130,219008,"SALAMANCA JUANITA VALENCIA",1951-07-22,Female,"Cacadiran","Cabugao",1,2026-06-23T08:33:25.335422+00:00,MERGE SERVICES TO PRIMARY
EXACT_MATCH,EXACT-GRP-131,177716,"CASUGAY RHIAN JOI RABOR",2020-01-14,Female,"Namruangan","Cabugao",1,2026-06-05T01:56:44.64041+00:00,KEEP (Primary)
EXACT_MATCH,EXACT-GRP-131,245923,"Casugay, Rhian Joi Rabor",2020-01-14,Female,"Pug-os","Cabugao",1,2026-07-13T07:03:27.081387+00:00,MERGE SERVICES TO PRIMARY
EXACT_MATCH,EXACT-GRP-132,177957,"SANIATAN ESTRELLA SAPLOR",1990-02-01,Female,"Namruangan","Cabugao",1,2026-06-05T01:56:44.64041+00:00,KEEP (Primary)
EXACT_MATCH,EXACT-GRP-132,222146,"Saniatan, Estrella Saplor",1990-02-01,Female,"Daclapan","Cabugao",1,2026-06-24T06:41:46.118726+00:00,MERGE SERVICES TO PRIMARY
EXACT_MATCH,EXACT-GRP-133,186275,"Valle, Chrizel Joy Saribay",2012-04-15,Female,"Daclapan","Cabugao",2,2026-06-08T06:32:34.884216+00:00,KEEP (Primary)
EXACT_MATCH,EXACT-GRP-133,178011,"VALLE CHRIZEL JOY SARIBAY",2012-04-15,Female,"Namruangan","Cabugao",1,2026-06-05T01:56:44.64041+00:00,MERGE SERVICES TO PRIMARY
EXACT_MATCH,EXACT-GRP-134,186273,"Valle, Crisanto Rabor",1985-08-15,Male,"Daclapan","Cabugao",2,2026-06-08T06:32:34.884216+00:00,KEEP (Primary)
EXACT_MATCH,EXACT-GRP-134,178013,"VALLE CRISANTO RABOR",1985-08-15,Female,"Namruangan","Cabugao",1,2026-06-05T01:56:44.64041+00:00,MERGE SERVICES TO PRIMARY
EXACT_MATCH,EXACT-GRP-135,180060,"YASAY ANGELA  MAHUSAY",1986-09-20,Female,"Namruangan","Cabugao",1,2026-06-05T07:31:16.13943+00:00,KEEP (Primary)
EXACT_MATCH,EXACT-GRP-135,332756,"YASAY, ANGELA, MAHUSAY",1986-09-20,F - Female,"Turod","Cabugao",1,2026-10-02T03:05:55.634458+00:00,MERGE SERVICES TO PRIMARY
EXACT_MATCH,EXACT-GRP-136,180065,"YASAY JOHN MARK MAHUSAY",2007-08-25,Male,"Namruangan","Cabugao",1,2026-06-05T07:31:16.13943+00:00,KEEP (Primary)
EXACT_MATCH,EXACT-GRP-136,332758,"YASAY, JOHN MARK, MAHUSAY",2007-08-25,M - Male,"Turod","Cabugao",1,2026-10-02T03:05:55.634458+00:00,MERGE SERVICES TO PRIMARY
EXACT_MATCH,EXACT-GRP-137,180071,"YASAY NICOLE MAHUSAY",2009-07-03,Female,"Namruangan","Cabugao",1,2026-06-05T07:31:16.13943+00:00,KEEP (Primary)
EXACT_MATCH,EXACT-GRP-137,332757,"YASAY, NICOLE, MAHUSAY",2009-07-03,F - Female,"Turod","Cabugao",1,2026-10-02T03:05:55.634458+00:00,MERGE SERVICES TO PRIMARY
EXACT_MATCH,EXACT-GRP-138,184736,"Paras , Elmer Tadena",1969-08-29,Male,"Aragan","Cabugao",1,2026-06-08T03:52:43.911081+00:00,KEEP (Primary)
EXACT_MATCH,EXACT-GRP-138,323387,"Paras , Elmer Tadena",1969-08-29,Male,"Aragan","Cabugao",1,2026-09-30T07:45:20.987562+00:00,MERGE SERVICES TO PRIMARY
EXACT_MATCH,EXACT-GRP-139,184737,"Paras , Lucia Pricila Seguban",1970-06-07,Female,"Aragan","Cabugao",1,2026-06-08T03:52:43.911081+00:00,KEEP (Primary)
EXACT_MATCH,EXACT-GRP-139,323388,"Paras , Lucia Pricila Seguban",1970-06-07,Female,"Aragan","Cabugao",1,2026-09-30T07:45:20.987562+00:00,MERGE SERVICES TO PRIMARY
EXACT_MATCH,EXACT-GRP-140,184738,"Castro , Adelina Siena",1965-08-09,Female,"Aragan","Cabugao",1,2026-06-08T03:52:43.911081+00:00,KEEP (Primary)
EXACT_MATCH,EXACT-GRP-140,323406,"Castro , Adelina Siena",1965-08-09,Female,"Aragan","Cabugao",1,2026-09-30T07:45:20.987562+00:00,MERGE SERVICES TO PRIMARY
EXACT_MATCH,EXACT-GRP-141,184740,"Tatchon , Arlene Tatchon",1976-12-25,Female,"Aragan","Cabugao",1,2026-06-08T03:52:43.911081+00:00,KEEP (Primary)
EXACT_MATCH,EXACT-GRP-141,323442,"Tatchon , Arlene Tatchon",1976-12-25,Female,"Aragan","Cabugao",1,2026-09-30T07:45:20.987562+00:00,MERGE SERVICES TO PRIMARY
EXACT_MATCH,EXACT-GRP-142,184741,"Seguban , Consolacion Sevilleja",1972-10-08,Female,"Aragan","Cabugao",1,2026-06-08T03:52:43.911081+00:00,KEEP (Primary)
EXACT_MATCH,EXACT-GRP-142,323455,"Seguban , Consolacion Sevilleja",1972-10-08,Female,"Aragan","Cabugao",1,2026-09-30T07:45:20.987562+00:00,MERGE SERVICES TO PRIMARY
EXACT_MATCH,EXACT-GRP-143,184742,"Serna , Lolita Sevilleja",1952-11-12,Female,"Aragan","Cabugao",1,2026-06-08T03:52:43.911081+00:00,KEEP (Primary)
EXACT_MATCH,EXACT-GRP-143,323584,"Serna , Lolita Sevilleja",1952-11-12,Female,"Aragan","Cabugao",1,2026-09-30T07:45:23.762846+00:00,MERGE SERVICES TO PRIMARY
EXACT_MATCH,EXACT-GRP-144,185818,"Aganad, Lydia Sapon",1943-03-27,Female,"Daclapan","Cabugao",1,2026-06-08T06:32:32.656867+00:00,KEEP (Primary)
EXACT_MATCH,EXACT-GRP-144,256349,"Aganad,Lydia Sapon",1943-03-27,Female,"Salapasap","Cabugao",1,2026-07-23T05:39:23.941392+00:00,MERGE SERVICES TO PRIMARY
EXACT_MATCH,EXACT-GRP-145,186284,"Sarte, Ivy //",2004-01-15,Male,"Daclapan","Cabugao",1,2026-06-08T06:32:34.884216+00:00,KEEP (Primary)
EXACT_MATCH,EXACT-GRP-145,221590,"Sarte, Ivy",2004-01-15,Male,"Daclapan","Cabugao",1,2026-06-24T04:34:58.866493+00:00,MERGE SERVICES TO PRIMARY
EXACT_MATCH,EXACT-GRP-146,278399,"SONIDO KIARA LEY VIESTA",2025-05-10,Male,"Arnap","Cabugao",2,2026-09-02T04:59:24.607398+00:00,KEEP (Primary)
EXACT_MATCH,EXACT-GRP-146,197898,"Sonido,Kiara Ley,Viesta",2025-05-10,Female,"Arnap","Cabugao",1,2026-06-10T06:20:23.121312+00:00,MERGE SERVICES TO PRIMARY
EXACT_MATCH,EXACT-GRP-147,208140,"Penis,Carol,Tabil",2021-06-22,Female,"Catucdaan","Cabugao",1,2026-06-18T06:39:00.187926+00:00,KEEP (Primary)
EXACT_MATCH,EXACT-GRP-147,273988,"PENIS CAROL TABIL",2021-06-22,Female,"Catucdaan","Cabugao",1,2026-08-09T23:30:42.317653+00:00,MERGE SERVICES TO PRIMARY
EXACT_MATCH,EXACT-GRP-148,208142,"Rivera Clerk CJ Padilla",2021-06-29,Male,"Arnap","Cabugao",1,2026-06-18T06:39:00.187926+00:00,KEEP (Primary)
EXACT_MATCH,EXACT-GRP-148,272985,"Rivera, Clerk Cj, Padilla",2021-06-29,Male,"Arnap","Cabugao",1,2026-08-07T07:22:17.845258+00:00,MERGE SERVICES TO PRIMARY
EXACT_MATCH,EXACT-GRP-149,208143,"Tabula Paul Gavin Siruno",2021-06-19,Male,"Cacadiran","Cabugao",1,2026-06-18T06:39:00.187926+00:00,KEEP (Primary)
EXACT_MATCH,EXACT-GRP-149,272986,"Tabula, Paul Gavin, Siruno",2021-06-19,Male,"Arnap","Cabugao",1,2026-08-07T07:22:17.845258+00:00,MERGE SERVICES TO PRIMARY
EXACT_MATCH,EXACT-GRP-150,214690,"Sonido Jay-Ann",2021-01-07,Female,"Arnap","Cabugao",1,2026-06-22T06:41:51.322315+00:00,KEEP (Primary)
EXACT_MATCH,EXACT-GRP-150,272948,"Sonido, Jay Ann",2021-01-07,Female,"Arnap","Cabugao",1,2026-08-07T07:22:17.845258+00:00,MERGE SERVICES TO PRIMARY
EXACT_MATCH,EXACT-GRP-151,214765,"Vergara Eesha Hannah Siembre",2021-11-30,Female,"Arnap","Cabugao",1,2026-06-22T06:41:51.322315+00:00,KEEP (Primary)
EXACT_MATCH,EXACT-GRP-151,272945,"Vergara, Eesha Hannah, Siembre",2021-11-30,Female,"Arnap","Cabugao",1,2026-08-07T07:22:17.845258+00:00,MERGE SERVICES TO PRIMARY
EXACT_MATCH,EXACT-GRP-152,214781,"Tabula Glea Jaz Siembre",2021-05-28,Female,"Arnap","Cabugao",1,2026-06-22T06:41:51.322315+00:00,KEEP (Primary)
EXACT_MATCH,EXACT-GRP-152,272949,"Tabula, Glea Jaz, Siembre",2021-05-28,Female,"Arnap","Cabugao",1,2026-08-07T07:22:17.845258+00:00,MERGE SERVICES TO PRIMARY
EXACT_MATCH,EXACT-GRP-153,218634,"GASPAR JUANITA ERESE",1946-02-08,Female,"Cacadiran","Cabugao",1,2026-06-23T07:59:43.609933+00:00,KEEP (Primary)
EXACT_MATCH,EXACT-GRP-153,331995,"GASPAR, JUANITA ERESE",1946-02-08,Female,"Caellayan","Cabugao",1,2026-10-02T03:03:19.107838+00:00,MERGE SERVICES TO PRIMARY
EXACT_MATCH,EXACT-GRP-154,219070,"Medina,Zane Kaiden,Dela Cruz",2025-07-13,Male,"Catucdaan","Cabugao",1,2026-06-23T09:04:33.806185+00:00,KEEP (Primary)
EXACT_MATCH,EXACT-GRP-154,268473,"MEDINA ZANE KAIDEN DELA CRUZ",2025-07-13,Male,"Catucdaan","Cabugao",1,2026-08-03T08:13:07.66487+00:00,MERGE SERVICES TO PRIMARY
EXACT_MATCH,EXACT-GRP-155,219076,"Ramos,Zoey Nathalie,Naval",2025-11-27,Female,"Catucdaan","Cabugao",1,2026-06-23T09:04:33.806185+00:00,KEEP (Primary)
EXACT_MATCH,EXACT-GRP-155,268436,"RAMOS ZOEY NATHALIE NAVAL",2025-11-27,Female,"Catucdaan","Cabugao",1,2026-08-03T07:47:03.349177+00:00,MERGE SERVICES TO PRIMARY
EXACT_MATCH,EXACT-GRP-156,219079,"Bucaneg,Brialyn Elisha,Yagin",2026-03-20,Female,"Catucdaan","Cabugao",1,2026-06-23T09:04:33.806185+00:00,KEEP (Primary)
EXACT_MATCH,EXACT-GRP-156,278402,"BUCANEG BRIALYN ELISHA YAGIN",2026-03-20,Female,"Catucdaan","Cabugao",1,2026-09-02T05:16:03.395241+00:00,MERGE SERVICES TO PRIMARY
EXACT_MATCH,EXACT-GRP-157,227161,"BASUIL JHAYDEN KHIANNE FLORENTINO",2021-07-18,Male,"Namruangan","Cabugao",1,2026-06-26T02:19:58.036715+00:00,KEEP (Primary)
EXACT_MATCH,EXACT-GRP-157,245163,"Basuil, Jhayden Khianne Florentino",2021-07-18,Male,"Pug-os","Cabugao",1,2026-07-13T05:48:20.046432+00:00,MERGE SERVICES TO PRIMARY
EXACT_MATCH,EXACT-GRP-158,237521,"ARIZANGA, BIELA DENICE SADERNAS",2025-04-04,Female,"Turod","Cabugao",1,2026-06-29T02:05:19.187858+00:00,KEEP (Primary)
EXACT_MATCH,EXACT-GRP-158,257155,"ARIZANGA, BIELA DENICE, SADERNAS",2025-04-04,Female,"Turod","Cabugao",1,2026-07-23T07:52:45.896047+00:00,MERGE SERVICES TO PRIMARY
EXACT_MATCH,EXACT-GRP-159,237537,"Ibea, Aisha Camille Tabin",2025-05-21,Female,"Daclapan","Cabugao",2,2026-06-29T02:10:51.869984+00:00,KEEP (Primary)
EXACT_MATCH,EXACT-GRP-159,277552,"IBEA AISHA CAMILLE TABIN",2025-05-21,Female,"Namruangan","Cabugao",1,2026-08-28T02:41:38.772223+00:00,MERGE SERVICES TO PRIMARY
EXACT_MATCH,EXACT-GRP-160,248542,"Cabasug, Xavier Lee Apuado",2022-01-12,Male,"Daclapan","Cabugao",1,2026-07-16T05:27:34.57561+00:00,KEEP (Primary)
EXACT_MATCH,EXACT-GRP-160,330727,"CABASUG XAVIER LEE APUADO",2022-01-12,Male,"Dardarat","Cabugao",1,2026-10-02T01:50:22.688659+00:00,MERGE SERVICES TO PRIMARY
EXACT_MATCH,EXACT-GRP-161,248917,"CASTILLO ZOE ISABELLE GOH",2021-09-28,Female,"Namruangan","Cabugao",1,2026-07-16T07:07:01.818244+00:00,KEEP (Primary)
EXACT_MATCH,EXACT-GRP-161,256623,"Castillo,Zoe Isabelle Goh",2021-09-28,Female,"Salapasap","Cabugao",1,2026-07-23T05:39:23.941392+00:00,MERGE SERVICES TO PRIMARY
EXACT_MATCH,EXACT-GRP-162,256096,"AQUINO, MARK JOMAR TACATA",2021-06-11,Male,"Cuancabal","Cabugao",1,2026-07-23T04:48:49.930429+00:00,KEEP (Primary)
EXACT_MATCH,EXACT-GRP-162,256169,"AQUINO , MARK JOMAR TACATA",2021-06-11,Male,"Cuancabal","Cabugao",1,2026-07-23T04:48:49.930429+00:00,MERGE SERVICES TO PRIMARY
EXACT_MATCH,EXACT-GRP-163,256364,"Reintar, Rey Siababa",1973-07-23,Male,"Salapasap","Cabugao",1,2026-07-23T05:39:23.941392+00:00,KEEP (Primary)
EXACT_MATCH,EXACT-GRP-163,277633,"REINTAR REY SIABABA",1973-07-23,Male,"Namruangan","Cabugao",1,2026-08-28T06:21:15.315373+00:00,MERGE SERVICES TO PRIMARY
EXACT_MATCH,EXACT-GRP-164,278315,"Carbonel, Kendrick Wayne",2025-05-15,Male,"Cuancabal","Cabugao",2,2026-09-02T03:31:53.910866+00:00,KEEP (Primary)
EXACT_MATCH,EXACT-GRP-164,330732,"CARBONEL KENDRICK WAYNE",2025-05-15,Male,"Dardarat","Cabugao",1,2026-10-02T01:50:22.688659+00:00,MERGE SERVICES TO PRIMARY
EXACT_MATCH,EXACT-GRP-165,300395,"Caliboso, Jocelyn Tabuno",1964-08-02,Female,"Nagsantaan","Cabugao",1,2026-09-24T07:26:58.862539+00:00,KEEP (Primary)
EXACT_MATCH,EXACT-GRP-165,326768,"Caliboso, Jocelyn Tabuno",1964-08-02,Female,"Nagsantaan","Cabugao",1,2026-10-01T06:12:07.380636+00:00,MERGE SERVICES TO PRIMARY
EXACT_MATCH,EXACT-GRP-166,323534,"Naval , Richelle Suboc",1997-10-26,Female,"Aragan","Cabugao",1,2026-09-30T07:45:20.987562+00:00,KEEP (Primary)
EXACT_MATCH,EXACT-GRP-166,332000,"NAVAL, RICHELLE SUBOC",1997-10-26,Female,"Caellayan","Cabugao",1,2026-10-02T03:03:19.107838+00:00,MERGE SERVICES TO PRIMARY
EXACT_MATCH,EXACT-GRP-167,323536,"Naval , John Israel Suboc",2018-05-07,Male,"Aragan","Cabugao",1,2026-09-30T07:45:20.987562+00:00,KEEP (Primary)
EXACT_MATCH,EXACT-GRP-167,332001,"NAVAL, JOHN ISRAEL SUBOC",2018-05-07,Male,"Caellayan","Cabugao",1,2026-10-02T03:03:19.107838+00:00,MERGE SERVICES TO PRIMARY
EXACT_MATCH,EXACT-GRP-168,326809,"Sablay, Roberto Peralta",1954-09-24,Male,"Nagsantaan","Cabugao",1,2026-10-01T06:18:15.452835+00:00,KEEP (Primary)
EXACT_MATCH,EXACT-GRP-168,326811,"Sablay, Roberto Peralta",1954-09-24,Male,"Nagsantaan","Cabugao",1,2026-10-01T06:18:27.688746+00:00,MERGE SERVICES TO PRIMARY
FUZZY_VARIATION,FUZZY-GRP-1,31471,"VILLEGAS, VENICO DEX BASUEL",2021-10-19,Male,"Cuancabal","Cabugao",0,2026-03-25T16:18:09.944132+00:00,REVIEW (Name variation with same DOB)
FUZZY_VARIATION,FUZZY-GRP-1,256084,"VILLEGAS, VENEECO DEX BASUEL",2021-10-19,Male,"Cuancabal","Cabugao",0,2026-07-23T04:48:49.930429+00:00,REVIEW (Name variation with same DOB)
FUZZY_VARIATION,FUZZY-GRP-2,55823,"SUNIO JANSEN ANGELO SABINAY",1990-08-27,Male,"Cacadiran","Cabugao",0,2026-04-01T02:05:47.191732+00:00,REVIEW (Name variation with same DOB)
FUZZY_VARIATION,FUZZY-GRP-2,118894,"Sunio Jansen Angelo Saribay",1990-08-27,Male,"Cacadiran","Cabugao",0,2026-05-20T04:00:07.388812+00:00,REVIEW (Name variation with same DOB)
FUZZY_VARIATION,FUZZY-GRP-3,31493,"POLI, JANEAH GAIL SALUDES",2023-10-05,Female,"Cuancabal","Cabugao",0,2026-03-25T16:18:09.944132+00:00,REVIEW (Name variation with same DOB)
FUZZY_VARIATION,FUZZY-GRP-3,256086,"POLI, JHANIAH GAIL SALUDES",2023-10-05,Female,"Cuancabal","Cabugao",0,2026-07-23T04:48:49.930429+00:00,REVIEW (Name variation with same DOB)
FUZZY_VARIATION,FUZZY-GRP-4,31541,"CUCHAPIN, ALLEN SUBOC",1994-04-07,Female,"Cuancabal","Cabugao",0,2026-03-25T16:18:09.944132+00:00,REVIEW (Name variation with same DOB)
FUZZY_VARIATION,FUZZY-GRP-4,81769,"CUCHAPIN, ALHEN SUBOC",1994-04-07,Female,"Cuancabal","Cabugao",0,2026-05-05T06:47:52.913677+00:00,REVIEW (Name variation with same DOB)
FUZZY_VARIATION,FUZZY-GRP-5,176813,"Saunil Mardenio Saupan",1961-09-28,Male,"Cacadiran","Cabugao",0,2026-06-04T10:52:21.210266+00:00,REVIEW (Name variation with same DOB)
FUZZY_VARIATION,FUZZY-GRP-5,219005,"SAUNIL NARDENIO SAUPAN",1961-09-28,Male,"Cacadiran","Cabugao",0,2026-06-23T08:31:05.111785+00:00,REVIEW (Name variation with same DOB)
FUZZY_VARIATION,FUZZY-GRP-6,37019,"Solmerin, Reyma Rica Damo",1991-07-18,Female,"Salapasap","Cabugao",0,2026-03-27T14:28:11.773324+00:00,REVIEW (Name variation with same DOB)
FUZZY_VARIATION,FUZZY-GRP-6,55705,"SOLMERIN, REYNA RICA, DAMO",1991-07-18,Female,"Turod","Cabugao",0,2026-04-01T01:36:16.507128+00:00,REVIEW (Name variation with same DOB)
FUZZY_VARIATION,FUZZY-GRP-7,58141,"Reintiquiano Juliet Gagala",1991-07-18,Male,"Arnap","Cabugao",0,2026-04-01T12:39:38.277978+00:00,REVIEW (Name variation with same DOB)
FUZZY_VARIATION,FUZZY-GRP-7,85810,"Rentiquiano Juliet Gagala",1991-07-18,Female,"Arnap","Cabugao",0,2026-05-06T06:46:52.214663+00:00,REVIEW (Name variation with same DOB)
FUZZY_VARIATION,FUZZY-GRP-8,43035,"TORDA, JOSE RICANOR ",1979-09-04,Male,"Margaay","Cabugao",0,2026-03-30T06:31:25.194408+00:00,REVIEW (Name variation with same DOB)
FUZZY_VARIATION,FUZZY-GRP-8,86111,"TORDA, JOSEPH RICANOR",1979-09-04,Male,"Margaay","Cabugao",0,2026-05-06T07:29:03.331039+00:00,REVIEW (Name variation with same DOB)
FUZZY_VARIATION,FUZZY-GRP-9,43065,"TALAÑA, LENLEN TORRATE ",1993-03-21,Female,"Margaay","Cabugao",0,2026-03-30T06:31:25.194408+00:00,REVIEW (Name variation with same DOB)
FUZZY_VARIATION,FUZZY-GRP-9,86108,"TALAÑA, LEN LEN TORRATE",1993-03-21,Female,"Margaay","Cabugao",0,2026-05-06T07:29:03.331039+00:00,REVIEW (Name variation with same DOB)
FUZZY_VARIATION,FUZZY-GRP-10,43066,"SUMAGIT, ARDEL SABUGO ",1996-04-26,Male,"Margaay","Cabugao",0,2026-03-30T06:31:25.194408+00:00,REVIEW (Name variation with same DOB)
FUZZY_VARIATION,FUZZY-GRP-10,43079,"SUMAGIT, ARGEL SABUGO ",1996-04-26,Male,"Margaay","Cabugao",0,2026-03-30T06:31:25.194408+00:00,REVIEW (Name variation with same DOB)
FUZZY_VARIATION,FUZZY-GRP-11,43127,"Erfe, Mark Briane Lagasca",1998-02-22,Male,"Aragan","Cabugao",0,2026-03-30T06:34:23.881553+00:00,REVIEW (Name variation with same DOB)
FUZZY_VARIATION,FUZZY-GRP-11,187757,"Erfe , Mark Bryan Lagasca",1998-02-22,Male,"Aragan","Cabugao",0,2026-06-08T09:07:54.91764+00:00,REVIEW (Name variation with same DOB)
FUZZY_VARIATION,FUZZY-GRP-12,43998,"JACOBO, NOLIE SUMAGIT ",1968-12-08,Male,"Margaay","Cabugao",0,2026-03-30T07:48:25.06569+00:00,REVIEW (Name variation with same DOB)
FUZZY_VARIATION,FUZZY-GRP-12,91824,"JACOB NOLIE SUMAGIT",1968-12-08,Male,"Margaay","Cabugao",0,2026-05-08T08:08:23.479339+00:00,REVIEW (Name variation with same DOB)
FUZZY_VARIATION,FUZZY-GRP-13,44845,"SIMSIMAN, GREGORIA RACHO ",1951-06-12,Female,"Sagayaden","Cabugao",0,2026-03-30T09:34:03.169528+00:00,REVIEW (Name variation with same DOB)
FUZZY_VARIATION,FUZZY-GRP-13,180223,"SIMSIMAN GREGORIO RACHO",1951-06-12,Male,"Sagayaden","Cabugao",0,2026-06-05T07:46:04.362665+00:00,REVIEW (Name variation with same DOB)
FUZZY_VARIATION,FUZZY-GRP-14,47288,"Castillo, Juan Khalix Sapla",2024-09-20,Male,"Pug-os","Cabugao",0,2026-03-30T15:49:34.012313+00:00,REVIEW (Name variation with same DOB)
FUZZY_VARIATION,FUZZY-GRP-14,245137,"Castillo, Jhan Khalix Sapla",2024-09-20,Male,"Pug-os","Cabugao",0,2026-07-13T05:48:20.046432+00:00,REVIEW (Name variation with same DOB)
FUZZY_VARIATION,FUZZY-GRP-15,47316,"Dela Cruz, Aneisha Astrid Vicente",2023-11-15,Female,"Pug-os","Cabugao",0,2026-03-30T15:49:34.012313+00:00,REVIEW (Name variation with same DOB)
FUZZY_VARIATION,FUZZY-GRP-15,245139,"Dela Cruz, Aniesha Astrid Vicente",2023-11-15,Female,"Pug-os","Cabugao",0,2026-07-13T05:48:20.046432+00:00,REVIEW (Name variation with same DOB)
FUZZY_VARIATION,FUZZY-GRP-16,55845,"SUNIIO JULIUS UBALDO",1987-07-19,Male,"Cacadiran","Cabugao",0,2026-04-01T02:05:47.191732+00:00,REVIEW (Name variation with same DOB)
FUZZY_VARIATION,FUZZY-GRP-16,169039,"Sunio Julius Ubaldo",1987-07-19,Male,"Cacadiran","Cabugao",0,2026-06-03T05:27:33.660858+00:00,REVIEW (Name variation with same DOB)
FUZZY_VARIATION,FUZZY-GRP-17,47909,"GOROSPE, MARY ANN TUMBAGA",1978-06-02,Female,"Namruangan","Cabugao",0,2026-03-30T23:24:10.03278+00:00,REVIEW (Name variation with same DOB)
FUZZY_VARIATION,FUZZY-GRP-17,72391,"GOROSPE MARY ANNE TUMBAGA",1978-06-02,Female,"Namruangan","Cabugao",0,2026-04-23T00:33:03.512656+00:00,REVIEW (Name variation with same DOB)
FUZZY_VARIATION,FUZZY-GRP-18,51108,"Sabugo, Virgilio Raqueño",1968-09-04,Male,"Daclapan","Cabugao",0,2026-03-31T06:36:28.24444+00:00,REVIEW (Name variation with same DOB)
FUZZY_VARIATION,FUZZY-GRP-18,326423,"Sabugo, Virgilio Raquenio",1968-09-04,Male,"Daclapan","Cabugao",0,2026-10-01T04:22:27.631995+00:00,REVIEW (Name variation with same DOB)
FUZZY_VARIATION,FUZZY-GRP-19,51108,"Sabugo, Virgilio Raqueño",1968-09-04,Male,"Daclapan","Cabugao",0,2026-03-31T06:36:28.24444+00:00,REVIEW (Name variation with same DOB)
FUZZY_VARIATION,FUZZY-GRP-19,334539,"Sabugo, Virgilio Raque�o",1968-09-04,Male,"Daclapan","Cabugao",0,2026-10-02T04:10:49.239128+00:00,REVIEW (Name variation with same DOB)
FUZZY_VARIATION,FUZZY-GRP-20,326423,"Sabugo, Virgilio Raquenio",1968-09-04,Male,"Daclapan","Cabugao",0,2026-10-01T04:22:27.631995+00:00,REVIEW (Name variation with same DOB)
FUZZY_VARIATION,FUZZY-GRP-20,334539,"Sabugo, Virgilio Raque�o",1968-09-04,Male,"Daclapan","Cabugao",0,2026-10-02T04:10:49.239128+00:00,REVIEW (Name variation with same DOB)
FUZZY_VARIATION,FUZZY-GRP-21,51109,"Tisbe, Ginalyn Salarzon",1986-07-14,Female,"Daclapan","Cabugao",0,2026-03-31T06:36:28.24444+00:00,REVIEW (Name variation with same DOB)
FUZZY_VARIATION,FUZZY-GRP-21,185800,"Tisbe, Jenalyn Salarzon",1986-07-14,Female,"Daclapan","Cabugao",0,2026-06-08T06:32:32.656867+00:00,REVIEW (Name variation with same DOB)
FUZZY_VARIATION,FUZZY-GRP-22,51118,"Rabor, Marc Joshua",2002-12-16,Male,"Daclapan","Cabugao",0,2026-03-31T06:36:28.24444+00:00,REVIEW (Name variation with same DOB)
FUZZY_VARIATION,FUZZY-GRP-22,170634,"Rabor, Mark Joshua",2002-12-16,Male,"Daclapan","Cabugao",0,2026-06-03T09:05:43.227928+00:00,REVIEW (Name variation with same DOB)
FUZZY_VARIATION,FUZZY-GRP-23,51120,"Ancheta, Manuel Tisbe",1958-08-19,Male,"Daclapan","Cabugao",0,2026-03-31T06:36:28.24444+00:00,REVIEW (Name variation with same DOB)
FUZZY_VARIATION,FUZZY-GRP-23,185812,"Ancheta, Manwel Tisbe",1958-08-19,Male,"Daclapan","Cabugao",0,2026-06-08T06:32:32.656867+00:00,REVIEW (Name variation with same DOB)
FUZZY_VARIATION,FUZZY-GRP-24,51136,"Lorenzo, Marisa Asit",1966-09-11,Female,"Daclapan","Cabugao",0,2026-03-31T06:36:28.24444+00:00,REVIEW (Name variation with same DOB)
FUZZY_VARIATION,FUZZY-GRP-24,186224,"Lorenzo, Marissa Asit",1966-09-11,Male,"Daclapan","Cabugao",0,2026-06-08T06:32:34.884216+00:00,REVIEW (Name variation with same DOB)
FUZZY_VARIATION,FUZZY-GRP-25,51152,"Paiste, Ranet Paeste",1983-11-30,Female,"Daclapan","Cabugao",0,2026-03-31T06:36:28.24444+00:00,REVIEW (Name variation with same DOB)
FUZZY_VARIATION,FUZZY-GRP-25,326018,"Paiste, Raneth Paeste",1983-11-30,Female,"Daclapan","Cabugao",0,2026-10-01T04:22:26.981226+00:00,REVIEW (Name variation with same DOB)
FUZZY_VARIATION,FUZZY-GRP-26,51153,"RaqueÑo, Laila Aduca",1987-02-22,Male,"Daclapan","Cabugao",0,2026-03-31T06:36:28.24444+00:00,REVIEW (Name variation with same DOB)
FUZZY_VARIATION,FUZZY-GRP-26,334538,"Raque�o, Laila Aduca",1987-02-22,Male,"Daclapan","Cabugao",0,2026-10-02T04:10:49.239128+00:00,REVIEW (Name variation with same DOB)
FUZZY_VARIATION,FUZZY-GRP-27,51319,"Paras, Cristine Mae Seguban",1994-04-30,Female,"Aragan","Cabugao",0,2026-03-31T07:29:14.773675+00:00,REVIEW (Name variation with same DOB)
FUZZY_VARIATION,FUZZY-GRP-27,323392,"Paras , Christine Mae Seguban",1994-04-30,Female,"Aragan","Cabugao",0,2026-09-30T07:45:20.987562+00:00,REVIEW (Name variation with same DOB)
FUZZY_VARIATION,FUZZY-GRP-28,51331,"Sinampaga, Damielle Maxine Paras",2020-07-06,Female,"Aragan","Cabugao",0,2026-03-31T07:29:14.773675+00:00,REVIEW (Name variation with same DOB)
FUZZY_VARIATION,FUZZY-GRP-28,323397,"Sinampaga , Danielle Maxine Paras",2020-07-06,Female,"Aragan","Cabugao",0,2026-09-30T07:45:20.987562+00:00,REVIEW (Name variation with same DOB)
FUZZY_VARIATION,FUZZY-GRP-29,51347,"Seguban, June Del Rosario",1977-06-02,Male,"Aragan","Cabugao",0,2026-03-31T07:29:14.773675+00:00,REVIEW (Name variation with same DOB)
FUZZY_VARIATION,FUZZY-GRP-29,323372,"Seguban , Jun Del Rosario",1977-06-02,Male,"Aragan","Cabugao",0,2026-09-30T07:45:20.987562+00:00,REVIEW (Name variation with same DOB)
FUZZY_VARIATION,FUZZY-GRP-30,51349,"Serna, Ahellymar Serona",1990-09-13,Female,"Aragan","Cabugao",0,2026-03-31T07:29:14.773675+00:00,REVIEW (Name variation with same DOB)
FUZZY_VARIATION,FUZZY-GRP-30,323597,"Serna , Ahelly Mar Serona",1990-09-13,Female,"Aragan","Cabugao",0,2026-09-30T07:45:23.762846+00:00,REVIEW (Name variation with same DOB)
FUZZY_VARIATION,FUZZY-GRP-31,51372,"Talañia, Arley Reign Barcena",2025-05-09,Male,"Aragan","Cabugao",0,2026-03-31T07:29:14.773675+00:00,REVIEW (Name variation with same DOB)
FUZZY_VARIATION,FUZZY-GRP-31,333774,"Talana, Arley Reign Barcena",2025-05-09,Male,"Aragan","Cabugao",0,2026-10-02T03:31:07.868592+00:00,REVIEW (Name variation with same DOB)
FUZZY_VARIATION,FUZZY-GRP-32,51386,"Peso, Ray Alexander Sevilleja",2011-08-14,Male,"Aragan","Cabugao",0,2026-03-31T07:29:14.773675+00:00,REVIEW (Name variation with same DOB)
FUZZY_VARIATION,FUZZY-GRP-32,323116,"Peso, Rey Alexander Sevilleja",2011-08-14,Male,"Aragan","Cabugao",0,2026-09-30T07:45:20.987562+00:00,REVIEW (Name variation with same DOB)
FUZZY_VARIATION,FUZZY-GRP-33,51882,"Lomerio, Germand Duritan",1971-07-19,Male,"Daclapan","Cabugao",0,2026-03-31T08:29:54.401523+00:00,REVIEW (Name variation with same DOB)
FUZZY_VARIATION,FUZZY-GRP-33,186220,"Lomerio, German Duritan",1971-07-19,Male,"Daclapan","Cabugao",0,2026-06-08T06:32:34.884216+00:00,REVIEW (Name variation with same DOB)
FUZZY_VARIATION,FUZZY-GRP-34,51903,"Pulgado, Rioleta Cabie",1964-08-24,Female,"Daclapan","Cabugao",0,2026-03-31T08:29:54.401523+00:00,REVIEW (Name variation with same DOB)
FUZZY_VARIATION,FUZZY-GRP-34,326334,"Pulgado, Rioleyta Cabie",1964-08-24,Male,"Daclapan","Cabugao",0,2026-10-01T04:22:27.631995+00:00,REVIEW (Name variation with same DOB)
FUZZY_VARIATION,FUZZY-GRP-35,51916,"Tacsiat, Efraim Angelo Vallejo",1996-01-20,Male,"Daclapan","Cabugao",0,2026-03-31T08:29:54.401523+00:00,REVIEW (Name variation with same DOB)
FUZZY_VARIATION,FUZZY-GRP-35,185730,"Tacsiat, Efrain Angelo Vallejo",1996-01-20,Male,"Daclapan","Cabugao",0,2026-06-08T06:32:32.656867+00:00,REVIEW (Name variation with same DOB)
FUZZY_VARIATION,FUZZY-GRP-36,55672,"SABLAY, JOEL, AQUINO",1966-02-16,Male,"Turod","Cabugao",0,2026-04-01T01:36:16.507128+00:00,REVIEW (Name variation with same DOB)
FUZZY_VARIATION,FUZZY-GRP-36,332803,"SABLAY, NOEL , AQUINO",1966-02-16,M - Male,"Turod","Cabugao",0,2026-10-02T03:05:55.634458+00:00,REVIEW (Name variation with same DOB)
FUZZY_VARIATION,FUZZY-GRP-37,51966,"Alzate, Reneheart Gorospe",1993-06-25,Male,"Daclapan","Cabugao",0,2026-03-31T08:29:54.401523+00:00,REVIEW (Name variation with same DOB)
FUZZY_VARIATION,FUZZY-GRP-37,326470,"Alzate, Renehaert Gorospe",1993-06-25,Male,"Daclapan","Cabugao",0,2026-10-01T04:22:27.631995+00:00,REVIEW (Name variation with same DOB)
FUZZY_VARIATION,FUZZY-GRP-38,51972,"Domingo, Aliyah Cate Avila",2021-10-16,Female,"Daclapan","Cabugao",0,2026-03-31T08:29:54.401523+00:00,REVIEW (Name variation with same DOB)
FUZZY_VARIATION,FUZZY-GRP-38,221506,"Domingo, Aliyah Kate Avila",2021-10-16,Female,"Daclapan","Cabugao",0,2026-06-24T04:34:58.866493+00:00,REVIEW (Name variation with same DOB)
FUZZY_VARIATION,FUZZY-GRP-39,51982,"Torrate, Bhejay Saquiton",2010-04-15,Male,"Daclapan","Cabugao",0,2026-03-31T08:29:54.401523+00:00,REVIEW (Name variation with same DOB)
FUZZY_VARIATION,FUZZY-GRP-39,186033,"Torrate, Bhi Jay Saquiton",2010-04-15,Male,"Daclapan","Cabugao",0,2026-06-08T06:32:32.656867+00:00,REVIEW (Name variation with same DOB)
FUZZY_VARIATION,FUZZY-GRP-40,51992,"Sanchez, Prince Gheo Gagto",2020-09-15,Male,"Daclapan","Cabugao",0,2026-03-31T08:29:54.401523+00:00,REVIEW (Name variation with same DOB)
FUZZY_VARIATION,FUZZY-GRP-40,185679,"Sanchez, Prince Ghio Gagto",2020-09-15,Male,"Daclapan","Cabugao",0,2026-06-08T06:32:32.656867+00:00,REVIEW (Name variation with same DOB)
FUZZY_VARIATION,FUZZY-GRP-41,51993,"Sanchez, Honeylyn Gagto",1997-06-08,Female,"Daclapan","Cabugao",0,2026-03-31T08:29:54.401523+00:00,REVIEW (Name variation with same DOB)
FUZZY_VARIATION,FUZZY-GRP-41,185678,"Sanchez, Honey Lyn Gagto",1997-06-08,Female,"Daclapan","Cabugao",0,2026-06-08T06:32:32.656867+00:00,REVIEW (Name variation with same DOB)
FUZZY_VARIATION,FUZZY-GRP-42,52017,"SEGUBAN,ARMINGON SIENA",1948-04-24,Male,"Aragan","Cabugao",0,2026-03-31T08:37:42.085888+00:00,REVIEW (Name variation with same DOB)
FUZZY_VARIATION,FUZZY-GRP-42,323383,"Seguban , Armingol Siena",1948-04-24,Male,"Aragan","Cabugao",0,2026-09-30T07:45:20.987562+00:00,REVIEW (Name variation with same DOB)
FUZZY_VARIATION,FUZZY-GRP-43,55792,"RAMOS JULUIS BACNIS",1990-09-09,Female,"Cacadiran","Cabugao",0,2026-04-01T02:05:47.191732+00:00,REVIEW (Name variation with same DOB)
FUZZY_VARIATION,FUZZY-GRP-43,118917,"Ramos Julius Bacnis",1990-09-09,Male,"Cacadiran","Cabugao",0,2026-05-20T04:00:07.388812+00:00,REVIEW (Name variation with same DOB)
FUZZY_VARIATION,FUZZY-GRP-44,71785,"Macacieb Leah May Sonido",1993-11-20,Female,"Arnap","Cabugao",0,2026-04-22T03:54:00.254568+00:00,REVIEW (Name variation with same DOB)
FUZZY_VARIATION,FUZZY-GRP-44,85799,"Macasieb Leah May Sonido",1993-11-20,Female,"Arnap","Cabugao",0,2026-05-06T06:46:52.214663+00:00,REVIEW (Name variation with same DOB)
FUZZY_VARIATION,FUZZY-GRP-45,55860,"CANTRE ROMMEL UBALDO",1998-07-24,Male,"Cacadiran","Cabugao",0,2026-04-01T02:05:47.191732+00:00,REVIEW (Name variation with same DOB)
FUZZY_VARIATION,FUZZY-GRP-45,169071,"Cantre Romel Ubaldo",1998-07-24,Male,"Cacadiran","Cabugao",0,2026-06-03T05:27:33.660858+00:00,REVIEW (Name variation with same DOB)
FUZZY_VARIATION,FUZZY-GRP-46,56005,"SONICO, EDDIES DARMISAN",1978-02-11,Male,"Maradodon","Cabugao",0,2026-04-01T03:06:06.956991+00:00,REVIEW (Name variation with same DOB)
FUZZY_VARIATION,FUZZY-GRP-46,332369,"SONICO, EDDIE DARMISAN",1978-02-11,Male,"Maradodon","Cabugao",0,2026-10-02T03:04:16.610052+00:00,REVIEW (Name variation with same DOB)
FUZZY_VARIATION,FUZZY-GRP-47,169235,"Sunio Vilmar Samilin",1993-03-23,Male,"Cacadiran","Cabugao",0,2026-06-03T05:27:33.660858+00:00,REVIEW (Name variation with same DOB)
FUZZY_VARIATION,FUZZY-GRP-47,214802,"Sunio Vilmar Samelin",1993-03-23,Male,"Arnap","Cabugao",0,2026-06-22T06:41:51.322315+00:00,REVIEW (Name variation with same DOB)
FUZZY_VARIATION,FUZZY-GRP-48,57648,"Castillo, Nadine Loi Azcueta",1997-06-02,Female,"Pug-os","Cabugao",0,2026-04-01T09:11:08.966378+00:00,REVIEW (Name variation with same DOB)
FUZZY_VARIATION,FUZZY-GRP-48,160791,"Castillo, Nadine Lie Azcueta",1997-06-02,Female,"Pug-os","Cabugao",0,2026-06-01T05:51:53.250067+00:00,REVIEW (Name variation with same DOB)
FUZZY_VARIATION,FUZZY-GRP-49,57886,"Cobangbang,Marlene,Crispo",1988-12-07,Female,"Catucdaan","Cabugao",0,2026-04-01T11:49:52.198203+00:00,REVIEW (Name variation with same DOB)
FUZZY_VARIATION,FUZZY-GRP-49,80514,"Cobangbang,Marlene,Crespo",1988-12-07,Female,"Catucdaan","Cabugao",0,2026-05-04T02:32:46.166483+00:00,REVIEW (Name variation with same DOB)
FUZZY_VARIATION,FUZZY-GRP-50,80515,"Seguritan,Mary Jane,Solar",1988-12-07,Female,"Catucdaan","Cabugao",0,2026-05-04T02:32:46.166483+00:00,REVIEW (Name variation with same DOB)
FUZZY_VARIATION,FUZZY-GRP-50,88909,"Seguritan,Maryjane,Solar",1988-12-07,Female,"Catucdaan","Cabugao",0,2026-05-07T09:33:49.769048+00:00,REVIEW (Name variation with same DOB)
FUZZY_VARIATION,FUZZY-GRP-51,57891,"Garma,Carolyn,Sapinoso",1980-03-10,Female,"Catucdaan","Cabugao",0,2026-04-01T11:49:52.198203+00:00,REVIEW (Name variation with same DOB)
FUZZY_VARIATION,FUZZY-GRP-51,219134,"Garma,Caroline,Sapinoso",1980-03-10,Female,"Catucdaan","Cabugao",0,2026-06-23T09:04:33.806185+00:00,REVIEW (Name variation with same DOB)
FUZZY_VARIATION,FUZZY-GRP-52,57896,"Garma,Matthew,Sebido",2025-05-03,Male,"Catucdaan","Cabugao",1,2026-04-01T11:49:52.198203+00:00,REVIEW (Name variation with same DOB)
FUZZY_VARIATION,FUZZY-GRP-52,197888,"Garma,Matteo,Sebido",2025-05-03,Male,"Catucdaan","Cabugao",0,2026-06-10T06:18:25.431646+00:00,REVIEW (Name variation with same DOB)
FUZZY_VARIATION,FUZZY-GRP-53,57896,"Garma,Matthew,Sebido",2025-05-03,Male,"Catucdaan","Cabugao",1,2026-04-01T11:49:52.198203+00:00,REVIEW (Name variation with same DOB)
FUZZY_VARIATION,FUZZY-GRP-53,219069,"Garma,Mathew,Sebido",2025-05-03,Male,"Catucdaan","Cabugao",0,2026-06-23T09:04:33.806185+00:00,REVIEW (Name variation with same DOB)
FUZZY_VARIATION,FUZZY-GRP-54,197888,"Garma,Matteo,Sebido",2025-05-03,Male,"Catucdaan","Cabugao",0,2026-06-10T06:18:25.431646+00:00,REVIEW (Name variation with same DOB)
FUZZY_VARIATION,FUZZY-GRP-54,219069,"Garma,Mathew,Sebido",2025-05-03,Male,"Catucdaan","Cabugao",0,2026-06-23T09:04:33.806185+00:00,REVIEW (Name variation with same DOB)
FUZZY_VARIATION,FUZZY-GRP-55,197888,"Garma,Matteo,Sebido",2025-05-03,Male,"Catucdaan","Cabugao",0,2026-06-10T06:18:25.431646+00:00,REVIEW (Name variation with same DOB)
FUZZY_VARIATION,FUZZY-GRP-55,273978,"GARMA MATTHEW SEBIDO",2025-05-03,Male,"Catucdaan","Cabugao",1,2026-08-09T23:06:57.200486+00:00,REVIEW (Name variation with same DOB)
FUZZY_VARIATION,FUZZY-GRP-56,219069,"Garma,Mathew,Sebido",2025-05-03,Male,"Catucdaan","Cabugao",0,2026-06-23T09:04:33.806185+00:00,REVIEW (Name variation with same DOB)
FUZZY_VARIATION,FUZZY-GRP-56,273978,"GARMA MATTHEW SEBIDO",2025-05-03,Male,"Catucdaan","Cabugao",1,2026-08-09T23:06:57.200486+00:00,REVIEW (Name variation with same DOB)
FUZZY_VARIATION,FUZZY-GRP-57,57897,"Garma,Marc Jaster,Sebido",2022-05-02,Male,"Catucdaan","Cabugao",0,2026-04-01T11:49:52.198203+00:00,REVIEW (Name variation with same DOB)
FUZZY_VARIATION,FUZZY-GRP-57,273984,"GARMA MARK JESTER SEBIDO",2022-05-02,Male,"Catucdaan","Cabugao",0,2026-08-09T23:26:09.893937+00:00,REVIEW (Name variation with same DOB)
FUZZY_VARIATION,FUZZY-GRP-58,57909,"Sudaria,Jenny Elma,Sajor",1966-08-24,Female,"Catucdaan","Cabugao",0,2026-04-01T11:49:52.198203+00:00,REVIEW (Name variation with same DOB)
FUZZY_VARIATION,FUZZY-GRP-58,88914,"Sudaria,Jeny Elmac,Sajor",1966-08-24,Female,"Catucdaan","Cabugao",0,2026-05-07T09:33:49.769048+00:00,REVIEW (Name variation with same DOB)
FUZZY_VARIATION,FUZZY-GRP-59,57910,"Jaingue,Jelybie,Beronilla",1991-04-29,Female,"Catucdaan","Cabugao",0,2026-04-01T11:49:52.198203+00:00,REVIEW (Name variation with same DOB)
FUZZY_VARIATION,FUZZY-GRP-59,163996,"Jaingue,Jellybie,Beronilla",1991-04-29,Female,"Catucdaan","Cabugao",0,2026-06-02T06:52:22.98232+00:00,REVIEW (Name variation with same DOB)
FUZZY_VARIATION,FUZZY-GRP-60,57947,"Sudaria,Babilyne,Nomil",1979-09-25,Female,"Catucdaan","Cabugao",0,2026-04-01T11:49:52.198203+00:00,REVIEW (Name variation with same DOB)
FUZZY_VARIATION,FUZZY-GRP-60,88860,"Sudaria,Bebilyne,Nomil",1979-09-25,Female,"Catucdaan","Cabugao",0,2026-05-07T09:33:49.769048+00:00,REVIEW (Name variation with same DOB)
FUZZY_VARIATION,FUZZY-GRP-61,57961,"Garcia,Rex,Siena",1978-10-12,Male,"Catucdaan","Cabugao",0,2026-04-01T11:49:52.198203+00:00,REVIEW (Name variation with same DOB)
FUZZY_VARIATION,FUZZY-GRP-61,219083,"Garcia,Rexie,Siena",1978-10-12,Male,"Catucdaan","Cabugao",0,2026-06-23T09:04:33.806185+00:00,REVIEW (Name variation with same DOB)
FUZZY_VARIATION,FUZZY-GRP-62,57966,"Sajor,Roselia,Tatchon",1976-11-18,Female,"Catucdaan","Cabugao",0,2026-04-01T11:49:52.198203+00:00,REVIEW (Name variation with same DOB)
FUZZY_VARIATION,FUZZY-GRP-62,163877,"Sajor,Roselia,Tatson",1976-11-18,Female,"Catucdaan","Cabugao",0,2026-06-02T06:52:22.98232+00:00,REVIEW (Name variation with same DOB)
FUZZY_VARIATION,FUZZY-GRP-63,58061,"Valencia Edmund Bancud",1982-08-29,Male,"Arnap","Cabugao",0,2026-04-01T12:39:38.277978+00:00,REVIEW (Name variation with same DOB)
FUZZY_VARIATION,FUZZY-GRP-63,85763,"Valencia Edmund Bancod",1982-08-29,Male,"Arnap","Cabugao",0,2026-05-06T06:46:52.214663+00:00,REVIEW (Name variation with same DOB)
FUZZY_VARIATION,FUZZY-GRP-64,58112,"Tagayuna Heirra Nikka Llameg",2002-07-12,Male,"Arnap","Cabugao",0,2026-04-01T12:39:38.277978+00:00,REVIEW (Name variation with same DOB)
FUZZY_VARIATION,FUZZY-GRP-64,85831,"Tagayuna Heira Nikka Llameg",2002-07-12,Female,"Arnap","Cabugao",0,2026-05-06T06:46:52.214663+00:00,REVIEW (Name variation with same DOB)
FUZZY_VARIATION,FUZZY-GRP-65,58163,"Ramos Alfredic Tipin",1981-09-26,Male,"Arnap","Cabugao",0,2026-04-01T12:39:38.277978+00:00,REVIEW (Name variation with same DOB)
FUZZY_VARIATION,FUZZY-GRP-65,214890,"Ramos Alfredic Tipon",1981-09-26,Male,"Arnap","Cabugao",0,2026-06-22T06:41:51.322315+00:00,REVIEW (Name variation with same DOB)
FUZZY_VARIATION,FUZZY-GRP-66,58219,"Piamonte Mardee  Naval",2010-05-17,Male,"Arnap","Cabugao",0,2026-04-01T12:39:38.277978+00:00,REVIEW (Name variation with same DOB)
FUZZY_VARIATION,FUZZY-GRP-66,58220,"Piamonte Margee Naval",2010-05-17,Male,"Arnap","Cabugao",0,2026-04-01T12:39:38.277978+00:00,REVIEW (Name variation with same DOB)
FUZZY_VARIATION,FUZZY-GRP-67,58227,"Erese Marilou Sabinay",1963-11-11,Male,"Arnap","Cabugao",0,2026-04-01T12:39:38.277978+00:00,REVIEW (Name variation with same DOB)
FUZZY_VARIATION,FUZZY-GRP-67,71761,"Erese Marylou Sabinay",1963-11-11,Female,"Arnap","Cabugao",0,2026-04-22T03:54:00.254568+00:00,REVIEW (Name variation with same DOB)
FUZZY_VARIATION,FUZZY-GRP-68,58306,"Serrano,Ray Ann Braceros",1989-10-03,Male,"Aragan","Cabugao",0,2026-04-01T13:22:50.625512+00:00,REVIEW (Name variation with same DOB)
FUZZY_VARIATION,FUZZY-GRP-68,184984,"Serrano, Ray-An Braceros",1989-10-03,Male,"Aragan","Cabugao",0,2026-06-08T05:25:20.028997+00:00,REVIEW (Name variation with same DOB)
FUZZY_VARIATION,FUZZY-GRP-69,58397,"Acosta,John Mark Sevilleja",1991-02-20,Male,"Aragan","Cabugao",1,2026-04-01T14:18:48.8357+00:00,REVIEW (Name variation with same DOB)
FUZZY_VARIATION,FUZZY-GRP-69,323092,"Acosta, Jhon Mark Sevilleja",1991-02-20,Male,"Aragan","Cabugao",0,2026-09-30T07:45:20.987562+00:00,REVIEW (Name variation with same DOB)
FUZZY_VARIATION,FUZZY-GRP-70,323092,"Acosta, Jhon Mark Sevilleja",1991-02-20,Male,"Aragan","Cabugao",0,2026-09-30T07:45:20.987562+00:00,REVIEW (Name variation with same DOB)
FUZZY_VARIATION,FUZZY-GRP-70,333325,"ACOSTA, JOHN MARK, SEVILLEJA",1991-02-20,M - Male,"Turod","Cabugao",1,2026-10-02T03:05:56.516021+00:00,REVIEW (Name variation with same DOB)
FUZZY_VARIATION,FUZZY-GRP-71,58404,"Sevilleja,Macrina Beguna",1952-11-22,Female,"Aragan","Cabugao",0,2026-04-01T14:23:45.808113+00:00,REVIEW (Name variation with same DOB)
FUZZY_VARIATION,FUZZY-GRP-71,323564,"Sevilleja , Macrina Begonia",1952-11-22,Female,"Aragan","Cabugao",0,2026-09-30T07:45:23.762846+00:00,REVIEW (Name variation with same DOB)
FUZZY_VARIATION,FUZZY-GRP-72,65547,"TABUGA ROSALINA GOROSPE",1963-01-26,Female,"Namruangan","Cabugao",0,2026-04-14T07:27:06.300696+00:00,REVIEW (Name variation with same DOB)
FUZZY_VARIATION,FUZZY-GRP-72,81433,"TABBUGA, ROSALINA GOROSPE",1963-01-26,Female,"Namruangan","Cabugao",0,2026-05-05T05:43:33.511774+00:00,REVIEW (Name variation with same DOB)
FUZZY_VARIATION,FUZZY-GRP-73,67244,"Jacob, Reggie Agatep",1974-05-18,Male,"Pug-os","Cabugao",0,2026-04-16T05:49:08.954274+00:00,REVIEW (Name variation with same DOB)
FUZZY_VARIATION,FUZZY-GRP-73,168027,"Jacob, Regie Agatep",1974-05-18,Female,"Pug-os","Cabugao",0,2026-06-03T03:59:02.754834+00:00,REVIEW (Name variation with same DOB)
FUZZY_VARIATION,FUZZY-GRP-74,67922,"FERIDO, AYIESHA SCARLET",2025-05-15,Female,"Caellayan","Cabugao",0,2026-04-16T08:31:26.704457+00:00,REVIEW (Name variation with same DOB)
FUZZY_VARIATION,FUZZY-GRP-74,237520,"FERIDO, AYESHA SCARLET",2025-05-15,Female,"Caellayan","Cabugao",0,2026-06-29T02:05:19.187858+00:00,REVIEW (Name variation with same DOB)
FUZZY_VARIATION,FUZZY-GRP-75,70065,"SAJONIA CRISTIAN JADE VALLE",2004-07-16,Male,"Namruangan","Cabugao",0,2026-04-20T06:47:22.872182+00:00,REVIEW (Name variation with same DOB)
FUZZY_VARIATION,FUZZY-GRP-75,332467,"SAJONIA, CHRISTIAN JADE VALLE",2004-07-16,Male,"Maradodon","Cabugao",0,2026-10-02T03:04:16.610052+00:00,REVIEW (Name variation with same DOB)
FUZZY_VARIATION,FUZZY-GRP-76,70066,"SAJONIA CEDRIC JAYE VALLE",2014-01-20,Male,"Namruangan","Cabugao",0,2026-04-20T06:47:22.872182+00:00,REVIEW (Name variation with same DOB)
FUZZY_VARIATION,FUZZY-GRP-76,332468,"SAJONIA, CEDRICK JAYE VALLE",2014-01-20,Male,"Maradodon","Cabugao",0,2026-10-02T03:04:16.610052+00:00,REVIEW (Name variation with same DOB)
FUZZY_VARIATION,FUZZY-GRP-77,70191,"SABIO JOHN MARK SAPLOR",2002-05-02,Male,"Namruangan","Cabugao",0,2026-04-20T06:47:22.872182+00:00,REVIEW (Name variation with same DOB)
FUZZY_VARIATION,FUZZY-GRP-77,143820,"Sabio,Johnmark Saplor",2002-05-02,Male,"Salapasap","Cabugao",0,2026-05-25T12:43:40.057947+00:00,REVIEW (Name variation with same DOB)
FUZZY_VARIATION,FUZZY-GRP-78,85834,"Baltazar Maribel Salvacion Tabula",1965-08-23,Female,"Arnap","Cabugao",0,2026-05-06T06:46:52.214663+00:00,REVIEW (Name variation with same DOB)
FUZZY_VARIATION,FUZZY-GRP-78,165554,"Baltazar Maribel Salvacion Tabual",1965-08-23,Female,"Arnap","Cabugao",0,2026-06-02T09:04:23.806353+00:00,REVIEW (Name variation with same DOB)
FUZZY_VARIATION,FUZZY-GRP-79,71760,"Sonido Gilda Ascaño",1952-02-13,Female,"Arnap","Cabugao",0,2026-04-22T03:54:00.254568+00:00,REVIEW (Name variation with same DOB)
FUZZY_VARIATION,FUZZY-GRP-79,214820,"Sonido Gilda Asxano",1952-02-13,Female,"Arnap","Cabugao",0,2026-06-22T06:41:51.322315+00:00,REVIEW (Name variation with same DOB)
FUZZY_VARIATION,FUZZY-GRP-80,71767,"Pama Flordeliza Padua",1963-01-13,Female,"Arnap","Cabugao",0,2026-04-22T03:54:00.254568+00:00,REVIEW (Name variation with same DOB)
FUZZY_VARIATION,FUZZY-GRP-80,165639,"Pama Flordelisa Padua",1963-01-13,Female,"Arnap","Cabugao",0,2026-06-02T09:04:23.806353+00:00,REVIEW (Name variation with same DOB)
FUZZY_VARIATION,FUZZY-GRP-81,71771,"Tabula Fortunato Villegas",1958-11-01,Male,"Arnap","Cabugao",0,2026-04-22T03:54:00.254568+00:00,REVIEW (Name variation with same DOB)
FUZZY_VARIATION,FUZZY-GRP-81,165363,"Tabula Turtunato Villegas",1958-11-01,Male,"Arnap","Cabugao",0,2026-06-02T09:04:23.806353+00:00,REVIEW (Name variation with same DOB)
FUZZY_VARIATION,FUZZY-GRP-82,72169,"Lubrin,Aivee Brielle,De La Cruz",2021-09-02,Female,"Catucdaan","Cabugao",0,2026-04-22T07:11:37.270167+00:00,REVIEW (Name variation with same DOB)
FUZZY_VARIATION,FUZZY-GRP-82,88917,"Lubrin,Aivee Brielle,Dela Cruz",2021-09-02,Female,"Catucdaan","Cabugao",1,2026-05-07T09:33:49.769048+00:00,REVIEW (Name variation with same DOB)
FUZZY_VARIATION,FUZZY-GRP-83,72169,"Lubrin,Aivee Brielle,De La Cruz",2021-09-02,Female,"Catucdaan","Cabugao",0,2026-04-22T07:11:37.270167+00:00,REVIEW (Name variation with same DOB)
FUZZY_VARIATION,FUZZY-GRP-83,268484,"LUBRIN AIVEE BRIELLE DELA CRUZ",2021-09-02,Female,"Catucdaan","Cabugao",1,2026-08-03T08:25:59.297119+00:00,REVIEW (Name variation with same DOB)
FUZZY_VARIATION,FUZZY-GRP-84,72175,"Sajor,Neriah May,Sinampaga",2025-05-08,Female,"Catucdaan","Cabugao",0,2026-04-22T07:11:37.270167+00:00,REVIEW (Name variation with same DOB)
FUZZY_VARIATION,FUZZY-GRP-84,268416,"SAJOR NERIA MAY SINAMPAGA",2025-05-08,Female,"Catucdaan","Cabugao",0,2026-08-03T07:33:37.259269+00:00,REVIEW (Name variation with same DOB)
FUZZY_VARIATION,FUZZY-GRP-85,72181,"Villa,Wilma,Pacis",1965-03-15,Female,"Catucdaan","Cabugao",0,2026-04-22T07:11:37.270167+00:00,REVIEW (Name variation with same DOB)
FUZZY_VARIATION,FUZZY-GRP-85,163894,"Villa,Wilma,Penis",1965-03-15,Female,"Catucdaan","Cabugao",0,2026-06-02T06:52:22.98232+00:00,REVIEW (Name variation with same DOB)
FUZZY_VARIATION,FUZZY-GRP-86,72394,"SARTE ESTRELLA VALLEDOR",1955-08-28,Female,"Namruangan","Cabugao",0,2026-04-23T00:41:49.35773+00:00,REVIEW (Name variation with same DOB)
FUZZY_VARIATION,FUZZY-GRP-86,214074,"SARTE ESTRELITA VALLEDOR",1955-08-28,Female,"Namruangan","Cabugao",0,2026-06-22T04:24:28.113672+00:00,REVIEW (Name variation with same DOB)
FUZZY_VARIATION,FUZZY-GRP-87,72644,"Lorenzo,Jamaira Lomerio",2023-01-22,Female,"Daclapan","Cabugao",0,2026-04-23T05:53:37.485813+00:00,REVIEW (Name variation with same DOB)
FUZZY_VARIATION,FUZZY-GRP-87,278373,"Lorenzo, Jamaica Lomenio",2023-01-22,Male,"Daclapan","Cabugao",0,2026-09-02T04:14:03.952699+00:00,REVIEW (Name variation with same DOB)
FUZZY_VARIATION,FUZZY-GRP-88,77669,"Sonido,Reign Scarlet Tubera",2019-06-05,Female,"Aragan","Cabugao",0,2026-04-29T07:04:48.055825+00:00,REVIEW (Name variation with same DOB)
FUZZY_VARIATION,FUZZY-GRP-88,323440,"Sonido , Reign Scarlette Tubera",2019-06-05,Female,"Aragan","Cabugao",0,2026-09-30T07:45:20.987562+00:00,REVIEW (Name variation with same DOB)
FUZZY_VARIATION,FUZZY-GRP-89,80501,"Gaspar,Elnora,Sevilleja",1971-11-01,Female,"Catucdaan","Cabugao",0,2026-05-04T02:32:46.166483+00:00,REVIEW (Name variation with same DOB)
FUZZY_VARIATION,FUZZY-GRP-89,91670,"Gaspar,Nora,Sevilleja",1971-11-01,Female,"Catucdaan","Cabugao",0,2026-05-08T08:00:35.940941+00:00,REVIEW (Name variation with same DOB)
FUZZY_VARIATION,FUZZY-GRP-90,80511,"Penis,Bernalyn,Sambrana",1992-02-16,Female,"Catucdaan","Cabugao",0,2026-05-04T02:32:46.166483+00:00,REVIEW (Name variation with same DOB)
FUZZY_VARIATION,FUZZY-GRP-90,163898,"Pines,Bernalyn,Sambrana",1992-02-16,Female,"Catucdaan","Cabugao",0,2026-06-02T06:52:22.98232+00:00,REVIEW (Name variation with same DOB)
FUZZY_VARIATION,FUZZY-GRP-91,85757,"Tapangco Amado Yagon",1957-05-19,Male,"Arnap","Cabugao",0,2026-05-06T06:46:52.214663+00:00,REVIEW (Name variation with same DOB)
FUZZY_VARIATION,FUZZY-GRP-91,165740,"Tapangco Amando Yagon",1957-05-19,Male,"Arnap","Cabugao",0,2026-06-02T09:04:23.806353+00:00,REVIEW (Name variation with same DOB)
FUZZY_VARIATION,FUZZY-GRP-92,85781,"Tolosa Trisha Mae Solis",2001-10-19,Female,"Arnap","Cabugao",0,2026-05-06T06:46:52.214663+00:00,REVIEW (Name variation with same DOB)
FUZZY_VARIATION,FUZZY-GRP-92,165874,"Toloza Trisha Mae Solis",2001-10-19,Female,"Arnap","Cabugao",0,2026-06-02T09:04:27.00466+00:00,REVIEW (Name variation with same DOB)
FUZZY_VARIATION,FUZZY-GRP-93,85790,"Garduque Etherelyn Penis",2008-01-25,Female,"Arnap","Cabugao",0,2026-05-06T06:46:52.214663+00:00,REVIEW (Name variation with same DOB)
FUZZY_VARIATION,FUZZY-GRP-93,165434,"Garduque Atherelyn Penis",2008-01-25,Female,"Arnap","Cabugao",0,2026-06-02T09:04:23.806353+00:00,REVIEW (Name variation with same DOB)
FUZZY_VARIATION,FUZZY-GRP-94,85796,"Solar Aaliyah Skye Tabula",2012-05-27,Female,"Arnap","Cabugao",0,2026-05-06T06:46:52.214663+00:00,REVIEW (Name variation with same DOB)
FUZZY_VARIATION,FUZZY-GRP-94,165515,"Solar Aaliyah Skyle Tabula",2012-05-27,Female,"Arnap","Cabugao",0,2026-06-02T09:04:23.806353+00:00,REVIEW (Name variation with same DOB)
FUZZY_VARIATION,FUZZY-GRP-95,85821,"Tagatac Honeylyn Toloza",2000-08-26,Female,"Arnap","Cabugao",0,2026-05-06T06:46:52.214663+00:00,REVIEW (Name variation with same DOB)
FUZZY_VARIATION,FUZZY-GRP-95,165888,"Tagatac Honelyn Toloza",2000-08-26,Female,"Arnap","Cabugao",0,2026-06-02T09:04:27.00466+00:00,REVIEW (Name variation with same DOB)
FUZZY_VARIATION,FUZZY-GRP-96,85825,"Dato Reymar Sonido",2004-03-18,Male,"Arnap","Cabugao",0,2026-05-06T06:46:52.214663+00:00,REVIEW (Name variation with same DOB)
FUZZY_VARIATION,FUZZY-GRP-96,214734,"Datu Reymar Sonido",2004-03-18,Male,"Arnap","Cabugao",0,2026-06-22T06:41:51.322315+00:00,REVIEW (Name variation with same DOB)
FUZZY_VARIATION,FUZZY-GRP-97,85827,"Seridon Arsenia Flores",1948-10-31,Female,"Arnap","Cabugao",0,2026-05-06T06:46:52.214663+00:00,REVIEW (Name variation with same DOB)
FUZZY_VARIATION,FUZZY-GRP-97,165926,"Seridon Arcinia Flores",1948-10-31,Female,"Arnap","Cabugao",0,2026-06-02T09:04:27.00466+00:00,REVIEW (Name variation with same DOB)
FUZZY_VARIATION,FUZZY-GRP-98,86075,"JACOBO, CRISCHELLE SOMERA",2001-04-14,Female,"Margaay","Cabugao",0,2026-05-06T07:29:03.331039+00:00,REVIEW (Name variation with same DOB)
FUZZY_VARIATION,FUZZY-GRP-98,91814,"JACOB CRISCHELLE SOMERA",2001-04-14,Female,"Margaay","Cabugao",0,2026-05-08T08:08:23.479339+00:00,REVIEW (Name variation with same DOB)
FUZZY_VARIATION,FUZZY-GRP-99,86083,"SAJOR, BREINELLE GALLANO",2016-02-08,Female,"Margaay","Cabugao",0,2026-05-06T07:29:03.331039+00:00,REVIEW (Name variation with same DOB)
FUZZY_VARIATION,FUZZY-GRP-99,165122,"SAJOR BRIENELLE GALLANO",2016-02-08,Female,"Margaay","Cabugao",0,2026-06-02T08:53:54.679899+00:00,REVIEW (Name variation with same DOB)
FUZZY_VARIATION,FUZZY-GRP-100,86097,"SIMBE, GELAN JAKE BAUTISTA",2014-08-02,Male,"Margaay","Cabugao",0,2026-05-06T07:29:03.331039+00:00,REVIEW (Name variation with same DOB)
FUZZY_VARIATION,FUZZY-GRP-100,87492,"SIMBE JELAN JAKE BAUTISTA",2014-08-02,Male,"Margaay","Cabugao",0,2026-05-07T03:51:10.700801+00:00,REVIEW (Name variation with same DOB)
FUZZY_VARIATION,FUZZY-GRP-101,86105,"SURBIDA, JAMES AINSLEY TAGORDA",2020-02-15,Male,"Margaay","Cabugao",0,2026-05-06T07:29:03.331039+00:00,REVIEW (Name variation with same DOB)
FUZZY_VARIATION,FUZZY-GRP-101,174740,"SURBIDA , JAMES EINSLEY TAGORDA",2020-02-15,Male,"Cuancabal","Cabugao",0,2026-06-04T09:29:20.791103+00:00,REVIEW (Name variation with same DOB)
FUZZY_VARIATION,FUZZY-GRP-102,86759,"Erese Emely Baclig",1983-03-13,Female,"Cacadiran","Cabugao",0,2026-05-06T08:43:17.71907+00:00,REVIEW (Name variation with same DOB)
FUZZY_VARIATION,FUZZY-GRP-102,176976,"Erece Emely Baclig",1983-03-13,Female,"Cacadiran","Cabugao",0,2026-06-04T10:52:21.210266+00:00,REVIEW (Name variation with same DOB)
FUZZY_VARIATION,FUZZY-GRP-103,86773,"Seguban Criszel Baliza",2019-05-24,Female,"Cacadiran","Cabugao",0,2026-05-06T08:43:17.71907+00:00,REVIEW (Name variation with same DOB)
FUZZY_VARIATION,FUZZY-GRP-103,176903,"Seguban  Crizel Baliza",2019-05-24,Female,"Cacadiran","Cabugao",0,2026-06-04T10:52:21.210266+00:00,REVIEW (Name variation with same DOB)
FUZZY_VARIATION,FUZZY-GRP-104,86784,"Villegas Ermie Seguban",1971-04-14,Female,"Cacadiran","Cabugao",0,2026-05-06T08:43:17.71907+00:00,REVIEW (Name variation with same DOB)
FUZZY_VARIATION,FUZZY-GRP-104,169298,"Villegas Ernie Seguban",1971-04-14,Male,"Cacadiran","Cabugao",0,2026-06-03T05:27:33.660858+00:00,REVIEW (Name variation with same DOB)
FUZZY_VARIATION,FUZZY-GRP-105,86799,"Erese Mac Dowell Baclig",2007-12-30,Male,"Cacadiran","Cabugao",0,2026-05-06T08:43:17.71907+00:00,REVIEW (Name variation with same DOB)
FUZZY_VARIATION,FUZZY-GRP-105,176979,"Erece Mac Dowell Baclig",2007-12-30,Male,"Cacadiran","Cabugao",0,2026-06-04T10:52:21.210266+00:00,REVIEW (Name variation with same DOB)
FUZZY_VARIATION,FUZZY-GRP-106,175691,"Zamora,Ronald Segui",2007-04-22,Male,"Salapasap","Cabugao",0,2026-06-04T10:12:12.781281+00:00,REVIEW (Name variation with same DOB)
FUZZY_VARIATION,FUZZY-GRP-106,175692,"Zamora, Roland Segui",2007-04-22,Male,"Salapasap","Cabugao",0,2026-06-04T10:12:12.781281+00:00,REVIEW (Name variation with same DOB)
FUZZY_VARIATION,FUZZY-GRP-107,88845,"Tatson,Daniel,Pines",2006-10-22,Male,"Catucdaan","Cabugao",0,2026-05-07T09:33:49.769048+00:00,REVIEW (Name variation with same DOB)
FUZZY_VARIATION,FUZZY-GRP-107,163977,"Tatson,Daniel,Penis",2006-10-22,Male,"Catucdaan","Cabugao",0,2026-06-02T06:52:22.98232+00:00,REVIEW (Name variation with same DOB)
FUZZY_VARIATION,FUZZY-GRP-108,88867,"Saporna,Lina,Sonico",1983-06-25,Female,"Catucdaan","Cabugao",0,2026-05-07T09:33:49.769048+00:00,REVIEW (Name variation with same DOB)
FUZZY_VARIATION,FUZZY-GRP-108,88884,"Saporma,Lina,Sonico",1983-06-25,Female,"Catucdaan","Cabugao",0,2026-05-07T09:33:49.769048+00:00,REVIEW (Name variation with same DOB)
FUZZY_VARIATION,FUZZY-GRP-109,88890,"Garcia,Rhaizza Jem,Saupan",2011-04-22,Female,"Catucdaan","Cabugao",0,2026-05-07T09:33:49.769048+00:00,REVIEW (Name variation with same DOB)
FUZZY_VARIATION,FUZZY-GRP-109,163848,"Garcia,Rhaiza Jhem,Saupan",2011-04-22,Female,"Catucdaan","Cabugao",0,2026-06-02T06:52:22.98232+00:00,REVIEW (Name variation with same DOB)
FUZZY_VARIATION,FUZZY-GRP-110,88894,"Sabino,John Paul,Penis",2011-06-18,Male,"Catucdaan","Cabugao",0,2026-05-07T09:33:49.769048+00:00,REVIEW (Name variation with same DOB)
FUZZY_VARIATION,FUZZY-GRP-110,163932,"Sabino,John Paul,Pines",2011-06-18,Male,"Catucdaan","Cabugao",0,2026-06-02T06:52:22.98232+00:00,REVIEW (Name variation with same DOB)
FUZZY_VARIATION,FUZZY-GRP-111,175862,"Benicta, Angel May Reyes",1993-11-26,Female,"Salapasap","Cabugao",0,2026-06-04T10:12:12.781281+00:00,REVIEW (Name variation with same DOB)
FUZZY_VARIATION,FUZZY-GRP-111,184972,"Benicta, Angel Mae Reyes",1993-11-26,Female,"Aragan","Cabugao",0,2026-06-08T05:25:20.028997+00:00,REVIEW (Name variation with same DOB)
FUZZY_VARIATION,FUZZY-GRP-112,108294,"POLI, JOHN LEEMAR TABULA",1996-05-29,Male,"Cuancabal","Cabugao",0,2026-05-14T08:41:27.435359+00:00,REVIEW (Name variation with same DOB)
FUZZY_VARIATION,FUZZY-GRP-112,176992,"Poli John Leimar Tabula",1996-05-29,Male,"Cacadiran","Cabugao",0,2026-06-04T10:52:21.210266+00:00,REVIEW (Name variation with same DOB)
FUZZY_VARIATION,FUZZY-GRP-113,108316,"SEVILLEJA, MARC ETHAN RIMARIM",2022-12-23,Male,"Cuancabal","Cabugao",0,2026-05-14T08:41:27.435359+00:00,REVIEW (Name variation with same DOB)
FUZZY_VARIATION,FUZZY-GRP-113,256087,"SEVILLEJA, MARC EITHAN RIMARIM",2022-12-23,Male,"Cuancabal","Cabugao",0,2026-07-23T04:48:49.930429+00:00,REVIEW (Name variation with same DOB)
FUZZY_VARIATION,FUZZY-GRP-114,268419,"BRACEROS HAIDEN SEGURITAN",2025-03-15,Female,"Catucdaan","Cabugao",0,2026-08-03T07:36:33.555307+00:00,REVIEW (Name variation with same DOB)
FUZZY_VARIATION,FUZZY-GRP-114,278404,"BRACEROS HEIDEN SEGURITAN",2025-03-15,Male,"Catucdaan","Cabugao",0,2026-09-02T05:19:07.820426+00:00,REVIEW (Name variation with same DOB)
FUZZY_VARIATION,FUZZY-GRP-115,118353,"Viloria, Princess Luna Reeyanshie Tisbe",2025-04-17,Female,"Daclapan","Cabugao",0,2026-05-20T02:25:59.082724+00:00,REVIEW (Name variation with same DOB)
FUZZY_VARIATION,FUZZY-GRP-115,237552,"Viloria, Princess Luna Reeyansh Tisbe",2025-04-17,Female,"Daclapan","Cabugao",0,2026-06-29T02:21:04.478681+00:00,REVIEW (Name variation with same DOB)
FUZZY_VARIATION,FUZZY-GRP-116,118753,"SAMBRANA LANZ EMIL SAPLA",2018-02-02,Male,"Namruangan","Cabugao",0,2026-05-20T03:44:36.595964+00:00,REVIEW (Name variation with same DOB)
FUZZY_VARIATION,FUZZY-GRP-116,118778,"SAMBRANA RENZ EMIL SAPLA",2018-02-02,Male,"Namruangan","Cabugao",0,2026-05-20T03:44:36.595964+00:00,REVIEW (Name variation with same DOB)
FUZZY_VARIATION,FUZZY-GRP-117,118882,"Sunio Daizy Aquino",1976-12-22,Female,"Cacadiran","Cabugao",0,2026-05-20T04:00:07.388812+00:00,REVIEW (Name variation with same DOB)
FUZZY_VARIATION,FUZZY-GRP-117,169249,"Sunio Daisy Aquino",1976-12-22,Female,"Cacadiran","Cabugao",0,2026-06-03T05:27:33.660858+00:00,REVIEW (Name variation with same DOB)
FUZZY_VARIATION,FUZZY-GRP-118,118889,"Arcena Crescencia Segui",1950-02-02,Female,"Cacadiran","Cabugao",0,2026-05-20T04:00:07.388812+00:00,REVIEW (Name variation with same DOB)
FUZZY_VARIATION,FUZZY-GRP-118,169348,"ARCENA CRESENCIA SEGUI",1950-02-02,Male,"Cacadiran","Cabugao",0,2026-06-03T05:27:33.660858+00:00,REVIEW (Name variation with same DOB)
FUZZY_VARIATION,FUZZY-GRP-119,118898,"Sunio Nemesio Paeta",1954-02-20,Male,"Cacadiran","Cabugao",0,2026-05-20T04:00:07.388812+00:00,REVIEW (Name variation with same DOB)
FUZZY_VARIATION,FUZZY-GRP-119,169052,"Sunio Nemesio Paita",1954-02-20,Male,"Cacadiran","Cabugao",0,2026-06-03T05:27:33.660858+00:00,REVIEW (Name variation with same DOB)
FUZZY_VARIATION,FUZZY-GRP-120,118904,"Arquero Marilyn Dennen",1976-09-21,Female,"Cacadiran","Cabugao",0,2026-05-20T04:00:07.388812+00:00,REVIEW (Name variation with same DOB)
FUZZY_VARIATION,FUZZY-GRP-120,177062,"Arquero Marylin Dennen",1976-09-21,Female,"Cacadiran","Cabugao",0,2026-06-04T10:52:21.210266+00:00,REVIEW (Name variation with same DOB)
FUZZY_VARIATION,FUZZY-GRP-121,118906,"Cuade Precious Seguban",2025-08-08,Female,"Cacadiran","Cabugao",0,2026-05-20T04:00:07.388812+00:00,REVIEW (Name variation with same DOB)
FUZZY_VARIATION,FUZZY-GRP-121,278401,"CAUDE PRECIOUS SEGUBAN",2025-08-08,Female,"Cacadiran","Cabugao",0,2026-09-02T05:08:42.129925+00:00,REVIEW (Name variation with same DOB)
FUZZY_VARIATION,FUZZY-GRP-122,256604,"Villanueva,Jay Solima",2012-09-18,Male,"Salapasap","Cabugao",0,2026-07-23T05:39:23.941392+00:00,REVIEW (Name variation with same DOB)
FUZZY_VARIATION,FUZZY-GRP-122,256605,"Villanueva,Jake Solima",2012-09-18,Male,"Salapasap","Cabugao",0,2026-07-23T05:39:23.941392+00:00,REVIEW (Name variation with same DOB)
FUZZY_VARIATION,FUZZY-GRP-123,256620,"Sambrana,Railey Castillo",2021-10-25,Male,"Salapasap","Cabugao",0,2026-07-23T05:39:23.941392+00:00,REVIEW (Name variation with same DOB)
FUZZY_VARIATION,FUZZY-GRP-123,256621,"Sambrana,Raicey Castillo",2021-10-25,Male,"Salapasap","Cabugao",0,2026-07-23T05:39:23.941392+00:00,REVIEW (Name variation with same DOB)
FUZZY_VARIATION,FUZZY-GRP-124,143759,"Peralta,Aliyah Sofia Sambrana",2022-09-23,Female,"Salapasap","Cabugao",0,2026-05-25T12:43:40.057947+00:00,REVIEW (Name variation with same DOB)
FUZZY_VARIATION,FUZZY-GRP-124,300469,"Peralta, Aliyah Sophia Sambrana",2022-09-23,Female,"Nagsantaan","Cabugao",0,2026-09-24T07:26:58.862539+00:00,REVIEW (Name variation with same DOB)
FUZZY_VARIATION,FUZZY-GRP-125,160787,"Morales, Allysa Fae Baclig",2009-03-12,Female,"Pug-os","Cabugao",0,2026-06-01T05:51:53.250067+00:00,REVIEW (Name variation with same DOB)
FUZZY_VARIATION,FUZZY-GRP-125,331679,"MORALES, ALYSA FAYE BACLIG",2009-03-12,Female,"Caellayan","Cabugao",0,2026-10-02T03:03:19.107838+00:00,REVIEW (Name variation with same DOB)
FUZZY_VARIATION,FUZZY-GRP-126,175076,"Parel,Marvin Villanueva",1990-02-08,Male,"Salapasap","Cabugao",0,2026-06-04T09:56:07.527576+00:00,REVIEW (Name variation with same DOB)
FUZZY_VARIATION,FUZZY-GRP-126,176240,"Parel, Marvin Villannueva",1990-02-08,Male,"Pug-os","Cabugao",0,2026-06-04T10:33:18.674457+00:00,REVIEW (Name variation with same DOB)
FUZZY_VARIATION,FUZZY-GRP-127,162097,"SAJOR ZYDEN SANTELLA",2022-09-15,Male,"Margaay","Cabugao",0,2026-06-01T07:45:42.917079+00:00,REVIEW (Name variation with same DOB)
FUZZY_VARIATION,FUZZY-GRP-127,266077,"SAJOR ZIDEN SANTELLA",2022-09-15,Male,"Margaay","Cabugao",0,2026-07-31T05:17:20.654767+00:00,REVIEW (Name variation with same DOB)
FUZZY_VARIATION,FUZZY-GRP-128,257173,"SOTO, YVONNE ZHANREI MYRELL, PASCUA",2022-10-15,Female,"Turod","Cabugao",0,2026-07-23T07:52:45.896047+00:00,REVIEW (Name variation with same DOB)
FUZZY_VARIATION,FUZZY-GRP-128,257212,"SOTO, YVONNE ZHANDREI MYREL, PASCUA",2022-10-15,Female,"Turod","Cabugao",0,2026-07-23T07:52:45.896047+00:00,REVIEW (Name variation with same DOB)
FUZZY_VARIATION,FUZZY-GRP-129,336112,"SEVILLEJA JIMUEL GARCIA",1987-08-27,Male,"Dardarat","Cabugao",0,2026-10-02T06:28:40.382995+00:00,REVIEW (Name variation with same DOB)
FUZZY_VARIATION,FUZZY-GRP-129,336119,"SEVILLEJA RIMUEL GARCIA",1987-08-27,Male,"Dardarat","Cabugao",0,2026-10-02T06:28:40.382995+00:00,REVIEW (Name variation with same DOB)
FUZZY_VARIATION,FUZZY-GRP-130,165199,"VARGAS CHARYLL CHRYSTAL VALENCIA",2020-01-18,Female,"Margaay","Cabugao",0,2026-06-02T08:53:54.679899+00:00,REVIEW (Name variation with same DOB)
FUZZY_VARIATION,FUZZY-GRP-130,165309,"Vargas Charylle Chrystal Valencia",2020-01-18,Female,"Arnap","Cabugao",0,2026-06-02T09:04:23.806353+00:00,REVIEW (Name variation with same DOB)
FUZZY_VARIATION,FUZZY-GRP-131,184979,"Cortez, Michael Jhon Sumagit",2009-09-15,Male,"Aragan","Cabugao",0,2026-06-08T05:25:20.028997+00:00,REVIEW (Name variation with same DOB)
FUZZY_VARIATION,FUZZY-GRP-131,227209,"CORTEZ MICHAEL JOHN SUMAGIT",2009-09-15,Male,"Margaay","Cabugao",0,2026-06-26T02:38:55.974199+00:00,REVIEW (Name variation with same DOB)
FUZZY_VARIATION,FUZZY-GRP-132,165548,"Alvarez Khiera Zayn Braceros",2020-10-26,Female,"Arnap","Cabugao",0,2026-06-02T09:04:23.806353+00:00,REVIEW (Name variation with same DOB)
FUZZY_VARIATION,FUZZY-GRP-132,272991,"Alvarez, Khieran Zayn, Braceros",2020-10-26,Male,"Arnap","Cabugao",0,2026-08-07T07:22:17.845258+00:00,REVIEW (Name variation with same DOB)
FUZZY_VARIATION,FUZZY-GRP-133,165556,"Sunio Andrei Raville Baltazar",2012-02-24,Male,"Arnap","Cabugao",0,2026-06-02T09:04:23.806353+00:00,REVIEW (Name variation with same DOB)
FUZZY_VARIATION,FUZZY-GRP-133,169007,"Sunio Andrei Ravielle Baltazar",2012-02-24,Male,"Cacadiran","Cabugao",0,2026-06-03T05:27:33.660858+00:00,REVIEW (Name variation with same DOB)
FUZZY_VARIATION,FUZZY-GRP-134,165891,"Daroy Yzabella Keith Tagatac",2022-06-30,Female,"Arnap","Cabugao",0,2026-06-02T09:04:27.00466+00:00,REVIEW (Name variation with same DOB)
FUZZY_VARIATION,FUZZY-GRP-134,272976,"Daroy, Ysabella Keith, Tagatac",2022-06-30,Female,"Arnap","Cabugao",0,2026-08-07T07:22:17.845258+00:00,REVIEW (Name variation with same DOB)
FUZZY_VARIATION,FUZZY-GRP-135,165917,"Timbreza Arvie Junel Manuel",2016-02-28,Male,"Arnap","Cabugao",0,2026-06-02T09:04:27.00466+00:00,REVIEW (Name variation with same DOB)
FUZZY_VARIATION,FUZZY-GRP-135,323147,"Timbreza, Alvie June Manuel",2016-02-28,Male,"Aragan","Cabugao",0,2026-09-30T07:45:20.987562+00:00,REVIEW (Name variation with same DOB)
FUZZY_VARIATION,FUZZY-GRP-136,168074,"Lopez, Princess Aviannah Serdenia",2022-09-13,Female,"Pug-os","Cabugao",0,2026-06-03T03:59:02.754834+00:00,REVIEW (Name variation with same DOB)
FUZZY_VARIATION,FUZZY-GRP-136,276327,"LOPEZ PRINCESS AVIANNA SERDENIA",2022-09-13,Female,"Margaay","Cabugao",0,2026-08-24T03:46:07.549021+00:00,REVIEW (Name variation with same DOB)
FUZZY_VARIATION,FUZZY-GRP-137,185670,"Sanchez, Reymond Ante",2003-12-30,Male,"Daclapan","Cabugao",0,2026-06-08T06:32:32.656867+00:00,REVIEW (Name variation with same DOB)
FUZZY_VARIATION,FUZZY-GRP-137,185671,"Sanchez, Reynold Ante",2003-12-30,Male,"Daclapan","Cabugao",0,2026-06-08T06:32:32.656867+00:00,REVIEW (Name variation with same DOB)
FUZZY_VARIATION,FUZZY-GRP-138,174488,"SOMERA, AIYANNAH ZIELLE CATRIZ",2025-09-04,Female,"Cuancabal","Cabugao",0,2026-06-04T09:29:20.791103+00:00,REVIEW (Name variation with same DOB)
FUZZY_VARIATION,FUZZY-GRP-138,256088,"SOMERA, ALYANNAH ZIELLE CATRIZ",2025-09-04,Female,"Cuancabal","Cabugao",0,2026-07-23T04:48:49.930429+00:00,REVIEW (Name variation with same DOB)
FUZZY_VARIATION,FUZZY-GRP-139,174615,"SOCIAS, NIKA JOYCE MORALES",2022-01-05,Female,"Cuancabal","Cabugao",0,2026-06-04T09:29:20.791103+00:00,REVIEW (Name variation with same DOB)
FUZZY_VARIATION,FUZZY-GRP-139,256094,"SOCIAS, NICKA JOYCE MORALES",2022-01-05,Female,"Cuancabal","Cabugao",0,2026-07-23T04:48:49.930429+00:00,REVIEW (Name variation with same DOB)
FUZZY_VARIATION,FUZZY-GRP-140,176193,"Tinaza, Zain Kingsley Pascua",2022-12-29,Male,"Pug-os","Cabugao",0,2026-06-04T10:33:18.674457+00:00,REVIEW (Name variation with same DOB)
FUZZY_VARIATION,FUZZY-GRP-140,245136,"Tinaza, Zian Kingsley Pascua",2022-12-29,Male,"Pug-os","Cabugao",0,2026-07-13T05:48:20.046432+00:00,REVIEW (Name variation with same DOB)
FUZZY_VARIATION,FUZZY-GRP-141,176625,"Baclig, Marlyn Barbado",1966-12-16,Female,"Pug-os","Cabugao",0,2026-06-04T10:39:01.005541+00:00,REVIEW (Name variation with same DOB)
FUZZY_VARIATION,FUZZY-GRP-141,300496,"Baclig, Marilyn Barbado",1966-12-16,Female,"Nagsantaan","Cabugao",0,2026-09-24T07:26:58.862539+00:00,REVIEW (Name variation with same DOB)
FUZZY_VARIATION,FUZZY-GRP-142,176698,"Siembre Cecilla Hilamor",1941-11-22,Female,"Cacadiran","Cabugao",0,2026-06-04T10:52:21.210266+00:00,REVIEW (Name variation with same DOB)
FUZZY_VARIATION,FUZZY-GRP-142,215635,"SIEMBRE CECILIA HILAMOR",1941-11-22,Female,"Cacadiran","Cabugao",0,2026-06-22T07:10:05.01194+00:00,REVIEW (Name variation with same DOB)
FUZZY_VARIATION,FUZZY-GRP-143,177029,"Erece Merlyn  Arquero",1958-07-19,Female,"Cacadiran","Cabugao",0,2026-06-04T10:52:21.210266+00:00,REVIEW (Name variation with same DOB)
FUZZY_VARIATION,FUZZY-GRP-143,218662,"ERECE MERLYNE ARQUERO",1958-07-19,Female,"Cacadiran","Cabugao",0,2026-06-23T08:03:23.358318+00:00,REVIEW (Name variation with same DOB)
FUZZY_VARIATION,FUZZY-GRP-144,179778,"MANGUERA EDNALYN RABOR",1972-05-23,Female,"Namruangan","Cabugao",0,2026-06-05T07:31:16.13943+00:00,REVIEW (Name variation with same DOB)
FUZZY_VARIATION,FUZZY-GRP-144,208997,"MANGUERRA EDNALIN RABOR",1972-05-23,Female,"Namruangan","Cabugao",0,2026-06-18T08:56:55.477362+00:00,REVIEW (Name variation with same DOB)
FUZZY_VARIATION,FUZZY-GRP-145,179879,"SEVILLEJA MIRA FIORA WALANG",2022-01-24,Female,"Namruangan","Cabugao",0,2026-06-05T07:31:16.13943+00:00,REVIEW (Name variation with same DOB)
FUZZY_VARIATION,FUZZY-GRP-145,248792,"SEVILLEJA MIRA FLORA WALANG",2022-01-24,Female,"Namruangan","Cabugao",0,2026-07-16T06:39:16.327561+00:00,REVIEW (Name variation with same DOB)
FUZZY_VARIATION,FUZZY-GRP-146,185054,"Barcena, Rose-Ann Agdios",2012-02-06,Female,"Aragan","Cabugao",0,2026-06-08T05:25:20.028997+00:00,REVIEW (Name variation with same DOB)
FUZZY_VARIATION,FUZZY-GRP-146,185055,"Barcena, Rose-Vin Agdios",2012-02-06,Female,"Aragan","Cabugao",0,2026-06-08T05:25:20.028997+00:00,REVIEW (Name variation with same DOB)
FUZZY_VARIATION,FUZZY-GRP-147,185894,"Tisbe, Caliah Jan Saniatan",2022-03-24,Male,"Daclapan","Cabugao",0,2026-06-08T06:32:32.656867+00:00,REVIEW (Name variation with same DOB)
FUZZY_VARIATION,FUZZY-GRP-147,278272,"Tisbe, Chalia Jan Saniatan",2022-03-24,Female,"Daclapan","Cabugao",0,2026-09-02T02:41:41.329845+00:00,REVIEW (Name variation with same DOB)
FUZZY_VARIATION,FUZZY-GRP-148,186213,"Lorenzo, Kylie Saniatan",2020-11-03,Female,"Daclapan","Cabugao",0,2026-06-08T06:32:34.884216+00:00,REVIEW (Name variation with same DOB)
FUZZY_VARIATION,FUZZY-GRP-148,186214,"Lorenzo, Kyle Saniatan",2020-11-03,Male,"Daclapan","Cabugao",0,2026-06-08T06:32:34.884216+00:00,REVIEW (Name variation with same DOB)
FUZZY_VARIATION,FUZZY-GRP-149,219073,"Penis,Coohlean,Tabil",2025-09-24,Female,"Catucdaan","Cabugao",0,2026-06-23T09:04:33.806185+00:00,REVIEW (Name variation with same DOB)
FUZZY_VARIATION,FUZZY-GRP-149,273999,"PENIS COHLEEN TABIL",2025-09-24,Female,"Catucdaan","Cabugao",0,2026-08-09T23:58:32.402942+00:00,REVIEW (Name variation with same DOB)
FUZZY_VARIATION,FUZZY-GRP-150,219074,"Dela Cruz,Sofia Angela,Solmerin",2025-10-17,Female,"Catucdaan","Cabugao",0,2026-06-23T09:04:33.806185+00:00,REVIEW (Name variation with same DOB)
FUZZY_VARIATION,FUZZY-GRP-150,268461,"DELA CRUZ SOFIA ANGELIE SOLMERIN",2025-10-17,Female,"Catucdaan","Cabugao",0,2026-08-03T08:07:31.015617+00:00,REVIEW (Name variation with same DOB)
FUZZY_VARIATION,FUZZY-GRP-151,268461,"DELA CRUZ SOFIA ANGELIE SOLMERIN",2025-10-17,Female,"Catucdaan","Cabugao",0,2026-08-03T08:07:31.015617+00:00,REVIEW (Name variation with same DOB)
FUZZY_VARIATION,FUZZY-GRP-151,278405,"DELA CRUZ SOFIA ANGELIQUE SOLMERIN",2025-10-17,Female,"Catucdaan","Cabugao",0,2026-09-02T05:21:10.722066+00:00,REVIEW (Name variation with same DOB)
FUZZY_VARIATION,FUZZY-GRP-152,223449,"Siembre Shieka Xyrene Joyce",2023-08-28,Female,"Cacadiran","Cabugao",0,2026-06-24T08:21:42.166659+00:00,REVIEW (Name variation with same DOB)
FUZZY_VARIATION,FUZZY-GRP-152,273029,"SIEMBRE SHEIKA XYRENE JOYCE",2023-08-28,Female,"Cacadiran","Cabugao",0,2026-08-07T08:05:33.813366+00:00,REVIEW (Name variation with same DOB)
FUZZY_VARIATION,FUZZY-GRP-153,223458,"Gaspar Christle Ann",2022-10-31,Female,"Cacadiran","Cabugao",0,2026-06-24T08:21:42.166659+00:00,REVIEW (Name variation with same DOB)
FUZZY_VARIATION,FUZZY-GRP-153,273027,"GASPAR CRISTLE ANN",2022-10-31,Female,"Cacadiran","Cabugao",0,2026-08-07T08:01:45.814623+00:00,REVIEW (Name variation with same DOB)
FUZZY_VARIATION,FUZZY-GRP-154,257197,"SOTO, VRIANNAH DAYNE, VILLALUZ",2021-12-16,Female,"Turod","Cabugao",0,2026-07-23T07:52:45.896047+00:00,REVIEW (Name variation with same DOB)
FUZZY_VARIATION,FUZZY-GRP-154,333651,"SOTO, VRIANNAH DANE, VILLALUZ",2021-12-16,F - Female,"Turod","Cabugao",0,2026-10-02T03:05:56.516021+00:00,REVIEW (Name variation with same DOB)
FUZZY_VARIATION,FUZZY-GRP-155,238224,"BANGLOY, BETINA KATE SORIANO",2018-06-06,Female,"Caellayan","Cabugao",0,2026-06-30T00:43:53.542944+00:00,REVIEW (Name variation with same DOB)
FUZZY_VARIATION,FUZZY-GRP-155,238247,"BANGLOY, BELINA KATE SORIANO",2018-06-06,Female,"Caellayan","Cabugao",0,2026-06-30T00:43:53.542944+00:00,REVIEW (Name variation with same DOB)
FUZZY_VARIATION,FUZZY-GRP-156,248517,"Azcueta,Princess Maouriche Peralta",2021-04-08,Female,"Salapasap","Cabugao",0,2026-07-16T05:22:28.185765+00:00,REVIEW (Name variation with same DOB)
FUZZY_VARIATION,FUZZY-GRP-156,248518,"Azcueta,Princess Maouricx Peralta",2021-04-08,Female,"Salapasap","Cabugao",0,2026-07-16T05:22:28.185765+00:00,REVIEW (Name variation with same DOB)
FUZZY_VARIATION,FUZZY-GRP-157,248544,"SAVILLEJA, RAIZEN JOSH SANIATAN",2022-03-06,Male,"Daclapan","Cabugao",0,2026-07-16T05:27:34.57561+00:00,REVIEW (Name variation with same DOB)
FUZZY_VARIATION,FUZZY-GRP-157,278391,"Sevilleja, Raizan Josh Saniatan",2022-03-06,Male,"Daclapan","Cabugao",0,2026-09-02T04:48:56.962663+00:00,REVIEW (Name variation with same DOB)
FUZZY_VARIATION,FUZZY-GRP-158,276313,"PALACAY EITHAN RYLE AZCUETA",2024-01-18,Male,"Margaay","Cabugao",0,2026-08-24T03:36:26.352176+00:00,REVIEW (Name variation with same DOB)
FUZZY_VARIATION,FUZZY-GRP-158,300479,"Palacay, Ethan Kyle Azcueta",2024-01-18,Male,"Nagsantaan","Cabugao",0,2026-09-24T07:26:58.862539+00:00,REVIEW (Name variation with same DOB)
FUZZY_VARIATION,FUZZY-GRP-159,277199,"Apana, Hayden Khalif valdez",2025-12-04,Male,"Daclapan","Cabugao",0,2026-08-26T05:20:06.65942+00:00,REVIEW (Name variation with same DOB)
FUZZY_VARIATION,FUZZY-GRP-159,278211,"APANA, HAYDEN KHALUF VALDEZ",2025-12-04,Male,"Daclapan","Cabugao",0,2026-09-02T00:40:20.856579+00:00,REVIEW (Name variation with same DOB)
FUZZY_VARIATION,FUZZY-GRP-160,300525,"Somejo, Ysabelle Kate Sajor",2018-02-16,Female,"Nagsantaan","Cabugao",0,2026-09-24T07:26:58.862539+00:00,REVIEW (Name variation with same DOB)
FUZZY_VARIATION,FUZZY-GRP-160,323247,"Somejo, Ysabel Kate Sajor",2018-02-16,Female,"Aragan","Cabugao",0,2026-09-30T07:45:20.987562+00:00,REVIEW (Name variation with same DOB)
FUZZY_VARIATION,FUZZY-GRP-161,300526,"Somejo, Yllona Grace Sajor",2018-02-16,Female,"Nagsantaan","Cabugao",0,2026-09-24T07:26:58.862539+00:00,REVIEW (Name variation with same DOB)
FUZZY_VARIATION,FUZZY-GRP-161,323248,"Somejo, Ylona Grace Sajor",2018-02-16,Female,"Aragan","Cabugao",0,2026-09-30T07:45:20.987562+00:00,REVIEW (Name variation with same DOB)
FUZZY_VARIATION,FUZZY-GRP-162,325256,"ARCEBAL GABRIEL BELMONTE",2025-08-17,Male,"Namruangan","Cabugao",0,2026-10-01T00:43:23.320606+00:00,REVIEW (Name variation with same DOB)
FUZZY_VARIATION,FUZZY-GRP-162,325264,"ARCEBAL GABRIELA BELMONTE",2025-08-17,Male,"Namruangan","Cabugao",0,2026-10-01T00:44:45.308024+00:00,REVIEW (Name variation with same DOB)