Category,Group_ID,Patient_ID,Full_Name,Birthdate,Sex,Barangay,Municipality,Services_Count,Created_At,Suggested_Action
EXACT_MATCH,EXACT-GRP-1,37718,"Quidolit, Gloria Pascua",1975-03-29,Female,"Purok-a-bassit","City of Vigan",1,2026-03-28T13:25:13.384068+00:00,KEEP (Primary)
EXACT_MATCH,EXACT-GRP-1,95544,"QUIDOLIT GLORIA PASCUA",1975-03-29,Female,"Purok-a-bassit","City of Vigan",1,2026-05-08T23:23:38.7858+00:00,MERGE SERVICES TO PRIMARY
EXACT_MATCH,EXACT-GRP-2,37721,"Natividad, Roberto Cabrales",1953-02-16,Male,"Purok-a-bassit","City of Vigan",10,2026-03-28T13:25:13.384068+00:00,KEEP (Primary)
EXACT_MATCH,EXACT-GRP-2,95441,"NATIVIDAD ROBERTO CABRALES",1953-02-16,Male,"Purok-a-bassit","City of Vigan",1,2026-05-08T23:23:38.7858+00:00,MERGE SERVICES TO PRIMARY
EXACT_MATCH,EXACT-GRP-3,37724,"Argallon, Matilde Pinzon",1956-02-27,Female,"Purok-a-bassit","City of Vigan",3,2026-03-28T13:25:13.384068+00:00,KEEP (Primary)
EXACT_MATCH,EXACT-GRP-3,95792,"ARGALLON MATILDE PINZON",1956-02-27,Female,"Purok-a-bassit","City of Vigan",1,2026-05-08T23:27:08.191258+00:00,MERGE SERVICES TO PRIMARY
EXACT_MATCH,EXACT-GRP-4,37727,"Pinzon, Princess Janella Argallon",2025-08-02,Female,"Purok-a-bassit","City of Vigan",4,2026-03-28T13:25:13.384068+00:00,KEEP (Primary)
EXACT_MATCH,EXACT-GRP-4,95716,"PINZON PRINCESS JANELLA ARGALLON",2025-08-02,Female,"Purok-a-bassit","City of Vigan",1,2026-05-08T23:27:08.191258+00:00,MERGE SERVICES TO PRIMARY
EXACT_MATCH,EXACT-GRP-5,37728,"Pinzon, Luz Argallon",1984-12-05,Female,"Purok-a-bassit","City of Vigan",2,2026-03-28T13:25:13.384068+00:00,KEEP (Primary)
EXACT_MATCH,EXACT-GRP-5,95714,"PINZON LUZ ARGALLON",1984-12-05,Female,"Purok-a-bassit","City of Vigan",1,2026-05-08T23:27:08.191258+00:00,MERGE SERVICES TO PRIMARY
EXACT_MATCH,EXACT-GRP-6,37729,"Pajo, John Mark Quidolit",2007-08-25,Male,"Purok-a-bassit","City of Vigan",1,2026-03-28T13:25:13.384068+00:00,KEEP (Primary)
EXACT_MATCH,EXACT-GRP-6,95452,"PAJO JOHN MARK QUIDOLIT",2007-08-25,Male,"Purok-a-bassit","City of Vigan",1,2026-05-08T23:23:38.7858+00:00,MERGE SERVICES TO PRIMARY
EXACT_MATCH,EXACT-GRP-7,37730,"Pajo, Milagros Quidolit",1973-06-03,Female,"Purok-a-bassit","City of Vigan",2,2026-03-28T13:25:13.384068+00:00,KEEP (Primary)
EXACT_MATCH,EXACT-GRP-7,95447,"PAJO MILAGROS QUIDOLIT",1973-06-03,Female,"Purok-a-bassit","City of Vigan",1,2026-05-08T23:23:38.7858+00:00,MERGE SERVICES TO PRIMARY
EXACT_MATCH,EXACT-GRP-8,37731,"Cabrales, John Joseph Amate",1988-03-05,Male,"Purok-a-bassit","City of Vigan",2,2026-03-28T13:25:13.384068+00:00,KEEP (Primary)
EXACT_MATCH,EXACT-GRP-8,95810,"CABRALES JOHN JOSEPH AMATE",1988-03-05,Male,"Purok-a-bassit","City of Vigan",1,2026-05-08T23:27:08.191258+00:00,MERGE SERVICES TO PRIMARY
EXACT_MATCH,EXACT-GRP-9,37732,"Cabrales, Shelina Inciong",1984-09-20,Female,"Purok-a-bassit","City of Vigan",3,2026-03-28T13:25:13.384068+00:00,KEEP (Primary)
EXACT_MATCH,EXACT-GRP-9,95802,"CABRALES SHELINA INCIONG",1984-09-20,Female,"Purok-a-bassit","City of Vigan",1,2026-05-08T23:27:08.191258+00:00,MERGE SERVICES TO PRIMARY
EXACT_MATCH,EXACT-GRP-10,37734,"Pajo, Alexis Jose Arcaparlas",2006-04-17,Male,"Purok-a-bassit","City of Vigan",2,2026-03-28T13:25:13.384068+00:00,KEEP (Primary)
EXACT_MATCH,EXACT-GRP-10,95541,"PAJO ALEXIS JOSE ARCAPARLAS",2006-04-17,Male,"Purok-a-bassit","City of Vigan",1,2026-05-08T23:23:38.7858+00:00,MERGE SERVICES TO PRIMARY
EXACT_MATCH,EXACT-GRP-11,37737,"Blaquera, Teresa Pinzon",1958-02-14,Female,"Purok-a-bassit","City of Vigan",7,2026-03-28T13:25:13.384068+00:00,KEEP (Primary)
EXACT_MATCH,EXACT-GRP-11,95725,"BLAQUERA TERESA PINZON",1958-02-14,Female,"Purok-a-bassit","City of Vigan",1,2026-05-08T23:27:08.191258+00:00,MERGE SERVICES TO PRIMARY
EXACT_MATCH,EXACT-GRP-12,37741,"Pajo, Jayson Tabuno",1998-09-15,Male,"Purok-a-bassit","City of Vigan",1,2026-03-28T13:25:13.384068+00:00,KEEP (Primary)
EXACT_MATCH,EXACT-GRP-12,95577,"PAJO JAYSON TABUNO",1998-09-15,Male,"Purok-a-bassit","City of Vigan",1,2026-05-08T23:23:38.7858+00:00,MERGE SERVICES TO PRIMARY
EXACT_MATCH,EXACT-GRP-13,37742,"Ben, Prince Edward Austria",2018-11-20,Male,"Purok-a-bassit","City of Vigan",1,2026-03-28T13:25:13.384068+00:00,KEEP (Primary)
EXACT_MATCH,EXACT-GRP-13,95615,"BEN PRINCE EDWARD AUSTRIA",2018-11-20,Male,"Purok-a-bassit","City of Vigan",1,2026-05-08T23:23:38.7858+00:00,MERGE SERVICES TO PRIMARY
EXACT_MATCH,EXACT-GRP-14,37750,"Palacpac, Freddie Macasiray",1983-09-13,Male,"Purok-a-bassit","City of Vigan",1,2026-03-28T13:25:13.384068+00:00,KEEP (Primary)
EXACT_MATCH,EXACT-GRP-14,95601,"PALACPAC FREDDIE MACASIRAY",1983-09-13,Male,"Purok-a-bassit","City of Vigan",1,2026-05-08T23:23:38.7858+00:00,MERGE SERVICES TO PRIMARY
EXACT_MATCH,EXACT-GRP-15,37753,"Valeros, Michelle Raquel Ponce",1986-01-09,Female,"Purok-a-bassit","City of Vigan",3,2026-03-28T13:25:13.384068+00:00,KEEP (Primary)
EXACT_MATCH,EXACT-GRP-15,95498,"VALEROS MICHELLE RAQUEL PONCE",1986-01-09,Female,"Purok-a-bassit","City of Vigan",1,2026-05-08T23:23:38.7858+00:00,MERGE SERVICES TO PRIMARY
EXACT_MATCH,EXACT-GRP-16,37756,"Pajo, Virgilio Pinzon",1955-12-24,Male,"Purok-a-bassit","City of Vigan",4,2026-03-28T13:25:13.384068+00:00,KEEP (Primary)
EXACT_MATCH,EXACT-GRP-16,95679,"PAJO VIRGILIO PINZON",1955-12-24,Male,"Purok-a-bassit","City of Vigan",1,2026-05-08T23:23:38.7858+00:00,MERGE SERVICES TO PRIMARY
EXACT_MATCH,EXACT-GRP-17,37757,"Pajo, Elizabeth Purisima",1954-05-08,Female,"Purok-a-bassit","City of Vigan",1,2026-03-28T13:25:13.384068+00:00,KEEP (Primary)
EXACT_MATCH,EXACT-GRP-17,95680,"PAJO ELIZABETH PURISIMA",1954-05-08,Female,"Purok-a-bassit","City of Vigan",1,2026-05-08T23:23:38.7858+00:00,MERGE SERVICES TO PRIMARY
EXACT_MATCH,EXACT-GRP-18,37758,"Castillo, Cyanne Azalea Pacleb",2024-10-31,Female,"Purok-a-bassit","City of Vigan",4,2026-03-28T13:25:13.384068+00:00,KEEP (Primary)
EXACT_MATCH,EXACT-GRP-18,95694,"CASTILLO CYANNE AZALEA PACLEB",2024-10-31,Female,"Purok-a-bassit","City of Vigan",1,2026-05-08T23:23:38.7858+00:00,MERGE SERVICES TO PRIMARY
EXACT_MATCH,EXACT-GRP-19,37759,"Pacleb, Arianne Pinzon",2001-12-19,Female,"Purok-a-bassit","City of Vigan",1,2026-03-28T13:25:13.384068+00:00,KEEP (Primary)
EXACT_MATCH,EXACT-GRP-19,95692,"PACLEB ARIANNE PINZON",2001-12-19,Female,"Purok-a-bassit","City of Vigan",1,2026-05-08T23:23:38.7858+00:00,MERGE SERVICES TO PRIMARY
EXACT_MATCH,EXACT-GRP-20,37762,"Cabrales, Cristian Paul Amate",1989-10-20,Male,"Purok-a-bassit","City of Vigan",1,2026-03-28T13:25:13.384068+00:00,KEEP (Primary)
EXACT_MATCH,EXACT-GRP-20,95801,"CABRALES CRISTIAN PAUL AMATE",1989-10-20,Male,"Purok-a-bassit","City of Vigan",1,2026-05-08T23:27:08.191258+00:00,MERGE SERVICES TO PRIMARY
EXACT_MATCH,EXACT-GRP-21,37763,"Centeno, John Michael Pinzon",2000-11-10,Male,"Purok-a-bassit","City of Vigan",1,2026-03-28T13:25:13.384068+00:00,KEEP (Primary)
EXACT_MATCH,EXACT-GRP-21,95640,"CENTENO JOHN MICHAEL PINZON",2000-11-10,Male,"Purok-a-bassit","City of Vigan",1,2026-05-08T23:23:38.7858+00:00,MERGE SERVICES TO PRIMARY
EXACT_MATCH,EXACT-GRP-22,37767,"Pinzon, David Alcos",1969-05-09,Male,"Purok-a-bassit","City of Vigan",2,2026-03-28T13:25:13.384068+00:00,KEEP (Primary)
EXACT_MATCH,EXACT-GRP-22,95726,"PINZON DAVID ALCOS",1969-05-09,Male,"Purok-a-bassit","City of Vigan",1,2026-05-08T23:27:08.191258+00:00,MERGE SERVICES TO PRIMARY
EXACT_MATCH,EXACT-GRP-23,37768,"Valeros, Mark Lester Pugrad",1988-03-18,Male,"Purok-a-bassit","City of Vigan",1,2026-03-28T13:25:13.384068+00:00,KEEP (Primary)
EXACT_MATCH,EXACT-GRP-23,95492,"VALEROS MARK LESTER PUGRAD",1988-03-18,Male,"Purok-a-bassit","City of Vigan",1,2026-05-08T23:23:38.7858+00:00,MERGE SERVICES TO PRIMARY
EXACT_MATCH,EXACT-GRP-24,37770,"Centeno, Gerry Pinzon",1992-07-10,Male,"Purok-a-bassit","City of Vigan",1,2026-03-28T13:25:13.384068+00:00,KEEP (Primary)
EXACT_MATCH,EXACT-GRP-24,95634,"CENTENO GERRY PINZON",1992-07-10,Male,"Purok-a-bassit","City of Vigan",1,2026-05-08T23:23:38.7858+00:00,MERGE SERVICES TO PRIMARY
EXACT_MATCH,EXACT-GRP-25,37771,"Mercurio, Jonathan Pajo",2004-06-07,Male,"Purok-a-bassit","City of Vigan",1,2026-03-28T13:25:13.384068+00:00,KEEP (Primary)
EXACT_MATCH,EXACT-GRP-25,95462,"MERCURIO JONATHAN PAJO",2004-06-07,Male,"Purok-a-bassit","City of Vigan",1,2026-05-08T23:23:38.7858+00:00,MERGE SERVICES TO PRIMARY
EXACT_MATCH,EXACT-GRP-26,37778,"Cabrales, Jude Christopher Amate",1996-05-05,Male,"Purok-a-bassit","City of Vigan",3,2026-03-28T13:25:13.384068+00:00,KEEP (Primary)
EXACT_MATCH,EXACT-GRP-26,95811,"CABRALES JUDE CHRISTOPHER AMATE",1996-05-05,Male,"Purok-a-bassit","City of Vigan",1,2026-05-08T23:27:08.191258+00:00,MERGE SERVICES TO PRIMARY
EXACT_MATCH,EXACT-GRP-27,37780,"Ben, Eduardo Almazan",1994-08-17,Male,"Purok-a-bassit","City of Vigan",2,2026-03-28T13:25:13.384068+00:00,KEEP (Primary)
EXACT_MATCH,EXACT-GRP-27,95614,"BEN EDUARDO ALMAZAN",1994-08-17,Male,"Purok-a-bassit","City of Vigan",1,2026-05-08T23:23:38.7858+00:00,MERGE SERVICES TO PRIMARY
EXACT_MATCH,EXACT-GRP-28,37784,"Pajo, Eliza Arcaparlas",1976-01-03,Female,"Purok-a-bassit","City of Vigan",2,2026-03-28T13:25:13.384068+00:00,KEEP (Primary)
EXACT_MATCH,EXACT-GRP-28,95539,"PAJO ELIZA ARCAPARLAS",1976-01-03,Female,"Purok-a-bassit","City of Vigan",1,2026-05-08T23:23:38.7858+00:00,MERGE SERVICES TO PRIMARY
EXACT_MATCH,EXACT-GRP-29,37786,"Estroso, Joenalyn Cabrales",2007-01-18,Female,"Purok-a-bassit","City of Vigan",2,2026-03-28T13:25:13.384068+00:00,KEEP (Primary)
EXACT_MATCH,EXACT-GRP-29,95354,"ESTROSO JOENALYN CABRALES",2007-01-18,Female,"Purok-a-bassit","City of Vigan",1,2026-05-08T23:23:38.7858+00:00,MERGE SERVICES TO PRIMARY
EXACT_MATCH,EXACT-GRP-30,37787,"Estroso, Jenalyn Cabrales",1987-09-26,Female,"Purok-a-bassit","City of Vigan",1,2026-03-28T13:25:13.384068+00:00,KEEP (Primary)
EXACT_MATCH,EXACT-GRP-30,95353,"ESTROSO JENALYN CABRALES",1987-09-26,Female,"Purok-a-bassit","City of Vigan",1,2026-05-08T23:23:38.7858+00:00,MERGE SERVICES TO PRIMARY
EXACT_MATCH,EXACT-GRP-31,37788,"Sanchez, Mariel Pinzon",2005-06-23,Female,"Purok-a-bassit","City of Vigan",1,2026-03-28T13:25:13.384068+00:00,KEEP (Primary)
EXACT_MATCH,EXACT-GRP-31,95704,"SANCHEZ MARIEL PINZON",2005-06-23,Female,"Purok-a-bassit","City of Vigan",1,2026-05-08T23:27:08.191258+00:00,MERGE SERVICES TO PRIMARY
EXACT_MATCH,EXACT-GRP-32,37789,"Centeno, Lance Dorion",2019-10-17,Male,"Purok-a-bassit","City of Vigan",1,2026-03-28T13:25:13.384068+00:00,KEEP (Primary)
EXACT_MATCH,EXACT-GRP-32,95637,"CENTENO LANCE DORION",2019-10-17,Male,"Purok-a-bassit","City of Vigan",1,2026-05-08T23:23:38.7858+00:00,MERGE SERVICES TO PRIMARY
EXACT_MATCH,EXACT-GRP-33,95387,"ARGALLON EVA ARAGOZA",1975-12-27,Female,"Purok-a-bassit","City of Vigan",2,2026-05-08T23:23:38.7858+00:00,KEEP (Primary)
EXACT_MATCH,EXACT-GRP-33,37793,"Argallon, Eva Aragoza",1975-12-27,Female,"Purok-a-bassit","City of Vigan",1,2026-03-28T13:25:13.384068+00:00,MERGE SERVICES TO PRIMARY
EXACT_MATCH,EXACT-GRP-34,37794,"Amano, Celestina Palacpac",1961-04-06,Female,"Purok-a-bassit","City of Vigan",2,2026-03-28T13:25:13.384068+00:00,KEEP (Primary)
EXACT_MATCH,EXACT-GRP-34,95771,"AMANO CELESTINA PALACPAC",1961-04-06,Female,"Purok-a-bassit","City of Vigan",1,2026-05-08T23:27:08.191258+00:00,MERGE SERVICES TO PRIMARY
EXACT_MATCH,EXACT-GRP-35,37795,"Torrano, Maricar Felisco",1974-09-13,Female,"Purok-a-bassit","City of Vigan",1,2026-03-28T13:25:13.384068+00:00,KEEP (Primary)
EXACT_MATCH,EXACT-GRP-35,95379,"TORRANO MARICAR FELISCO",1974-09-13,Female,"Purok-a-bassit","City of Vigan",1,2026-05-08T23:23:38.7858+00:00,MERGE SERVICES TO PRIMARY
EXACT_MATCH,EXACT-GRP-36,37796,"Aspacio, Myleen Aspa",1975-06-19,Female,"Purok-a-bassit","City of Vigan",1,2026-03-28T13:25:13.384068+00:00,KEEP (Primary)
EXACT_MATCH,EXACT-GRP-36,95785,"ASPACIO MYLEEN ASPA",1975-06-19,Male,"Purok-a-bassit","City of Vigan",1,2026-05-08T23:27:08.191258+00:00,MERGE SERVICES TO PRIMARY
EXACT_MATCH,EXACT-GRP-37,37798,"Quintero, Shirley Cabrales",1974-02-24,Female,"Purok-a-bassit","City of Vigan",1,2026-03-28T13:25:13.384068+00:00,KEEP (Primary)
EXACT_MATCH,EXACT-GRP-37,95401,"QUINTERO SHIRLEY CABRALES",1974-02-24,Female,"Purok-a-bassit","City of Vigan",1,2026-05-08T23:23:38.7858+00:00,MERGE SERVICES TO PRIMARY
EXACT_MATCH,EXACT-GRP-38,37802,"Aragoza, Celestina Ayungi",1951-05-19,Female,"Purok-a-bassit","City of Vigan",2,2026-03-28T13:25:13.384068+00:00,KEEP (Primary)
EXACT_MATCH,EXACT-GRP-38,95358,"ARAGOZA CELESTINA AYUNGI",1951-05-19,Female,"Purok-a-bassit","City of Vigan",1,2026-05-08T23:23:38.7858+00:00,MERGE SERVICES TO PRIMARY
EXACT_MATCH,EXACT-GRP-39,37803,"Espanol, Jonel Soriano",1978-03-10,Male,"Purok-a-bassit","City of Vigan",1,2026-03-28T13:25:13.384068+00:00,KEEP (Primary)
EXACT_MATCH,EXACT-GRP-39,95422,"ESPANOL JONEL SORIANO",1978-03-10,Male,"Purok-a-bassit","City of Vigan",1,2026-05-08T23:23:38.7858+00:00,MERGE SERVICES TO PRIMARY
EXACT_MATCH,EXACT-GRP-40,37804,"Cabrales, Joseph Ablan",1972-03-19,Male,"Purok-a-bassit","City of Vigan",1,2026-03-28T13:25:13.384068+00:00,KEEP (Primary)
EXACT_MATCH,EXACT-GRP-40,95416,"CABRALES JOSEPH ABLAN",1972-03-19,Male,"Purok-a-bassit","City of Vigan",1,2026-05-08T23:23:38.7858+00:00,MERGE SERVICES TO PRIMARY
EXACT_MATCH,EXACT-GRP-41,37806,"Cabrales, Jenavie Navas",2002-12-24,Female,"Purok-a-bassit","City of Vigan",1,2026-03-28T13:25:13.384068+00:00,KEEP (Primary)
EXACT_MATCH,EXACT-GRP-41,95484,"CABRALES JENAVIE NAVAS",2002-12-24,Female,"Purok-a-bassit","City of Vigan",1,2026-05-08T23:23:38.7858+00:00,MERGE SERVICES TO PRIMARY
EXACT_MATCH,EXACT-GRP-42,37809,"Quintal , Edelyn Arcaperlas",1979-05-11,Female,"Purok-a-bassit","City of Vigan",1,2026-03-28T13:25:13.384068+00:00,KEEP (Primary)
EXACT_MATCH,EXACT-GRP-42,95522,"QUINTAL EDELYN ARCAPERLAS",1979-05-11,Female,"Purok-a-bassit","City of Vigan",1,2026-05-08T23:23:38.7858+00:00,MERGE SERVICES TO PRIMARY
EXACT_MATCH,EXACT-GRP-42,310206,"Quintal, Edelyn Arcaperlas",1979-05-11,Female,"Purok-a-bassit","City of Vigan",1,2026-09-27T07:09:47.455431+00:00,MERGE SERVICES TO PRIMARY
EXACT_MATCH,EXACT-GRP-43,37813,"Quintero, Jade Josh Cabrales",2006-06-16,Male,"Purok-a-bassit","City of Vigan",1,2026-03-28T13:25:13.384068+00:00,KEEP (Primary)
EXACT_MATCH,EXACT-GRP-43,95402,"QUINTERO JADE JOSH CABRALES",2006-06-16,Male,"Purok-a-bassit","City of Vigan",1,2026-05-08T23:23:38.7858+00:00,MERGE SERVICES TO PRIMARY
EXACT_MATCH,EXACT-GRP-44,37814,"Quintero, Joel Quidolit",1976-07-03,Male,"Purok-a-bassit","City of Vigan",1,2026-03-28T13:25:13.384068+00:00,KEEP (Primary)
EXACT_MATCH,EXACT-GRP-44,95400,"QUINTERO JOEL QUIDOLIT",1976-07-03,Male,"Purok-a-bassit","City of Vigan",1,2026-05-08T23:23:38.7858+00:00,MERGE SERVICES TO PRIMARY
EXACT_MATCH,EXACT-GRP-45,37816,"Mercurio, Mark Johan Pagtama",2023-02-08,Male,"Purok-a-bassit","City of Vigan",2,2026-03-28T13:25:13.384068+00:00,KEEP (Primary)
EXACT_MATCH,EXACT-GRP-45,95469,"MERCURIO MARK JOHAN PAGTAMA",2023-02-08,Male,"Purok-a-bassit","City of Vigan",1,2026-05-08T23:23:38.7858+00:00,MERGE SERVICES TO PRIMARY
EXACT_MATCH,EXACT-GRP-46,37819,"Pinzon, Gregorio Abero",1956-03-09,Male,"Purok-a-bassit","City of Vigan",1,2026-03-28T13:25:13.384068+00:00,KEEP (Primary)
EXACT_MATCH,EXACT-GRP-46,95740,"PINZON GREGORIO ABERO",1956-03-09,Male,"Purok-a-bassit","City of Vigan",1,2026-05-08T23:27:08.191258+00:00,MERGE SERVICES TO PRIMARY
EXACT_MATCH,EXACT-GRP-47,37822,"Sabale, Princess Joy Natividad",2015-10-18,Female,"Purok-a-bassit","City of Vigan",1,2026-03-28T13:25:13.384068+00:00,KEEP (Primary)
EXACT_MATCH,EXACT-GRP-47,95445,"SABALE PRINCESS JOY NATIVIDAD",2015-10-18,Female,"Purok-a-bassit","City of Vigan",1,2026-05-08T23:23:38.7858+00:00,MERGE SERVICES TO PRIMARY
EXACT_MATCH,EXACT-GRP-48,37823,"Sabale, Jennifer Natividad",1979-12-23,Female,"Purok-a-bassit","City of Vigan",3,2026-03-28T13:25:13.384068+00:00,KEEP (Primary)
EXACT_MATCH,EXACT-GRP-48,95443,"SABALE JENNIFER NATIVIDAD",1979-12-23,Female,"Purok-a-bassit","City of Vigan",1,2026-05-08T23:23:38.7858+00:00,MERGE SERVICES TO PRIMARY
EXACT_MATCH,EXACT-GRP-49,37824,"Palacpac, Cris Alfred Yadao",2023-08-18,Male,"Purok-a-bassit","City of Vigan",2,2026-03-28T13:25:13.384068+00:00,KEEP (Primary)
EXACT_MATCH,EXACT-GRP-49,95603,"PALACPAC CRIS ALFRED YADAO",2023-08-18,Male,"Purok-a-bassit","City of Vigan",1,2026-05-08T23:23:38.7858+00:00,MERGE SERVICES TO PRIMARY
EXACT_MATCH,EXACT-GRP-50,37825,"Quintero, Sharinelle Cabrales",2000-09-03,Female,"Purok-a-bassit","City of Vigan",1,2026-03-28T13:25:13.384068+00:00,KEEP (Primary)
EXACT_MATCH,EXACT-GRP-50,95403,"QUINTERO SHARINELLE CABRALES",2000-09-03,Female,"Purok-a-bassit","City of Vigan",1,2026-05-08T23:23:38.7858+00:00,MERGE SERVICES TO PRIMARY
EXACT_MATCH,EXACT-GRP-51,37827,"Rayray, Lanie Cabrales",1968-05-16,Female,"Purok-a-bassit","City of Vigan",1,2026-03-28T13:25:13.384068+00:00,KEEP (Primary)
EXACT_MATCH,EXACT-GRP-51,95419,"RAYRAY LANIE CABRALES",1968-05-16,Female,"Purok-a-bassit","City of Vigan",1,2026-05-08T23:23:38.7858+00:00,MERGE SERVICES TO PRIMARY
EXACT_MATCH,EXACT-GRP-52,37829,"Amate, Clarence Dela Cruz",1985-04-25,Female,"Purok-a-bassit","City of Vigan",3,2026-03-28T13:25:13.384068+00:00,KEEP (Primary)
EXACT_MATCH,EXACT-GRP-52,95818,"AMATE CLARENCE DELA CRUZ",1985-04-25,Female,"Purok-a-bassit","City of Vigan",1,2026-05-08T23:27:08.191258+00:00,MERGE SERVICES TO PRIMARY
EXACT_MATCH,EXACT-GRP-53,37832,"Jimenez, Erlinda Riveta",1948-08-04,Female,"Purok-a-bassit","City of Vigan",2,2026-03-28T13:25:13.384068+00:00,KEEP (Primary)
EXACT_MATCH,EXACT-GRP-53,95843,"JIMENEZ ERLINDA RIVETA",1948-08-04,Female,"Purok-a-bassit","City of Vigan",1,2026-05-08T23:27:08.191258+00:00,MERGE SERVICES TO PRIMARY
EXACT_MATCH,EXACT-GRP-54,37833,"Aspacio, Renato Carino",1972-05-08,Male,"Purok-a-bassit","City of Vigan",2,2026-03-28T13:25:13.384068+00:00,KEEP (Primary)
EXACT_MATCH,EXACT-GRP-54,95784,"ASPACIO RENATO CARINO",1972-05-08,Male,"Purok-a-bassit","City of Vigan",1,2026-05-08T23:27:08.191258+00:00,MERGE SERVICES TO PRIMARY
EXACT_MATCH,EXACT-GRP-55,37834,"Vijuan, Shirley Pinzon",1959-07-13,Female,"Purok-a-bassit","City of Vigan",3,2026-03-28T13:25:13.384068+00:00,KEEP (Primary)
EXACT_MATCH,EXACT-GRP-55,95664,"VIJUAN SHIRLEY PINZON",1959-07-13,Female,"Purok-a-bassit","City of Vigan",1,2026-05-08T23:23:38.7858+00:00,MERGE SERVICES TO PRIMARY
EXACT_MATCH,EXACT-GRP-56,37836,"Pinzon, Gloria Cabrales",1963-06-15,Female,"Purok-a-bassit","City of Vigan",3,2026-03-28T13:25:13.384068+00:00,KEEP (Primary)
EXACT_MATCH,EXACT-GRP-56,95711,"PINZON GLORIA CABRALES",1963-06-15,Female,"Purok-a-bassit","City of Vigan",1,2026-05-08T23:27:08.191258+00:00,MERGE SERVICES TO PRIMARY
EXACT_MATCH,EXACT-GRP-57,37837,"Pajarillo, Bernadeth Palacpac",1985-06-24,Female,"Purok-a-bassit","City of Vigan",3,2026-03-28T13:25:13.384068+00:00,KEEP (Primary)
EXACT_MATCH,EXACT-GRP-57,95825,"PAJARILLO BERNADETH PALACPAC",1985-06-24,Female,"Purok-a-bassit","City of Vigan",1,2026-05-08T23:27:08.191258+00:00,MERGE SERVICES TO PRIMARY
EXACT_MATCH,EXACT-GRP-58,37838,"Pajo, Estrelita Pinzon",1966-02-04,Female,"Purok-a-bassit","City of Vigan",4,2026-03-28T13:25:13.384068+00:00,KEEP (Primary)
EXACT_MATCH,EXACT-GRP-58,95723,"PAJO ESTRELITA PINZON",1966-02-04,Female,"Purok-a-bassit","City of Vigan",1,2026-05-08T23:27:08.191258+00:00,MERGE SERVICES TO PRIMARY
EXACT_MATCH,EXACT-GRP-59,37839,"Austria, Roberta Pajo",1962-06-04,Female,"Purok-a-bassit","City of Vigan",2,2026-03-28T13:25:13.384068+00:00,KEEP (Primary)
EXACT_MATCH,EXACT-GRP-59,95617,"AUSTRIA ROBERTA PAJO",1962-06-04,Female,"Purok-a-bassit","City of Vigan",1,2026-05-08T23:23:38.7858+00:00,MERGE SERVICES TO PRIMARY
EXACT_MATCH,EXACT-GRP-60,37840,"Pajo, Ruben Jasmin",1964-06-08,Male,"Purok-a-bassit","City of Vigan",1,2026-03-28T13:25:13.384068+00:00,KEEP (Primary)
EXACT_MATCH,EXACT-GRP-60,95722,"PAJO RUBEN JASMIN",1964-06-08,Male,"Purok-a-bassit","City of Vigan",1,2026-05-08T23:27:08.191258+00:00,MERGE SERVICES TO PRIMARY
EXACT_MATCH,EXACT-GRP-61,37841,"Amate, Clarita Jimenez",1945-12-18,Female,"Purok-a-bassit","City of Vigan",2,2026-03-28T13:25:13.384068+00:00,KEEP (Primary)
EXACT_MATCH,EXACT-GRP-61,95805,"AMATE CLARITA JIMENEZ",1945-12-18,Female,"Purok-a-bassit","City of Vigan",1,2026-05-08T23:27:08.191258+00:00,MERGE SERVICES TO PRIMARY
EXACT_MATCH,EXACT-GRP-62,37842,"Esteban, Novelyn Pajo",1988-12-13,Female,"Purok-a-bassit","City of Vigan",1,2026-03-28T13:25:13.384068+00:00,KEEP (Primary)
EXACT_MATCH,EXACT-GRP-62,95587,"ESTEBAN NOVELYN PAJO",1988-12-13,Female,"Purok-a-bassit","City of Vigan",1,2026-05-08T23:23:38.7858+00:00,MERGE SERVICES TO PRIMARY
EXACT_MATCH,EXACT-GRP-63,37843,"Pajo, Haydee Barbosa",1978-07-05,Female,"Purok-a-bassit","City of Vigan",2,2026-03-28T13:25:13.384068+00:00,KEEP (Primary)
EXACT_MATCH,EXACT-GRP-63,95503,"PAJO HAYDEE BARBOSA",1978-07-05,Female,"Purok-a-bassit","City of Vigan",1,2026-05-08T23:23:38.7858+00:00,MERGE SERVICES TO PRIMARY
EXACT_MATCH,EXACT-GRP-64,37844,"Esteban, John Rayven Pajo",2013-10-12,Male,"Purok-a-bassit","City of Vigan",1,2026-03-28T13:25:13.384068+00:00,KEEP (Primary)
EXACT_MATCH,EXACT-GRP-64,95590,"ESTEBAN JOHN RAYVEN PAJO",2013-10-12,Male,"Purok-a-bassit","City of Vigan",1,2026-05-08T23:23:38.7858+00:00,MERGE SERVICES TO PRIMARY
EXACT_MATCH,EXACT-GRP-65,37845,"Paa, Reina Flor Argallon",2001-06-12,Female,"Purok-a-bassit","City of Vigan",2,2026-03-28T13:25:13.384068+00:00,KEEP (Primary)
EXACT_MATCH,EXACT-GRP-65,95796,"PAA REINA FLOR ARGALLON",2001-06-12,Female,"Purok-a-bassit","City of Vigan",1,2026-05-08T23:27:08.191258+00:00,MERGE SERVICES TO PRIMARY
EXACT_MATCH,EXACT-GRP-66,37847,"Argallon, Allan Pinzon",1978-01-05,Male,"Purok-a-bassit","City of Vigan",1,2026-03-28T13:25:13.384068+00:00,KEEP (Primary)
EXACT_MATCH,EXACT-GRP-66,95794,"ARGALLON ALLAN PINZON",1978-01-05,Male,"Purok-a-bassit","City of Vigan",1,2026-05-08T23:27:08.191258+00:00,MERGE SERVICES TO PRIMARY
EXACT_MATCH,EXACT-GRP-67,37849,"Pinzon, Leon Natividad",1947-07-13,Male,"Purok-a-bassit","City of Vigan",3,2026-03-28T13:25:13.384068+00:00,KEEP (Primary)
EXACT_MATCH,EXACT-GRP-67,95733,"PINZON LEON NATIVIDAD",1947-07-13,Male,"Purok-a-bassit","City of Vigan",1,2026-05-08T23:27:08.191258+00:00,MERGE SERVICES TO PRIMARY
EXACT_MATCH,EXACT-GRP-68,37850,"Riveta, Hilario Pinzon",1955-09-02,Male,"Purok-a-bassit","City of Vigan",1,2026-03-28T13:25:13.384068+00:00,KEEP (Primary)
EXACT_MATCH,EXACT-GRP-68,95648,"RIVETA HILARIO PINZON",1955-09-02,Male,"Purok-a-bassit","City of Vigan",1,2026-05-08T23:23:38.7858+00:00,MERGE SERVICES TO PRIMARY
EXACT_MATCH,EXACT-GRP-69,37851,"Jimenez, Jay Riveta",1974-06-10,Male,"Purok-a-bassit","City of Vigan",1,2026-03-28T13:25:13.384068+00:00,KEEP (Primary)
EXACT_MATCH,EXACT-GRP-69,95844,"JIMENEZ JAY RIVETA",1974-06-10,Male,"Purok-a-bassit","City of Vigan",1,2026-05-08T23:27:08.191258+00:00,MERGE SERVICES TO PRIMARY
EXACT_MATCH,EXACT-GRP-70,37852,"Pinzon, Dalisay Mojica",1977-05-09,Female,"Purok-a-bassit","City of Vigan",2,2026-03-28T13:25:13.384068+00:00,KEEP (Primary)
EXACT_MATCH,EXACT-GRP-70,95673,"PINZON DALISAY MOJICA",1977-05-09,Female,"Purok-a-bassit","City of Vigan",1,2026-05-08T23:23:38.7858+00:00,MERGE SERVICES TO PRIMARY
EXACT_MATCH,EXACT-GRP-71,37853,"Saranilla, Marilyn Pajo",1971-03-12,Female,"Purok-a-bassit","City of Vigan",2,2026-03-28T13:25:13.384068+00:00,KEEP (Primary)
EXACT_MATCH,EXACT-GRP-71,95509,"SARANILLA MARILYN PAJO",1971-03-12,Female,"Purok-a-bassit","City of Vigan",1,2026-05-08T23:23:38.7858+00:00,MERGE SERVICES TO PRIMARY
EXACT_MATCH,EXACT-GRP-72,37854,"Pinzon, Virginia Cabrales",1951-07-14,Female,"Purok-a-bassit","City of Vigan",3,2026-03-28T13:25:13.384068+00:00,KEEP (Primary)
EXACT_MATCH,EXACT-GRP-72,95734,"PINZON VIRGINIA CABRALES",1951-07-14,Female,"Purok-a-bassit","City of Vigan",1,2026-05-08T23:27:08.191258+00:00,MERGE SERVICES TO PRIMARY
EXACT_MATCH,EXACT-GRP-73,37858,"Palacpac, Brigida Natividad",1962-02-01,Female,"Purok-a-bassit","City of Vigan",2,2026-03-28T13:25:13.384068+00:00,KEEP (Primary)
EXACT_MATCH,EXACT-GRP-73,95823,"PALACPAC BRIGIDA NATIVIDAD",1962-02-01,Female,"Purok-a-bassit","City of Vigan",1,2026-05-08T23:27:08.191258+00:00,MERGE SERVICES TO PRIMARY
EXACT_MATCH,EXACT-GRP-74,37859,"Villareal, Richard Mendoza",1981-04-24,Male,"Purok-a-bassit","City of Vigan",1,2026-03-28T13:25:13.384068+00:00,KEEP (Primary)
EXACT_MATCH,EXACT-GRP-74,95828,"VILLAREAL RICHARD MENDOZA",1981-04-24,Male,"Purok-a-bassit","City of Vigan",1,2026-05-08T23:27:08.191258+00:00,MERGE SERVICES TO PRIMARY
EXACT_MATCH,EXACT-GRP-75,37860,"Villareal, Bracelyn Palacpac",1987-07-02,Female,"Purok-a-bassit","City of Vigan",3,2026-03-28T13:25:13.384068+00:00,KEEP (Primary)
EXACT_MATCH,EXACT-GRP-75,95829,"VILLAREAL BRACELYN PALACPAC",1987-07-02,Female,"Purok-a-bassit","City of Vigan",1,2026-05-08T23:27:08.191258+00:00,MERGE SERVICES TO PRIMARY
EXACT_MATCH,EXACT-GRP-76,37864,"Tubog, Petronilo Pinzon",1981-11-03,Male,"Purok-a-bassit","City of Vigan",2,2026-03-28T13:25:13.384068+00:00,KEEP (Primary)
EXACT_MATCH,EXACT-GRP-76,95742,"TUBOG PETRONILO PINZON",1981-11-03,Male,"Purok-a-bassit","City of Vigan",0,2026-05-08T23:27:08.191258+00:00,SAFE TO REMOVE (Empty Shell)
EXACT_MATCH,EXACT-GRP-77,37866,"Cabrales, Xian Angelo Inciong",2016-11-08,Male,"Purok-a-bassit","City of Vigan",1,2026-03-28T13:25:13.384068+00:00,KEEP (Primary)
EXACT_MATCH,EXACT-GRP-77,95803,"CABRALES XIAN ANGELO INCIONG",2016-11-08,Male,"Purok-a-bassit","City of Vigan",1,2026-05-08T23:27:08.191258+00:00,MERGE SERVICES TO PRIMARY
EXACT_MATCH,EXACT-GRP-78,37868,"Cabrales, Clarita Dela Cruz",1972-05-03,Female,"Purok-a-bassit","City of Vigan",1,2026-03-28T13:25:13.384068+00:00,KEEP (Primary)
EXACT_MATCH,EXACT-GRP-78,95421,"CABRALES CLARITA DELA CRUZ",1972-05-03,Female,"Purok-a-bassit","City of Vigan",1,2026-05-08T23:23:38.7858+00:00,MERGE SERVICES TO PRIMARY
EXACT_MATCH,EXACT-GRP-79,37872,"Cabrales, Gloria Castaneda",1964-03-22,Female,"Purok-a-bassit","City of Vigan",1,2026-03-28T13:25:13.384068+00:00,KEEP (Primary)
EXACT_MATCH,EXACT-GRP-79,95363,"CABRALES GLORIA CASTANEDA",1964-03-22,Female,"Purok-a-bassit","City of Vigan",1,2026-05-08T23:23:38.7858+00:00,MERGE SERVICES TO PRIMARY
EXACT_MATCH,EXACT-GRP-80,37874,"Pajo, Roman Racho",1948-02-27,Male,"Purok-a-bassit","City of Vigan",2,2026-03-28T13:25:13.384068+00:00,KEEP (Primary)
EXACT_MATCH,EXACT-GRP-80,95579,"PAJO ROMAN RACHO",1948-02-27,Male,"Purok-a-bassit","City of Vigan",1,2026-05-08T23:23:38.7858+00:00,MERGE SERVICES TO PRIMARY
EXACT_MATCH,EXACT-GRP-81,37875,"Fieldad, Rhonalyn Vijuan",1990-12-02,Female,"Purok-a-bassit","City of Vigan",1,2026-03-28T13:25:13.384068+00:00,KEEP (Primary)
EXACT_MATCH,EXACT-GRP-81,95667,"FIELDAD RHONALYN VIJUAN",1990-12-02,Female,"Purok-a-bassit","City of Vigan",1,2026-05-08T23:23:38.7858+00:00,MERGE SERVICES TO PRIMARY
EXACT_MATCH,EXACT-GRP-82,37897,"Andallo, Rosevelinda Milagros Baroma",1974-01-02,Female,"Purok-a-dackel","City of Vigan",1,2026-03-28T13:44:51.553458+00:00,KEEP (Primary)
EXACT_MATCH,EXACT-GRP-82,158465,"Andallo Rosevelinda Milagros Baroma",1974-01-02,Female,"Purok-a-dackel","City of Vigan",1,2026-05-31T08:17:04.191472+00:00,MERGE SERVICES TO PRIMARY
EXACT_MATCH,EXACT-GRP-83,37902,"Urayani, Marius Amate",2003-01-12,Male,"Purok-a-dackel","City of Vigan",1,2026-03-28T13:44:51.553458+00:00,KEEP (Primary)
EXACT_MATCH,EXACT-GRP-83,158324,"Urayani,Marius Amate",2003-01-12,Male,"Purok-a-dackel","City of Vigan",1,2026-05-31T08:17:04.191472+00:00,MERGE SERVICES TO PRIMARY
EXACT_MATCH,EXACT-GRP-84,37903,"Alcos, Michelle Reynon",1981-01-20,Female,"Purok-a-dackel","City of Vigan",1,2026-03-28T13:44:51.553458+00:00,KEEP (Primary)
EXACT_MATCH,EXACT-GRP-84,158252,"Alcos,Michelle Reynon",1981-01-20,Female,"Purok-a-dackel","City of Vigan",1,2026-05-31T08:17:04.191472+00:00,MERGE SERVICES TO PRIMARY
EXACT_MATCH,EXACT-GRP-85,37906,"Macose, Jessa Mae Guillermo",2001-01-26,Female,"Purok-a-dackel","City of Vigan",1,2026-03-28T13:44:51.553458+00:00,KEEP (Primary)
EXACT_MATCH,EXACT-GRP-85,158454,"Macose Jessa mae Guillermo",2001-01-26,Female,"Purok-a-dackel","City of Vigan",1,2026-05-31T08:17:04.191472+00:00,MERGE SERVICES TO PRIMARY
EXACT_MATCH,EXACT-GRP-86,37908,"Castaneda, Francisco Cabalbal",1959-02-03,Male,"Purok-a-dackel","City of Vigan",1,2026-03-28T13:44:51.553458+00:00,KEEP (Primary)
EXACT_MATCH,EXACT-GRP-86,158500,"Castaneda Francisco Cabalbal",1959-02-03,Male,"Purok-a-dackel","City of Vigan",1,2026-05-31T08:17:04.191472+00:00,MERGE SERVICES TO PRIMARY
EXACT_MATCH,EXACT-GRP-87,37913,"Andallo, Carla Janine Villegas",2012-02-24,Female,"Purok-a-dackel","City of Vigan",1,2026-03-28T13:44:51.553458+00:00,KEEP (Primary)
EXACT_MATCH,EXACT-GRP-87,158429,"Andallo Carla Janine  Villegas",2012-02-24,Female,"Purok-a-dackel","City of Vigan",1,2026-05-31T08:17:04.191472+00:00,MERGE SERVICES TO PRIMARY
EXACT_MATCH,EXACT-GRP-88,37914,"Realin, Gabriela Florendo",1945-02-27,Female,"Purok-a-dackel","City of Vigan",1,2026-03-28T13:44:51.553458+00:00,KEEP (Primary)
EXACT_MATCH,EXACT-GRP-88,158259,"Realin,Gabriela Florendo",1945-02-27,Female,"Purok-a-dackel","City of Vigan",1,2026-05-31T08:17:04.191472+00:00,MERGE SERVICES TO PRIMARY
EXACT_MATCH,EXACT-GRP-89,37916,"Ragunton, Macario Amate",1957-02-28,Male,"Purok-a-dackel","City of Vigan",1,2026-03-28T13:44:51.553458+00:00,KEEP (Primary)
EXACT_MATCH,EXACT-GRP-89,158285,"Ragunton Macario Amate",1957-02-28,Female,"Purok-a-dackel","City of Vigan",1,2026-05-31T08:17:04.191472+00:00,MERGE SERVICES TO PRIMARY
EXACT_MATCH,EXACT-GRP-90,37918,"Andres, Pancho Sayaboc",1960-03-05,Male,"Purok-a-dackel","City of Vigan",2,2026-03-28T13:44:51.553458+00:00,KEEP (Primary)
EXACT_MATCH,EXACT-GRP-90,158475,"Andres Pancho Sayaboc",1960-03-05,Male,"Purok-a-dackel","City of Vigan",1,2026-05-31T08:17:04.191472+00:00,MERGE SERVICES TO PRIMARY
EXACT_MATCH,EXACT-GRP-91,37928,"Castulo, Jhun Manuel Cabarrabang",1993-04-05,Male,"Purok-a-dackel","City of Vigan",1,2026-03-28T13:44:51.553458+00:00,KEEP (Primary)
EXACT_MATCH,EXACT-GRP-91,158467,"Castulo Jhun Manuel Cabarrabang",1993-04-05,Male,"Purok-a-dackel","City of Vigan",1,2026-05-31T08:17:04.191472+00:00,MERGE SERVICES TO PRIMARY
EXACT_MATCH,EXACT-GRP-92,37936,"Dominguez, Josefina Andallo",1950-04-24,Female,"Purok-a-dackel","City of Vigan",1,2026-03-28T13:44:51.553458+00:00,KEEP (Primary)
EXACT_MATCH,EXACT-GRP-92,158288,"Dominguez,Josefina Andallo",1950-04-24,Female,"Purok-a-dackel","City of Vigan",1,2026-05-31T08:17:04.191472+00:00,MERGE SERVICES TO PRIMARY
EXACT_MATCH,EXACT-GRP-93,37937,"Andallo, Herminigilda Arellano",1956-04-28,Female,"Purok-a-dackel","City of Vigan",1,2026-03-28T13:44:51.553458+00:00,KEEP (Primary)
EXACT_MATCH,EXACT-GRP-93,158300,"Andallo,Herminigilda Arellano",1956-04-28,Female,"Purok-a-dackel","City of Vigan",1,2026-05-31T08:17:04.191472+00:00,MERGE SERVICES TO PRIMARY
EXACT_MATCH,EXACT-GRP-94,37939,"Ragunton, Maria May Peredo",2010-05-07,Female,"Purok-a-dackel","City of Vigan",1,2026-03-28T13:44:51.553458+00:00,KEEP (Primary)
EXACT_MATCH,EXACT-GRP-94,158286,"Ragunton,Maria May Peredo",2010-05-07,Female,"Purok-a-dackel","City of Vigan",1,2026-05-31T08:17:04.191472+00:00,MERGE SERVICES TO PRIMARY
EXACT_MATCH,EXACT-GRP-95,37942,"Benzon, Emmanuel Reynaldo Palma",1958-05-15,Male,"Purok-a-dackel","City of Vigan",1,2026-03-28T13:44:51.553458+00:00,KEEP (Primary)
EXACT_MATCH,EXACT-GRP-95,158313,"Benzon,Emmanuel Reynaldo Palma",1958-05-15,Male,"Purok-a-dackel","City of Vigan",1,2026-05-31T08:17:04.191472+00:00,MERGE SERVICES TO PRIMARY
EXACT_MATCH,EXACT-GRP-96,37944,"Adversalo, Eliseo Morales",1950-05-21,Male,"Purok-a-dackel","City of Vigan",1,2026-03-28T13:44:51.553458+00:00,KEEP (Primary)
EXACT_MATCH,EXACT-GRP-96,158329,"Adversalo,Eliseo Morales",1950-05-21,Male,"Purok-a-dackel","City of Vigan",1,2026-05-31T08:17:04.191472+00:00,MERGE SERVICES TO PRIMARY
EXACT_MATCH,EXACT-GRP-97,37946,"Organo, Erlinda Realin",1960-05-23,Female,"Purok-a-dackel","City of Vigan",1,2026-03-28T13:44:51.553458+00:00,KEEP (Primary)
EXACT_MATCH,EXACT-GRP-97,158212,"Organo,Erlinda Realin",1960-05-23,Female,"Purok-a-dackel","City of Vigan",1,2026-05-31T08:17:04.191472+00:00,MERGE SERVICES TO PRIMARY
EXACT_MATCH,EXACT-GRP-98,37951,"Castaneda, Myla Cada",1992-05-28,Female,"Purok-a-dackel","City of Vigan",2,2026-03-28T13:44:51.553458+00:00,KEEP (Primary)
EXACT_MATCH,EXACT-GRP-98,158717,"Castaneda Myla Cada",1992-05-28,Female,"Purok-a-dackel","City of Vigan",1,2026-05-31T08:17:06.090701+00:00,MERGE SERVICES TO PRIMARY
EXACT_MATCH,EXACT-GRP-99,37952,"Castaneda, Mylene Cada",1992-05-28,Female,"Purok-a-dackel","City of Vigan",1,2026-03-28T13:44:51.553458+00:00,KEEP (Primary)
EXACT_MATCH,EXACT-GRP-99,158722,"Castaneda Mylene Cada",1992-05-28,Male,"Purok-a-dackel","City of Vigan",1,2026-05-31T08:17:06.090701+00:00,MERGE SERVICES TO PRIMARY
EXACT_MATCH,EXACT-GRP-100,37958,"Quintinita, Juvi Luis Cabalo",1982-06-21,Male,"Purok-a-dackel","City of Vigan",1,2026-03-28T13:44:51.553458+00:00,KEEP (Primary)
EXACT_MATCH,EXACT-GRP-100,158567,"Quintinita Juvi Luis Cabalo",1982-06-21,Male,"Purok-a-dackel","City of Vigan",1,2026-05-31T08:17:04.191472+00:00,MERGE SERVICES TO PRIMARY
EXACT_MATCH,EXACT-GRP-101,37968,"Florendo, Anacleto Adriatico",1955-07-13,Male,"Purok-a-dackel","City of Vigan",2,2026-03-28T13:44:51.553458+00:00,KEEP (Primary)
EXACT_MATCH,EXACT-GRP-101,158383,"Florendo Anacleto Adriatico",1955-07-13,Male,"Purok-a-dackel","City of Vigan",1,2026-05-31T08:17:04.191472+00:00,MERGE SERVICES TO PRIMARY
EXACT_MATCH,EXACT-GRP-102,37969,"Dela Rosa, Dominador Tuzon",1989-07-23,Male,"Purok-a-dackel","City of Vigan",1,2026-03-28T13:44:51.553458+00:00,KEEP (Primary)
EXACT_MATCH,EXACT-GRP-102,158641,"Dela Rosa Dominador Tuzon",1989-07-23,Male,"Purok-a-dackel","City of Vigan",1,2026-05-31T08:17:04.191472+00:00,MERGE SERVICES TO PRIMARY
EXACT_MATCH,EXACT-GRP-103,37971,"Andallo, Editha Flores",1953-07-30,Female,"Purok-a-dackel","City of Vigan",1,2026-03-28T13:44:51.553458+00:00,KEEP (Primary)
EXACT_MATCH,EXACT-GRP-103,158661,"Andallo Editha Flores",1953-07-30,Female,"Purok-a-dackel","City of Vigan",1,2026-05-31T08:17:04.191472+00:00,MERGE SERVICES TO PRIMARY
EXACT_MATCH,EXACT-GRP-104,37972,"Casigay, Artemio Andallo",1965-08-01,Male,"Purok-a-dackel","City of Vigan",1,2026-03-28T13:44:51.553458+00:00,KEEP (Primary)
EXACT_MATCH,EXACT-GRP-104,158599,"Casigay Artemio Andallo",1965-08-01,Male,"Purok-a-dackel","City of Vigan",1,2026-05-31T08:17:04.191472+00:00,MERGE SERVICES TO PRIMARY
EXACT_MATCH,EXACT-GRP-105,37973,"Castulo, Clarissa Marie Andallo",1993-08-01,Female,"Purok-a-dackel","City of Vigan",1,2026-03-28T13:44:51.553458+00:00,KEEP (Primary)
EXACT_MATCH,EXACT-GRP-105,158468,"Castulo Clarissa Marie Andallo",1993-08-01,Female,"Purok-a-dackel","City of Vigan",1,2026-05-31T08:17:04.191472+00:00,MERGE SERVICES TO PRIMARY
EXACT_MATCH,EXACT-GRP-106,37981,"Florendo, Lorenza Jimenez",1942-09-08,Female,"Purok-a-dackel","City of Vigan",1,2026-03-28T13:44:51.553458+00:00,KEEP (Primary)
EXACT_MATCH,EXACT-GRP-106,158357,"Florendo,Lorenza Jimenez",1942-09-08,Female,"Purok-a-dackel","City of Vigan",1,2026-05-31T08:17:04.191472+00:00,MERGE SERVICES TO PRIMARY
EXACT_MATCH,EXACT-GRP-107,37984,"Adriatico, Malou Nerona",1991-09-16,Female,"Purok-a-dackel","City of Vigan",1,2026-03-28T13:44:51.553458+00:00,KEEP (Primary)
EXACT_MATCH,EXACT-GRP-107,158376,"Adriatico Malou Nerona",1991-09-16,Female,"Purok-a-dackel","City of Vigan",1,2026-05-31T08:17:04.191472+00:00,MERGE SERVICES TO PRIMARY
EXACT_MATCH,EXACT-GRP-108,37986,"Burgonio, Michael Florendo",1972-09-22,Male,"Purok-a-dackel","City of Vigan",1,2026-03-28T13:44:51.553458+00:00,KEEP (Primary)
EXACT_MATCH,EXACT-GRP-108,158480,"Burgonio Michael Florendo",1972-09-22,Male,"Purok-a-dackel","City of Vigan",1,2026-05-31T08:17:04.191472+00:00,MERGE SERVICES TO PRIMARY
EXACT_MATCH,EXACT-GRP-109,37987,"Quional, Frances Jayne Florendo",2016-09-22,Female,"Purok-a-dackel","City of Vigan",1,2026-03-28T13:44:51.553458+00:00,KEEP (Primary)
EXACT_MATCH,EXACT-GRP-109,158372,"Quional Frances Jayne Florendo",2016-09-22,Female,"Purok-a-dackel","City of Vigan",1,2026-05-31T08:17:04.191472+00:00,MERGE SERVICES TO PRIMARY
EXACT_MATCH,EXACT-GRP-110,37989,"Sanchez, John Benedict Aguinaldo",2004-09-26,Male,"Purok-a-dackel","City of Vigan",1,2026-03-28T13:44:51.553458+00:00,KEEP (Primary)
EXACT_MATCH,EXACT-GRP-110,158294,"Sanchez,John Benedict Aguinaldo",2004-09-26,Male,"Purok-a-dackel","City of Vigan",1,2026-05-31T08:17:04.191472+00:00,MERGE SERVICES TO PRIMARY
EXACT_MATCH,EXACT-GRP-111,37990,"Arellano, Romeo Florendo",1950-10-01,Male,"Purok-a-dackel","City of Vigan",1,2026-03-28T13:44:51.553458+00:00,KEEP (Primary)
EXACT_MATCH,EXACT-GRP-111,158410,"Arellano Romeo Florendo",1950-10-01,Male,"Purok-a-dackel","City of Vigan",1,2026-05-31T08:17:04.191472+00:00,MERGE SERVICES TO PRIMARY
EXACT_MATCH,EXACT-GRP-112,37998,"Burgonio, Pelagia Florendo",1947-10-19,Female,"Purok-a-dackel","City of Vigan",1,2026-03-28T13:44:51.553458+00:00,KEEP (Primary)
EXACT_MATCH,EXACT-GRP-112,158477,"Burgonio  Pelagia Florendo",1947-10-19,Female,"Purok-a-dackel","City of Vigan",1,2026-05-31T08:17:04.191472+00:00,MERGE SERVICES TO PRIMARY
EXACT_MATCH,EXACT-GRP-113,38001,"Peredo, Madelyn Jacinto",1955-10-27,Female,"Purok-a-dackel","City of Vigan",2,2026-03-28T13:44:51.553458+00:00,KEEP (Primary)
EXACT_MATCH,EXACT-GRP-113,158390,"Peredo Madelyn Jacinto",1955-10-27,Female,"Purok-a-dackel","City of Vigan",1,2026-05-31T08:17:04.191472+00:00,MERGE SERVICES TO PRIMARY
EXACT_MATCH,EXACT-GRP-114,38003,"Andallo, John Vincent Bongolan",1990-10-27,Male,"Purok-a-dackel","City of Vigan",1,2026-03-28T13:44:51.553458+00:00,KEEP (Primary)
EXACT_MATCH,EXACT-GRP-114,158691,"Andallo John Vincent Bongolan",1990-10-27,Male,"Purok-a-dackel","City of Vigan",1,2026-05-31T08:17:04.191472+00:00,MERGE SERVICES TO PRIMARY
EXACT_MATCH,EXACT-GRP-115,38009,"Amate, Rosita Fabillaran",1972-11-11,Female,"Purok-a-dackel","City of Vigan",1,2026-03-28T13:44:51.553458+00:00,KEEP (Primary)
EXACT_MATCH,EXACT-GRP-115,158334,"Amate,Rosita Fabillaran",1972-11-11,Female,"Purok-a-dackel","City of Vigan",1,2026-05-31T08:17:04.191472+00:00,MERGE SERVICES TO PRIMARY
EXACT_MATCH,EXACT-GRP-116,38010,"Adriatico, Naomi Alyssa Nerona",2022-11-22,Female,"Purok-a-dackel","City of Vigan",2,2026-03-28T13:44:51.553458+00:00,KEEP (Primary)
EXACT_MATCH,EXACT-GRP-116,158378,"Adriatico Naomi Alyssa Nerona",2022-11-22,Female,"Purok-a-dackel","City of Vigan",1,2026-05-31T08:17:04.191472+00:00,MERGE SERVICES TO PRIMARY
EXACT_MATCH,EXACT-GRP-117,38015,"Dela Cruz, Jeffrey Botacion",1983-11-28,Male,"Purok-a-dackel","City of Vigan",1,2026-03-28T13:44:51.553458+00:00,KEEP (Primary)
EXACT_MATCH,EXACT-GRP-117,158322,"Dela Cruz Jeffrey Botacion",1983-11-28,Male,"Purok-a-dackel","City of Vigan",1,2026-05-31T08:17:04.191472+00:00,MERGE SERVICES TO PRIMARY
EXACT_MATCH,EXACT-GRP-118,38017,"Adriatico, Andres Andallo",1951-11-30,Male,"Purok-a-dackel","City of Vigan",3,2026-03-28T13:44:51.553458+00:00,KEEP (Primary)
EXACT_MATCH,EXACT-GRP-118,158224,"Adriatico,Andres Andallo",1951-11-30,Male,"Purok-a-dackel","City of Vigan",1,2026-05-31T08:17:04.191472+00:00,MERGE SERVICES TO PRIMARY
EXACT_MATCH,EXACT-GRP-119,38024,"Castaneda, Jenneth Bugarin",1968-12-10,Female,"Purok-a-dackel","City of Vigan",1,2026-03-28T13:44:51.553458+00:00,KEEP (Primary)
EXACT_MATCH,EXACT-GRP-119,158606,"Castaneda Jenneth Bugarin",1968-12-10,Female,"Purok-a-dackel","City of Vigan",1,2026-05-31T08:17:04.191472+00:00,MERGE SERVICES TO PRIMARY
EXACT_MATCH,EXACT-GRP-120,38025,"Sanchez, Dexter Astrologio",1976-12-16,Male,"Purok-a-dackel","City of Vigan",1,2026-03-28T13:44:51.553458+00:00,KEEP (Primary)
EXACT_MATCH,EXACT-GRP-120,158295,"Sanchez,Dexter Astrologio",1976-12-16,Male,"Purok-a-dackel","City of Vigan",1,2026-05-31T08:17:04.191472+00:00,MERGE SERVICES TO PRIMARY
EXACT_MATCH,EXACT-GRP-121,38026,"Viado, Daisy Andallo",1964-12-22,Female,"Purok-a-dackel","City of Vigan",1,2026-03-28T13:44:51.553458+00:00,KEEP (Primary)
EXACT_MATCH,EXACT-GRP-121,158267,"Viado,Daisy Andallo",1964-12-22,Female,"Purok-a-dackel","City of Vigan",1,2026-05-31T08:17:04.191472+00:00,MERGE SERVICES TO PRIMARY
EXACT_MATCH,EXACT-GRP-122,38028,"Castaneda, Stephanie Madiam",1962-12-29,Female,"Purok-a-dackel","City of Vigan",1,2026-03-28T13:44:51.553458+00:00,KEEP (Primary)
EXACT_MATCH,EXACT-GRP-122,158501,"Castaneda Stephanie Madiam",1962-12-29,Female,"Purok-a-dackel","City of Vigan",1,2026-05-31T08:17:04.191472+00:00,MERGE SERVICES TO PRIMARY
EXACT_MATCH,EXACT-GRP-123,38110,"Elumba, Milagros Agcamaran",1961-11-26,Female,"Barangay VI","City of Vigan",2,2026-03-28T14:08:38.747116+00:00,KEEP (Primary)
EXACT_MATCH,EXACT-GRP-123,278995,"Elumba, Milagros  Agcamaran",1961-11-26,Female,"Barangay VI","City of Vigan",1,2026-09-02T12:22:23.423019+00:00,MERGE SERVICES TO PRIMARY
EXACT_MATCH,EXACT-GRP-124,38116,"Alibin, Nina Farpali",1995-01-07,Female,"Barangay VI","City of Vigan",2,2026-03-28T14:08:38.747116+00:00,KEEP (Primary)
EXACT_MATCH,EXACT-GRP-124,303633,"Alibin, Niña Farpali",1995-01-07,Female,"Barangay VI","City of Vigan",1,2026-09-26T05:36:08.072839+00:00,MERGE SERVICES TO PRIMARY
EXACT_MATCH,EXACT-GRP-125,38274,"Agcamaran, Ma. Celerina Pacpaco",1963-04-24,Female,"Barangay VI","City of Vigan",2,2026-03-28T14:08:38.747116+00:00,KEEP (Primary)
EXACT_MATCH,EXACT-GRP-125,279012,"Agcamaran, Ma Celerina Pacpaco",1963-04-24,Female,"Barangay VI","City of Vigan",1,2026-09-02T12:22:23.423019+00:00,MERGE SERVICES TO PRIMARY
EXACT_MATCH,EXACT-GRP-126,38322,"Ricana, Diana Jane Regua",2004-11-15,Female,"Barangay VI","City of Vigan",2,2026-03-28T14:08:38.747116+00:00,KEEP (Primary)
EXACT_MATCH,EXACT-GRP-126,303371,"Ricaña, Diana Jane Regua",2004-11-15,Female,"Barangay VI","City of Vigan",1,2026-09-26T05:36:08.072839+00:00,MERGE SERVICES TO PRIMARY
EXACT_MATCH,EXACT-GRP-127,60392,"Amano, Merlita Saura",1960-04-20,Female,"Cabalangegan","City of Vigan",2,2026-04-03T03:05:05.680061+00:00,KEEP (Primary)
EXACT_MATCH,EXACT-GRP-127,308495,"AMANO, MERLITA  SAURA",1960-04-20,Female,"Cabalangegan","City of Vigan",1,2026-09-27T02:18:12.589294+00:00,MERGE SERVICES TO PRIMARY
EXACT_MATCH,EXACT-GRP-128,60618,"Paroligan, Michael Anicas",1982-01-16,Male,"San Jose","City of Vigan",2,2026-04-03T04:07:56.456114+00:00,KEEP (Primary)
EXACT_MATCH,EXACT-GRP-128,307205,"PAROLIGAN , MICHAEL ANICAS",1982-01-16,Male,"San Jose","City of Vigan",1,2026-09-27T01:49:05.655683+00:00,MERGE SERVICES TO PRIMARY
EXACT_MATCH,EXACT-GRP-129,60663,"Santiago, Rose Ma Lyn Chan",1969-11-09,Female,"San Jose","City of Vigan",2,2026-04-03T04:07:56.456114+00:00,KEEP (Primary)
EXACT_MATCH,EXACT-GRP-129,307488,"SANTIAGO, ROSE MA. LYN CHAN",1969-11-09,Female,"San Jose","City of Vigan",1,2026-09-27T01:49:05.655683+00:00,MERGE SERVICES TO PRIMARY
EXACT_MATCH,EXACT-GRP-130,307000,"Alves, Claudet Raqueño",1971-03-20,Female,"Mindoro","City of Vigan",7,2026-09-27T01:11:15.669781+00:00,KEEP (Primary)
EXACT_MATCH,EXACT-GRP-130,60907,"Alves, Claudet Raqueno",1971-03-20,Female,"Mindoro","City of Vigan",1,2026-04-03T04:34:44.077012+00:00,MERGE SERVICES TO PRIMARY
EXACT_MATCH,EXACT-GRP-131,306953,"Quiñones, Rafael Sinson",1959-04-26,Male,"Mindoro","City of Vigan",7,2026-09-27T01:11:15.669781+00:00,KEEP (Primary)
EXACT_MATCH,EXACT-GRP-131,60958,"Quinones, Rafael Sinson",1959-04-26,Male,"Mindoro","City of Vigan",6,2026-04-03T04:34:44.077012+00:00,MERGE SERVICES TO PRIMARY
EXACT_MATCH,EXACT-GRP-132,61325,"Aslor, Zhian Gabriel Masaoay",2024-08-22,Male,"Capangpangan","City of Vigan",1,2026-04-03T05:55:26.257445+00:00,KEEP (Primary)
EXACT_MATCH,EXACT-GRP-132,96784,"Aslor, Zhian Gabriel, Masaoay",2024-08-22,Male,"Capangpangan","City of Vigan",1,2026-05-09T05:10:20.6829+00:00,MERGE SERVICES TO PRIMARY
EXACT_MATCH,EXACT-GRP-133,61412,"Flores, Gabriel Quimlao",2021-10-11,Male,"Capangpangan","City of Vigan",7,2026-04-03T05:55:26.257445+00:00,KEEP (Primary)
EXACT_MATCH,EXACT-GRP-133,96787,"Flores, Gabriel, Quimlao",2021-10-11,Male,"Capangpangan","City of Vigan",1,2026-05-09T05:10:20.6829+00:00,MERGE SERVICES TO PRIMARY
EXACT_MATCH,EXACT-GRP-134,61438,"Rodillas, Jeremiah Macaire Reolalas",2025-06-20,Male,"Capangpangan","City of Vigan",3,2026-04-03T05:55:26.257445+00:00,KEEP (Primary)
EXACT_MATCH,EXACT-GRP-134,96763,"Rodillas, Jeremiah Macaire, Reolalas",2025-06-20,Female,"Capangpangan","City of Vigan",1,2026-05-09T05:10:20.6829+00:00,MERGE SERVICES TO PRIMARY
EXACT_MATCH,EXACT-GRP-135,61442,"Piano, Nicia Qinn Torrado",2024-11-27,Female,"Capangpangan","City of Vigan",2,2026-04-03T05:55:26.257445+00:00,KEEP (Primary)
EXACT_MATCH,EXACT-GRP-135,96773,"Piano, Nicia Qinn, Torrado",2024-11-27,Female,"Capangpangan","City of Vigan",1,2026-05-09T05:10:20.6829+00:00,MERGE SERVICES TO PRIMARY
EXACT_MATCH,EXACT-GRP-136,61532,"Pangilinan, Mac John Javellana",2020-11-26,Male,"Capangpangan","City of Vigan",3,2026-04-03T05:55:26.257445+00:00,KEEP (Primary)
EXACT_MATCH,EXACT-GRP-136,229803,"PANGILINAN , MAC JOHN JAVELLANA",2020-11-26,Male,"Capangpangan","City of Vigan",0,2026-06-26T14:49:05.970234+00:00,SAFE TO REMOVE (Empty Shell)
EXACT_MATCH,EXACT-GRP-137,61555,"Bayle, Seffy Faith Ragon",2024-10-09,Female,"Capangpangan","City of Vigan",3,2026-04-03T05:55:26.257445+00:00,KEEP (Primary)
EXACT_MATCH,EXACT-GRP-137,96774,"Bayle, Seffy Faith, Ragon",2024-10-09,Female,"Capangpangan","City of Vigan",1,2026-05-09T05:10:20.6829+00:00,MERGE SERVICES TO PRIMARY
EXACT_MATCH,EXACT-GRP-138,61569,"Tonzo, Zyx Mavi Aslor",2025-05-08,Male,"Capangpangan","City of Vigan",2,2026-04-03T05:55:26.257445+00:00,KEEP (Primary)
EXACT_MATCH,EXACT-GRP-138,96776,"Tonzo, Zyx Mavi, Aslor",2025-05-08,Male,"Capangpangan","City of Vigan",1,2026-05-09T05:10:20.6829+00:00,MERGE SERVICES TO PRIMARY
EXACT_MATCH,EXACT-GRP-139,61622,"Reyes, Nea Krystel Mendoza",2004-07-24,Female,"Salindeg","City of Vigan",2,2026-04-03T06:00:55.771094+00:00,KEEP (Primary)
EXACT_MATCH,EXACT-GRP-139,224484,"Reyes, Nea Krystel   Mendoza",2004-07-24,Female,"Salindeg","City of Vigan",1,2026-06-25T02:02:47.604419+00:00,MERGE SERVICES TO PRIMARY
EXACT_MATCH,EXACT-GRP-140,61726,"Rabago, Zavia Astreed Udani",2025-02-16,Female,"Salindeg","City of Vigan",2,2026-04-03T06:00:55.771094+00:00,KEEP (Primary)
EXACT_MATCH,EXACT-GRP-140,306787,"RABAGO, ZAVIA, ASTREED UDANI",2025-02-16,Female,"Salindeg","City of Vigan",2,2026-09-27T00:36:35.948237+00:00,MERGE SERVICES TO PRIMARY
EXACT_MATCH,EXACT-GRP-141,61746,"Baniqued, Ranz Angelo Quinto",2020-08-20,Male,"Salindeg","City of Vigan",3,2026-04-03T06:00:55.771094+00:00,KEEP (Primary)
EXACT_MATCH,EXACT-GRP-141,222527,"Baniqued, Ranz Angelo  Quinto",2020-08-20,Male,"Salindeg","City of Vigan",1,2026-06-24T07:51:24.475842+00:00,MERGE SERVICES TO PRIMARY
EXACT_MATCH,EXACT-GRP-142,61754,"Alquiza, Danilo Alquiza",1959-11-21,Male,"Salindeg","City of Vigan",4,2026-04-03T06:00:55.771094+00:00,KEEP (Primary)
EXACT_MATCH,EXACT-GRP-142,223191,"Alquiza, Danilo  Alquiza",1959-11-21,Male,"Salindeg","City of Vigan",1,2026-06-24T07:51:26.607208+00:00,MERGE SERVICES TO PRIMARY
EXACT_MATCH,EXACT-GRP-143,61797,"Acoba, Amelia Espiritu",1958-01-17,Female,"Barangay VII","City of Vigan",4,2026-04-03T06:17:31.698604+00:00,KEEP (Primary)
EXACT_MATCH,EXACT-GRP-143,226098,"Acoba Amelia Espiritu",1958-01-17,Female,"Barangay VII","City of Vigan",2,2026-06-25T11:13:45.270667+00:00,MERGE SERVICES TO PRIMARY
EXACT_MATCH,EXACT-GRP-144,61825,"Tacud, Estrella Riberal",1951-04-12,Female,"Barangay VII","City of Vigan",7,2026-04-03T06:17:31.698604+00:00,KEEP (Primary)
EXACT_MATCH,EXACT-GRP-144,226112,"Tacud Estrella Riberal",1951-04-12,Female,"Barangay VII","City of Vigan",1,2026-06-25T11:13:45.270667+00:00,MERGE SERVICES TO PRIMARY
EXACT_MATCH,EXACT-GRP-145,61826,"Artajos, Milagros Parel",1938-03-18,Female,"Barangay VII","City of Vigan",1,2026-04-03T06:17:31.698604+00:00,KEEP (Primary)
EXACT_MATCH,EXACT-GRP-145,317445,"Artajos , Milagros Parel",1938-03-18,Female,"Barangay VII","City of Vigan",1,2026-09-28T13:16:39.771769+00:00,MERGE SERVICES TO PRIMARY
EXACT_MATCH,EXACT-GRP-146,61840,"Artajos, Irene Gay Rin",1993-12-03,Male,"Barangay VII","City of Vigan",1,2026-04-03T06:17:31.698604+00:00,KEEP (Primary)
EXACT_MATCH,EXACT-GRP-146,317532,"Artajos , Irene Gay Rin",1993-12-03,Female,"Barangay VII","City of Vigan",1,2026-09-28T13:16:39.771769+00:00,MERGE SERVICES TO PRIMARY
EXACT_MATCH,EXACT-GRP-147,61845,"Carta, Sheckle Go",1984-04-17,Male,"Barangay VII","City of Vigan",4,2026-04-03T06:17:31.698604+00:00,KEEP (Primary)
EXACT_MATCH,EXACT-GRP-147,226239,"Carta Sheckle Go",1984-04-17,Male,"Barangay VII","City of Vigan",2,2026-06-25T11:13:45.270667+00:00,MERGE SERVICES TO PRIMARY
EXACT_MATCH,EXACT-GRP-148,61849,"Ronda, Sarah Tacud",1983-09-12,Female,"Barangay VII","City of Vigan",3,2026-04-03T06:17:31.698604+00:00,KEEP (Primary)
EXACT_MATCH,EXACT-GRP-148,226048,"Ronda Sarah Tacud",1983-09-12,Female,"Barangay VII","City of Vigan",1,2026-06-25T11:13:45.270667+00:00,MERGE SERVICES TO PRIMARY
EXACT_MATCH,EXACT-GRP-149,61850,"Espinosa, Tristan Jacob Guzman",2014-06-28,Male,"Barangay VII","City of Vigan",2,2026-04-03T06:17:31.698604+00:00,KEEP (Primary)
EXACT_MATCH,EXACT-GRP-149,226149,"Espinosa Tristan Jacob Guzman",2014-06-28,Male,"Barangay VII","City of Vigan",2,2026-06-25T11:13:45.270667+00:00,MERGE SERVICES TO PRIMARY
EXACT_MATCH,EXACT-GRP-150,61890,"Cortez, Clarence King Alimay",2006-04-15,Male,"Barangay VII","City of Vigan",3,2026-04-03T06:17:31.698604+00:00,KEEP (Primary)
EXACT_MATCH,EXACT-GRP-150,226172,"Cortez Clarence King Alimay",2006-04-15,Male,"Barangay VII","City of Vigan",1,2026-06-25T11:13:45.270667+00:00,MERGE SERVICES TO PRIMARY
EXACT_MATCH,EXACT-GRP-151,61893,"Tacud, Rafael Riberal",1982-12-18,Male,"Barangay VII","City of Vigan",3,2026-04-03T06:17:31.698604+00:00,KEEP (Primary)
EXACT_MATCH,EXACT-GRP-151,226244,"Tacud Rafael Riberal",1982-12-18,Male,"Barangay VII","City of Vigan",1,2026-06-25T11:13:45.270667+00:00,MERGE SERVICES TO PRIMARY
EXACT_MATCH,EXACT-GRP-152,226003,"Suyat Judy Ann Reintar",1997-07-24,Female,"Barangay VII","City of Vigan",2,2026-06-25T11:13:45.270667+00:00,KEEP (Primary)
EXACT_MATCH,EXACT-GRP-152,61894,"Suyat, Judy-ann Reintar",1997-07-24,Female,"Barangay VII","City of Vigan",1,2026-04-03T06:17:31.698604+00:00,MERGE SERVICES TO PRIMARY
EXACT_MATCH,EXACT-GRP-152,317153,"SUYAT, JUDY ANN REINTAR",1997-07-24,Female,"Barangay VII","City of Vigan",1,2026-09-28T13:16:39.771769+00:00,MERGE SERVICES TO PRIMARY
EXACT_MATCH,EXACT-GRP-153,61898,"Ricanor, Jennifer De Guzman",1991-10-25,Female,"Barangay VII","City of Vigan",6,2026-04-03T06:17:31.698604+00:00,KEEP (Primary)
EXACT_MATCH,EXACT-GRP-153,226018,"Ricanor Jennifer De Guzman",1991-10-25,Female,"Barangay VII","City of Vigan",2,2026-06-25T11:13:45.270667+00:00,MERGE SERVICES TO PRIMARY
EXACT_MATCH,EXACT-GRP-154,61901,"Go, Arlene Valdez",1977-05-10,Female,"Barangay VII","City of Vigan",3,2026-04-03T06:17:31.698604+00:00,KEEP (Primary)
EXACT_MATCH,EXACT-GRP-154,226069,"Go Arlene Valdez",1977-05-10,Female,"Barangay VII","City of Vigan",2,2026-06-25T11:13:45.270667+00:00,MERGE SERVICES TO PRIMARY
EXACT_MATCH,EXACT-GRP-155,61902,"Zarasate, Ma Jesusa Pacpaco",1987-09-22,Female,"Barangay VII","City of Vigan",1,2026-04-03T06:17:31.698604+00:00,KEEP (Primary)
EXACT_MATCH,EXACT-GRP-155,317278,"ZARASATE, MA. JESUSA PACPACO",1987-09-22,Female,"Barangay VII","City of Vigan",1,2026-09-28T13:16:39.771769+00:00,MERGE SERVICES TO PRIMARY
EXACT_MATCH,EXACT-GRP-156,61911,"Sajor, Cecilia Espiritu",1954-10-04,Female,"Barangay VII","City of Vigan",1,2026-04-03T06:17:31.698604+00:00,KEEP (Primary)
EXACT_MATCH,EXACT-GRP-156,317506,"Sajor, Cecilia  Espiritu",1954-10-04,Female,"Barangay VII","City of Vigan",1,2026-09-28T13:16:39.771769+00:00,MERGE SERVICES TO PRIMARY
EXACT_MATCH,EXACT-GRP-157,226186,"Benzon Kaye Ann Pascua",2001-06-22,Male,"Barangay VII","City of Vigan",2,2026-06-25T11:13:45.270667+00:00,KEEP (Primary)
EXACT_MATCH,EXACT-GRP-157,61918,"Benzon, Kaye Ann Pascua",2001-06-22,Female,"Barangay VII","City of Vigan",1,2026-04-03T06:17:31.698604+00:00,MERGE SERVICES TO PRIMARY
EXACT_MATCH,EXACT-GRP-158,61919,"Busine, Lawrence Denver Alquiza",1989-06-22,Male,"Barangay VII","City of Vigan",1,2026-04-03T06:17:31.698604+00:00,KEEP (Primary)
EXACT_MATCH,EXACT-GRP-158,318168,"Busine, Lawrence Denver  Alquiza",1989-06-22,Male,"Barangay VII","City of Vigan",1,2026-09-28T13:16:48.28094+00:00,MERGE SERVICES TO PRIMARY
EXACT_MATCH,EXACT-GRP-159,61922,"Antiporda, Robert Almo",1974-04-05,Male,"Barangay VII","City of Vigan",3,2026-04-03T06:17:31.698604+00:00,KEEP (Primary)
EXACT_MATCH,EXACT-GRP-159,318283,"ANTIPORDA , ROBERT ALMO",1974-04-05,Male,"Barangay VII","City of Vigan",1,2026-09-28T13:16:48.28094+00:00,MERGE SERVICES TO PRIMARY
EXACT_MATCH,EXACT-GRP-160,61927,"Espiritu, Renato Hilario",1962-06-13,Male,"Barangay VII","City of Vigan",1,2026-04-03T06:17:31.698604+00:00,KEEP (Primary)
EXACT_MATCH,EXACT-GRP-160,318192,"Espiritu, Renato  Hilario",1962-06-13,Male,"Barangay VII","City of Vigan",1,2026-09-28T13:16:48.28094+00:00,MERGE SERVICES TO PRIMARY
EXACT_MATCH,EXACT-GRP-161,61928,"Go, Joemar Espiritu",1977-04-10,Male,"Barangay VII","City of Vigan",3,2026-04-03T06:17:31.698604+00:00,KEEP (Primary)
EXACT_MATCH,EXACT-GRP-161,226262,"Go Joemar Espiritu",1977-04-10,Male,"Barangay VII","City of Vigan",2,2026-06-25T11:13:45.270667+00:00,MERGE SERVICES TO PRIMARY
EXACT_MATCH,EXACT-GRP-162,61935,"Noriega, Cherry Rose Apostol",1996-04-22,Female,"Barangay VII","City of Vigan",2,2026-04-03T06:17:31.698604+00:00,KEEP (Primary)
EXACT_MATCH,EXACT-GRP-162,226005,"Noriega Cherry Rose Apostol",1996-04-22,Female,"Barangay VII","City of Vigan",2,2026-06-25T11:13:45.270667+00:00,MERGE SERVICES TO PRIMARY
EXACT_MATCH,EXACT-GRP-163,61943,"Palecpec, Ronald Cortel",1990-06-10,Male,"Barangay VII","City of Vigan",1,2026-04-03T06:17:31.698604+00:00,KEEP (Primary)
EXACT_MATCH,EXACT-GRP-163,318254,"Palecpec, Ronald  Cortel",1990-06-10,Male,"Barangay VII","City of Vigan",1,2026-09-28T13:16:48.28094+00:00,MERGE SERVICES TO PRIMARY
EXACT_MATCH,EXACT-GRP-164,61950,"Fontano, Julieta Tacud",1960-06-03,Female,"Barangay VII","City of Vigan",5,2026-04-03T06:17:31.698604+00:00,KEEP (Primary)
EXACT_MATCH,EXACT-GRP-164,226096,"Fontano Julieta Tacud",1960-06-03,Female,"Barangay VII","City of Vigan",1,2026-06-25T11:13:45.270667+00:00,MERGE SERVICES TO PRIMARY
EXACT_MATCH,EXACT-GRP-165,61951,"Fontano, Raymundo Pacpaco",1955-06-25,Male,"Barangay VII","City of Vigan",2,2026-04-03T06:17:31.698604+00:00,KEEP (Primary)
EXACT_MATCH,EXACT-GRP-165,226298,"Fontano Raymundo Pacpaco",1955-06-25,Male,"Barangay VII","City of Vigan",1,2026-06-25T11:13:45.270667+00:00,MERGE SERVICES TO PRIMARY
EXACT_MATCH,EXACT-GRP-166,61952,"Espinosa, Czarina Amara Guzman",2024-01-09,Female,"Barangay VII","City of Vigan",3,2026-04-03T06:17:31.698604+00:00,KEEP (Primary)
EXACT_MATCH,EXACT-GRP-166,225932,"Espinosa Czarina Amara Guzman",2024-01-09,Female,"Barangay VII","City of Vigan",2,2026-06-25T11:13:45.270667+00:00,MERGE SERVICES TO PRIMARY
EXACT_MATCH,EXACT-GRP-167,61954,"Riveta, Karl Vincent Laya",2013-05-18,Male,"Barangay VII","City of Vigan",2,2026-04-03T06:17:31.698604+00:00,KEEP (Primary)
EXACT_MATCH,EXACT-GRP-167,226151,"Riveta Karl Vincent Laya",2013-05-18,Male,"Barangay VII","City of Vigan",2,2026-06-25T11:13:45.270667+00:00,MERGE SERVICES TO PRIMARY
EXACT_MATCH,EXACT-GRP-168,61958,"Navarro, Rodolfo Reclusado",1949-06-16,Male,"Barangay VII","City of Vigan",2,2026-04-03T06:17:31.698604+00:00,KEEP (Primary)
EXACT_MATCH,EXACT-GRP-168,226304,"Navarro Rodolfo Reclusado",1949-06-16,Male,"Barangay VII","City of Vigan",1,2026-06-25T11:13:45.270667+00:00,MERGE SERVICES TO PRIMARY
EXACT_MATCH,EXACT-GRP-169,61960,"Palas, Jane Riego",1983-06-01,Male,"Barangay VII","City of Vigan",3,2026-04-03T06:17:31.698604+00:00,KEEP (Primary)
EXACT_MATCH,EXACT-GRP-169,226049,"Palas Jane Riego",1983-06-01,Female,"Barangay VII","City of Vigan",1,2026-06-25T11:13:45.270667+00:00,MERGE SERVICES TO PRIMARY
EXACT_MATCH,EXACT-GRP-170,61974,"De Villa, Guadalupe Castaneda",1948-08-28,Female,"Barangay VII","City of Vigan",1,2026-04-03T06:17:31.698604+00:00,KEEP (Primary)
EXACT_MATCH,EXACT-GRP-170,317597,"DE VILLA, GUADALUPE CASTAǸEDA",1948-08-28,Female,"Barangay VII","City of Vigan",1,2026-09-28T13:16:44.993661+00:00,MERGE SERVICES TO PRIMARY
EXACT_MATCH,EXACT-GRP-171,61980,"Rapada, Analyn Cortel",1969-01-29,Female,"Barangay VII","City of Vigan",2,2026-04-03T06:17:31.698604+00:00,KEEP (Primary)
EXACT_MATCH,EXACT-GRP-171,317499,"Rapada , Analyn  Cortel",1969-01-29,Female,"Barangay VII","City of Vigan",1,2026-09-28T13:16:39.771769+00:00,MERGE SERVICES TO PRIMARY
EXACT_MATCH,EXACT-GRP-172,61986,"Espiritu, Mark Espejo",1986-11-06,Male,"Barangay VII","City of Vigan",2,2026-04-03T06:17:31.698604+00:00,KEEP (Primary)
EXACT_MATCH,EXACT-GRP-172,226230,"Espiritu Mark Espejo",1986-11-06,Male,"Barangay VII","City of Vigan",2,2026-06-25T11:13:45.270667+00:00,MERGE SERVICES TO PRIMARY
EXACT_MATCH,EXACT-GRP-173,62003,"Gessner, Keanu, Subsuban",2025-03-05,Male,"Purok-a-bassit","City of Vigan",1,2026-04-03T06:27:19.728095+00:00,KEEP (Primary)
EXACT_MATCH,EXACT-GRP-173,220309,"Gessner, Keanu Subsuban",2025-03-05,Male,"Purok-a-bassit","City of Vigan",1,2026-06-23T20:11:55.722429+00:00,MERGE SERVICES TO PRIMARY
EXACT_MATCH,EXACT-GRP-174,220308,"Rojo, Chris Andrew Pajo",2024-12-27,Male,"Purok-a-bassit","City of Vigan",3,2026-06-23T20:11:55.722429+00:00,KEEP (Primary)
EXACT_MATCH,EXACT-GRP-174,62004,"Rojo, Chris Andrew, Pajo",2024-12-27,Male,"Purok-a-bassit","City of Vigan",1,2026-04-03T06:27:19.728095+00:00,MERGE SERVICES TO PRIMARY
EXACT_MATCH,EXACT-GRP-174,95508,"ROJO CHRIS ANDREW PAJO",2024-12-27,Male,"Purok-a-bassit","City of Vigan",1,2026-05-08T23:23:38.7858+00:00,MERGE SERVICES TO PRIMARY
EXACT_MATCH,EXACT-GRP-175,62005,"Felipe, Chandrei Kade, Fontano",2025-03-16,Male,"Barangay IX","City of Vigan",2,2026-04-03T06:27:19.728095+00:00,KEEP (Primary)
EXACT_MATCH,EXACT-GRP-175,254047,"Felipe, Chandrei Kade Fontano",2025-03-16,Male,"Barangay IX","City of Vigan",2,2026-07-21T12:25:15.725005+00:00,MERGE SERVICES TO PRIMARY
EXACT_MATCH,EXACT-GRP-176,62006,"Remolete, Kween Carol, Rojas",2025-03-11,Female,"Barangay IX","City of Vigan",3,2026-04-03T06:27:19.728095+00:00,KEEP (Primary)
EXACT_MATCH,EXACT-GRP-176,92263,"Remolete, Kween Carol Rojas",2025-03-11,Female,"Barangay IX","City of Vigan",1,2026-05-08T08:18:16.701418+00:00,MERGE SERVICES TO PRIMARY
EXACT_MATCH,EXACT-GRP-177,62008,"Somera, Asher William, N/a",2024-12-08,Male,"Barangay IX","City of Vigan",2,2026-04-03T06:27:19.728095+00:00,KEEP (Primary)
EXACT_MATCH,EXACT-GRP-177,254053,"Somera, Asher William N/a",2024-12-08,Male,"Barangay IX","City of Vigan",1,2026-07-21T12:25:15.725005+00:00,MERGE SERVICES TO PRIMARY
EXACT_MATCH,EXACT-GRP-178,62042,"Panela, Maria Livian Joven",1966-06-12,Female,"Barangay IX","City of Vigan",3,2026-04-03T07:12:03.68234+00:00,KEEP (Primary)
EXACT_MATCH,EXACT-GRP-178,93686,"PANELA MARIA LIVIAN JOVEN",1966-06-12,Female,"Barangay IX","City of Vigan",1,2026-05-08T13:45:50.366595+00:00,MERGE SERVICES TO PRIMARY
EXACT_MATCH,EXACT-GRP-179,62044,"Pineda, Teresita Reyes",1958-07-01,Female,"Barangay IX","City of Vigan",3,2026-04-03T07:12:03.68234+00:00,KEEP (Primary)
EXACT_MATCH,EXACT-GRP-179,93854,"PINEDA TERESITA REYES",1958-07-01,Female,"Barangay IX","City of Vigan",1,2026-05-08T13:45:50.366595+00:00,MERGE SERVICES TO PRIMARY
EXACT_MATCH,EXACT-GRP-180,62048,"Dela Cruz, Judith Baricaua",1967-08-07,Female,"Barangay IX","City of Vigan",3,2026-04-03T07:12:03.68234+00:00,KEEP (Primary)
EXACT_MATCH,EXACT-GRP-180,93939,"DELA CRUZ JUDITH BARICAUA",1967-08-07,Female,"Barangay IX","City of Vigan",1,2026-05-08T13:45:50.366595+00:00,MERGE SERVICES TO PRIMARY
EXACT_MATCH,EXACT-GRP-181,62055,"Pineda, Maura Gonzales",1956-06-27,Female,"Barangay IX","City of Vigan",3,2026-04-03T07:12:03.68234+00:00,KEEP (Primary)
EXACT_MATCH,EXACT-GRP-181,93828,"PINEDA MAURA GONZALES",1956-06-27,Female,"Barangay IX","City of Vigan",1,2026-05-08T13:45:50.366595+00:00,MERGE SERVICES TO PRIMARY
EXACT_MATCH,EXACT-GRP-182,62068,"Lazo, Julius Fernando",1985-04-13,Male,"Barangay IX","City of Vigan",2,2026-04-03T07:12:03.68234+00:00,KEEP (Primary)
EXACT_MATCH,EXACT-GRP-182,92813,"LAZO JULIUS FERNANDO",1985-04-13,Male,"Barangay IX","City of Vigan",1,2026-05-08T08:18:18.550708+00:00,MERGE SERVICES TO PRIMARY
EXACT_MATCH,EXACT-GRP-183,62071,"Pineda, Angelita Noriega",1946-07-06,Female,"Barangay IX","City of Vigan",3,2026-04-03T07:12:03.68234+00:00,KEEP (Primary)
EXACT_MATCH,EXACT-GRP-183,93884,"PINEDA ANGELITA NORIEGA",1946-07-06,Female,"Barangay IX","City of Vigan",1,2026-05-08T13:45:50.366595+00:00,MERGE SERVICES TO PRIMARY
EXACT_MATCH,EXACT-GRP-184,62079,"Villanueva, Agar Arce",1958-01-26,Male,"Barangay IX","City of Vigan",6,2026-04-03T07:12:03.68234+00:00,KEEP (Primary)
EXACT_MATCH,EXACT-GRP-184,92559,"VILLANUEVA AGAR ARCE",1958-01-26,Male,"Barangay IX","City of Vigan",1,2026-05-08T08:18:18.550708+00:00,MERGE SERVICES TO PRIMARY
EXACT_MATCH,EXACT-GRP-185,62098,"Agup, Ericka Barbero",1992-03-23,Female,"Barangay IX","City of Vigan",2,2026-04-03T07:12:03.68234+00:00,KEEP (Primary)
EXACT_MATCH,EXACT-GRP-185,93866,"AGUP ERICKA BARBERO",1992-03-23,Female,"Barangay IX","City of Vigan",1,2026-05-08T13:45:50.366595+00:00,MERGE SERVICES TO PRIMARY
EXACT_MATCH,EXACT-GRP-186,62101,"Guzman, Florencio Fernando",1952-11-07,Male,"Barangay IX","City of Vigan",4,2026-04-03T07:12:03.68234+00:00,KEEP (Primary)
EXACT_MATCH,EXACT-GRP-186,92804,"GUZMAN FLORENCIO FERNANDO",1952-11-07,Male,"Barangay IX","City of Vigan",1,2026-05-08T08:18:18.550708+00:00,MERGE SERVICES TO PRIMARY
EXACT_MATCH,EXACT-GRP-187,62115,"Dela Cruz, Elijah Calix N/a",2025-05-20,Male,"Barangay IX","City of Vigan",1,2026-04-03T07:12:03.68234+00:00,KEEP (Primary)
EXACT_MATCH,EXACT-GRP-187,254069,"Dela Cruz, Elijah Calix, N/a",2025-05-20,Male,"Barangay IX","City of Vigan",1,2026-07-21T12:25:15.725005+00:00,MERGE SERVICES TO PRIMARY
EXACT_MATCH,EXACT-GRP-188,62133,"Lagera, Jeriah Nari Gabriel",2024-06-28,Female,"Barangay IX","City of Vigan",2,2026-04-03T07:12:03.68234+00:00,KEEP (Primary)
EXACT_MATCH,EXACT-GRP-188,92377,"Lagera, Jeriah Nari, Gabriel",2024-06-28,Female,"Barangay IX","City of Vigan",1,2026-05-08T08:18:16.701418+00:00,MERGE SERVICES TO PRIMARY
EXACT_MATCH,EXACT-GRP-189,62136,"Medrano, Inocencia Albayalde",1947-12-28,Female,"Barangay IX","City of Vigan",3,2026-04-03T07:12:03.68234+00:00,KEEP (Primary)
EXACT_MATCH,EXACT-GRP-189,93940,"MEDRANO INOCENCIA ALBAYALDE",1947-12-28,Female,"Barangay IX","City of Vigan",1,2026-05-08T13:45:50.366595+00:00,MERGE SERVICES TO PRIMARY
EXACT_MATCH,EXACT-GRP-190,62139,"Gascon, Christian Pineda",2001-06-15,Male,"Barangay IX","City of Vigan",1,2026-04-03T07:12:03.68234+00:00,KEEP (Primary)
EXACT_MATCH,EXACT-GRP-190,92837,"GASCON CHRISTIAN PINEDA",2001-06-15,Male,"Barangay IX","City of Vigan",1,2026-05-08T08:18:18.550708+00:00,MERGE SERVICES TO PRIMARY
EXACT_MATCH,EXACT-GRP-191,62143,"Noriega, Ester Abigania",1963-04-14,Female,"Barangay IX","City of Vigan",2,2026-04-03T07:12:03.68234+00:00,KEEP (Primary)
EXACT_MATCH,EXACT-GRP-191,93873,"NORIEGA ESTER ABIGANIA",1963-04-14,Female,"Barangay IX","City of Vigan",1,2026-05-08T13:45:50.366595+00:00,MERGE SERVICES TO PRIMARY
EXACT_MATCH,EXACT-GRP-192,62148,"Alen, Arthiel Arquiola",1980-12-12,Female,"Barangay IX","City of Vigan",2,2026-04-03T07:12:03.68234+00:00,KEEP (Primary)
EXACT_MATCH,EXACT-GRP-192,92794,"ALEN ARTHIEL ARQUIOLA",1980-12-12,Male,"Barangay IX","City of Vigan",1,2026-05-08T08:18:18.550708+00:00,MERGE SERVICES TO PRIMARY
EXACT_MATCH,EXACT-GRP-193,62155,"Gonzales, Jade Liane Soller",2024-09-30,Female,"Barangay IX","City of Vigan",2,2026-04-03T07:12:03.68234+00:00,KEEP (Primary)
EXACT_MATCH,EXACT-GRP-193,92379,"Gonzales, Jade Liane, Soller",2024-09-30,Female,"Barangay IX","City of Vigan",1,2026-05-08T08:18:16.701418+00:00,MERGE SERVICES TO PRIMARY
EXACT_MATCH,EXACT-GRP-194,62169,"Guzman, Erlinda Ragasa",1960-01-28,Female,"Barangay IX","City of Vigan",5,2026-04-03T07:12:03.68234+00:00,KEEP (Primary)
EXACT_MATCH,EXACT-GRP-194,93926,"GUZMAN ERLINDA RAGASA",1960-01-28,Female,"Barangay IX","City of Vigan",1,2026-05-08T13:45:50.366595+00:00,MERGE SERVICES TO PRIMARY
EXACT_MATCH,EXACT-GRP-195,62181,"Tejero, Joniffer Gascon",1991-05-03,Female,"Barangay IX","City of Vigan",2,2026-04-03T07:12:03.68234+00:00,KEEP (Primary)
EXACT_MATCH,EXACT-GRP-195,92841,"TEJERO JONIFFER GASCON",1991-05-03,Male,"Barangay IX","City of Vigan",1,2026-05-08T08:18:18.550708+00:00,MERGE SERVICES TO PRIMARY
EXACT_MATCH,EXACT-GRP-196,62190,"Comilang, Jofel Manalo",1991-07-20,Female,"Barangay IX","City of Vigan",1,2026-04-03T07:12:03.68234+00:00,KEEP (Primary)
EXACT_MATCH,EXACT-GRP-196,92851,"COMILANG JOFEL MANALO",1991-07-20,Male,"Barangay IX","City of Vigan",1,2026-05-08T08:18:18.550708+00:00,MERGE SERVICES TO PRIMARY
EXACT_MATCH,EXACT-GRP-197,62192,"Comilang, Rylie Manalo",2024-10-31,Female,"Barangay IX","City of Vigan",2,2026-04-03T07:12:03.68234+00:00,KEEP (Primary)
EXACT_MATCH,EXACT-GRP-197,92374,"Comilang, Rylie, Manalo",2024-10-31,Female,"Barangay IX","City of Vigan",1,2026-05-08T08:18:16.701418+00:00,MERGE SERVICES TO PRIMARY
EXACT_MATCH,EXACT-GRP-198,62194,"Parel, Kyle Justine Ramos",2024-03-05,Male,"Barangay IX","City of Vigan",1,2026-04-03T07:12:03.68234+00:00,KEEP (Primary)
EXACT_MATCH,EXACT-GRP-198,254083,"Parel, Kyle Justine, Ramos",2024-03-05,Male,"Barangay IX","City of Vigan",1,2026-07-21T12:25:15.725005+00:00,MERGE SERVICES TO PRIMARY
EXACT_MATCH,EXACT-GRP-199,62202,"Herrera, Juliana Peria",1958-07-15,Female,"Barangay IX","City of Vigan",3,2026-04-03T07:12:03.68234+00:00,KEEP (Primary)
EXACT_MATCH,EXACT-GRP-199,93725,"HERRERA JULIANA PERIA",1958-07-15,Female,"Barangay IX","City of Vigan",1,2026-05-08T13:45:50.366595+00:00,MERGE SERVICES TO PRIMARY
EXACT_MATCH,EXACT-GRP-200,62206,"Doria, Franklyn Arellano",1975-04-06,Male,"Barangay IX","City of Vigan",2,2026-04-03T07:12:03.68234+00:00,KEEP (Primary)
EXACT_MATCH,EXACT-GRP-200,92639,"DORIA FRANKLYN ARELLANO",1975-04-06,Male,"Barangay IX","City of Vigan",1,2026-05-08T08:18:18.550708+00:00,MERGE SERVICES TO PRIMARY
EXACT_MATCH,EXACT-GRP-201,62214,"Prudente, Carmelita Rivera",1951-02-01,Female,"Barangay IX","City of Vigan",5,2026-04-03T07:12:03.68234+00:00,KEEP (Primary)
EXACT_MATCH,EXACT-GRP-201,93909,"PRUDENTE CARMELITA RIVERA",1951-02-01,Female,"Barangay IX","City of Vigan",1,2026-05-08T13:45:50.366595+00:00,MERGE SERVICES TO PRIMARY
EXACT_MATCH,EXACT-GRP-202,62218,"Cuevo, Trish Pauleen Refuerzo",2024-07-26,Female,"Barangay IX","City of Vigan",4,2026-04-03T07:12:03.68234+00:00,KEEP (Primary)
EXACT_MATCH,EXACT-GRP-202,92370,"Cuevo, Trish Pauleen, Refuerzo",2024-07-26,Female,"Barangay IX","City of Vigan",1,2026-05-08T08:18:16.701418+00:00,MERGE SERVICES TO PRIMARY
EXACT_MATCH,EXACT-GRP-203,62220,"Guzman, Noah Pineda",2023-01-07,Male,"Barangay IX","City of Vigan",2,2026-04-03T07:12:03.68234+00:00,KEEP (Primary)
EXACT_MATCH,EXACT-GRP-203,92843,"GUZMAN NOAH PINEDA",2023-01-07,Male,"Barangay IX","City of Vigan",1,2026-05-08T08:18:18.550708+00:00,MERGE SERVICES TO PRIMARY
EXACT_MATCH,EXACT-GRP-204,62221,"Valderosa, Avien Kyle Rifa",2025-01-09,Male,"Barangay IX","City of Vigan",4,2026-04-03T07:12:03.68234+00:00,KEEP (Primary)
EXACT_MATCH,EXACT-GRP-204,254089,"Valderosa, Avien Kyle, Rifa",2025-01-09,Male,"Barangay IX","City of Vigan",1,2026-07-21T12:25:15.725005+00:00,MERGE SERVICES TO PRIMARY
EXACT_MATCH,EXACT-GRP-205,62226,"Agup, Bernard Farrales",1967-02-18,Male,"Barangay IX","City of Vigan",2,2026-04-03T07:12:03.68234+00:00,KEEP (Primary)
EXACT_MATCH,EXACT-GRP-205,92508,"AGUP BERNARD FARRALES",1967-02-18,Male,"Barangay IX","City of Vigan",1,2026-05-08T08:18:18.550708+00:00,MERGE SERVICES TO PRIMARY
EXACT_MATCH,EXACT-GRP-206,62231,"Lim, John Kyle Arce",2018-10-29,Male,"Barangay IX","City of Vigan",1,2026-04-03T07:12:03.68234+00:00,KEEP (Primary)
EXACT_MATCH,EXACT-GRP-206,92768,"LIM JOHN KYLE ARCE",2018-10-29,Male,"Barangay IX","City of Vigan",1,2026-05-08T08:18:18.550708+00:00,MERGE SERVICES TO PRIMARY
EXACT_MATCH,EXACT-GRP-207,62269,"Noriega, Babbie Lyn Barid",1989-08-29,Female,"Barangay IX","City of Vigan",1,2026-04-03T07:12:03.68234+00:00,KEEP (Primary)
EXACT_MATCH,EXACT-GRP-207,92203,"Noriega, Babbie- Lyn Barid",1989-08-29,Female,"Barangay IX","City of Vigan",1,2026-05-08T08:18:16.701418+00:00,MERGE SERVICES TO PRIMARY
EXACT_MATCH,EXACT-GRP-207,93878,"NORIEGA BABBIE LYN BARID",1989-08-29,Female,"Barangay IX","City of Vigan",1,2026-05-08T13:45:50.366595+00:00,MERGE SERVICES TO PRIMARY
EXACT_MATCH,EXACT-GRP-208,62282,"Agcarao, Jessa Teresita Sabado",1999-03-11,Female,"Barangay IX","City of Vigan",1,2026-04-03T07:12:03.68234+00:00,KEEP (Primary)
EXACT_MATCH,EXACT-GRP-208,93838,"AGCARAO JESSA TERESITA SABADO",1999-03-11,Female,"Barangay IX","City of Vigan",1,2026-05-08T13:45:50.366595+00:00,MERGE SERVICES TO PRIMARY
EXACT_MATCH,EXACT-GRP-209,62285,"Buagayan, Alda Tubera",1954-10-17,Female,"Barangay IX","City of Vigan",3,2026-04-03T07:12:03.68234+00:00,KEEP (Primary)
EXACT_MATCH,EXACT-GRP-209,93910,"BUAGAYAN ALDA TUBERA",1954-10-17,Female,"Barangay IX","City of Vigan",1,2026-05-08T13:45:50.366595+00:00,MERGE SERVICES TO PRIMARY
EXACT_MATCH,EXACT-GRP-210,62299,"Ablog, Elarde Quelnan",1958-09-20,Male,"Barangay IX","City of Vigan",2,2026-04-03T07:12:03.68234+00:00,KEEP (Primary)
EXACT_MATCH,EXACT-GRP-210,92788,"ABLOG ELARDE QUELNAN",1958-09-20,Male,"Barangay IX","City of Vigan",1,2026-05-08T08:18:18.550708+00:00,MERGE SERVICES TO PRIMARY
EXACT_MATCH,EXACT-GRP-211,62317,"Avisa, Eliseo Gallardo",1966-02-02,Male,"Barangay IX","City of Vigan",3,2026-04-03T07:12:03.68234+00:00,KEEP (Primary)
EXACT_MATCH,EXACT-GRP-211,92775,"AVISA ELISEO GALLARDO",1966-02-02,Male,"Barangay IX","City of Vigan",1,2026-05-08T08:18:18.550708+00:00,MERGE SERVICES TO PRIMARY
EXACT_MATCH,EXACT-GRP-212,62330,"Baltazar, Cindy Nones",1989-11-29,Female,"Barangay IX","City of Vigan",2,2026-04-03T07:12:03.68234+00:00,KEEP (Primary)
EXACT_MATCH,EXACT-GRP-212,93758,"BALTAZAR CINDY NONES",1989-11-29,Female,"Barangay IX","City of Vigan",1,2026-05-08T13:45:50.366595+00:00,MERGE SERVICES TO PRIMARY
EXACT_MATCH,EXACT-GRP-213,62332,"Dela Cruz, Gabriel Gascon",1996-02-17,Male,"Barangay IX","City of Vigan",1,2026-04-03T07:12:03.68234+00:00,KEEP (Primary)
EXACT_MATCH,EXACT-GRP-213,92857,"DELA CRUZ GABRIEL GASCON",1996-02-17,Male,"Barangay IX","City of Vigan",1,2026-05-08T08:18:18.550708+00:00,MERGE SERVICES TO PRIMARY
EXACT_MATCH,EXACT-GRP-214,62337,"Gallardo, Margie Rabara",1979-10-06,Female,"Barangay IX","City of Vigan",2,2026-04-03T07:12:03.68234+00:00,KEEP (Primary)
EXACT_MATCH,EXACT-GRP-214,93786,"GALLARDO MARGIE RABARA",1979-10-06,Female,"Barangay IX","City of Vigan",1,2026-05-08T13:45:50.366595+00:00,MERGE SERVICES TO PRIMARY
EXACT_MATCH,EXACT-GRP-215,62341,"Doria, Marco Inigo",1997-05-25,Male,"Barangay IX","City of Vigan",1,2026-04-03T07:12:03.68234+00:00,KEEP (Primary)
EXACT_MATCH,EXACT-GRP-215,92640,"DORIA MARCO INIGO",1997-05-25,Male,"Barangay IX","City of Vigan",1,2026-05-08T08:18:18.550708+00:00,MERGE SERVICES TO PRIMARY
EXACT_MATCH,EXACT-GRP-216,62353,"Galinato, Tita Arellano",1947-01-11,Female,"Barangay IX","City of Vigan",3,2026-04-03T07:12:03.68234+00:00,KEEP (Primary)
EXACT_MATCH,EXACT-GRP-216,92589,"GALINATO TITA ARELLANO",1947-01-11,Male,"Barangay IX","City of Vigan",1,2026-05-08T08:18:18.550708+00:00,MERGE SERVICES TO PRIMARY
EXACT_MATCH,EXACT-GRP-217,62357,"Galinato, Joel Arellano",1971-02-06,Male,"Barangay IX","City of Vigan",2,2026-04-03T07:12:03.68234+00:00,KEEP (Primary)
EXACT_MATCH,EXACT-GRP-217,92590,"GALINATO JOEL ARELLANO",1971-02-06,Male,"Barangay IX","City of Vigan",0,2026-05-08T08:18:18.550708+00:00,SAFE TO REMOVE (Empty Shell)
EXACT_MATCH,EXACT-GRP-218,62373,"Agcarao, Joshua Sabado",2001-08-06,Male,"Barangay IX","City of Vigan",1,2026-04-03T07:12:03.68234+00:00,KEEP (Primary)
EXACT_MATCH,EXACT-GRP-218,92483,"AGCARAO JOSHUA SABADO",2001-08-06,Male,"Barangay IX","City of Vigan",1,2026-05-08T08:18:18.550708+00:00,MERGE SERVICES TO PRIMARY
EXACT_MATCH,EXACT-GRP-219,62378,"Alen, Jhoyrylle Joxell Arquiola",2004-02-03,Female,"Barangay IX","City of Vigan",2,2026-04-03T07:12:03.68234+00:00,KEEP (Primary)
EXACT_MATCH,EXACT-GRP-219,92795,"ALEN JHOYRYLLE JOXELL ARQUIOLA",2004-02-03,Male,"Barangay IX","City of Vigan",1,2026-05-08T08:18:18.550708+00:00,MERGE SERVICES TO PRIMARY
EXACT_MATCH,EXACT-GRP-220,62385,"Dela Cruz, Teresita Alimari",1952-09-21,Female,"Barangay IX","City of Vigan",3,2026-04-03T07:12:03.68234+00:00,KEEP (Primary)
EXACT_MATCH,EXACT-GRP-220,93932,"DELA CRUZ TERESITA ALIMARI",1952-09-21,Female,"Barangay IX","City of Vigan",1,2026-05-08T13:45:50.366595+00:00,MERGE SERVICES TO PRIMARY
EXACT_MATCH,EXACT-GRP-221,62388,"Panela, Rene Joven",1984-08-21,Male,"Barangay IX","City of Vigan",3,2026-04-03T07:12:03.68234+00:00,KEEP (Primary)
EXACT_MATCH,EXACT-GRP-221,254028,"PANELA RENE JOVEN",1984-08-21,Male,"Barangay IX","City of Vigan",1,2026-07-21T12:25:15.725005+00:00,MERGE SERVICES TO PRIMARY
EXACT_MATCH,EXACT-GRP-222,62390,"Baquirin, Maribeth Rebebes",1982-03-05,Female,"Barangay IX","City of Vigan",2,2026-04-03T07:12:03.68234+00:00,KEEP (Primary)
EXACT_MATCH,EXACT-GRP-222,93775,"BAQUIRIN MARIBETH REBEBES",1982-03-05,Female,"Barangay IX","City of Vigan",1,2026-05-08T13:45:50.366595+00:00,MERGE SERVICES TO PRIMARY
EXACT_MATCH,EXACT-GRP-223,62393,"Suero, Jamil Bernasol",2004-02-22,Male,"Barangay IX","City of Vigan",1,2026-04-03T07:12:03.68234+00:00,KEEP (Primary)
EXACT_MATCH,EXACT-GRP-223,93806,"SUERO JAMIL BERNASOL",2004-02-22,Female,"Barangay IX","City of Vigan",1,2026-05-08T13:45:50.366595+00:00,MERGE SERVICES TO PRIMARY
EXACT_MATCH,EXACT-GRP-224,62404,"Carpio, Cirilo Arce",1976-11-09,Male,"Barangay IX","City of Vigan",3,2026-04-03T07:12:03.68234+00:00,KEEP (Primary)
EXACT_MATCH,EXACT-GRP-224,92757,"CARPIO CIRILO ARCE",1976-11-09,Male,"Barangay IX","City of Vigan",1,2026-05-08T08:18:18.550708+00:00,MERGE SERVICES TO PRIMARY
EXACT_MATCH,EXACT-GRP-225,62405,"Salazar, Jairo Jaxen Cariaga",2024-12-07,Male,"Barangay IX","City of Vigan",3,2026-04-03T07:12:03.68234+00:00,KEEP (Primary)
EXACT_MATCH,EXACT-GRP-225,254088,"Salazar, Jairo Jaxen, Cariaga",2024-12-07,Male,"Barangay IX","City of Vigan",1,2026-07-21T12:25:15.725005+00:00,MERGE SERVICES TO PRIMARY
EXACT_MATCH,EXACT-GRP-226,62407,"Suero, John Llanes",1974-07-23,Male,"Barangay IX","City of Vigan",2,2026-04-03T07:12:03.68234+00:00,KEEP (Primary)
EXACT_MATCH,EXACT-GRP-226,92453,"SUERO JOHN LLANES",1974-07-23,Male,"Barangay IX","City of Vigan",1,2026-05-08T08:18:18.550708+00:00,MERGE SERVICES TO PRIMARY
EXACT_MATCH,EXACT-GRP-227,62415,"Guzman, Aida Reotita",1987-11-06,Female,"Barangay IX","City of Vigan",2,2026-04-03T07:12:03.68234+00:00,KEEP (Primary)
EXACT_MATCH,EXACT-GRP-227,93818,"GUZMAN AIDA REOTITA",1987-11-06,Female,"Barangay IX","City of Vigan",1,2026-05-08T13:45:50.366595+00:00,MERGE SERVICES TO PRIMARY
EXACT_MATCH,EXACT-GRP-228,62416,"Remolete, Ronilo Ternio",1971-09-16,Male,"Barangay IX","City of Vigan",2,2026-04-03T07:12:03.68234+00:00,KEEP (Primary)
EXACT_MATCH,EXACT-GRP-228,92566,"REMOLETE RONILO TERNIO",1971-09-16,Male,"Barangay IX","City of Vigan",1,2026-05-08T08:18:18.550708+00:00,MERGE SERVICES TO PRIMARY
EXACT_MATCH,EXACT-GRP-229,62425,"Quelnan, Theo Ellie Remolete",2024-11-30,Male,"Barangay IX","City of Vigan",1,2026-04-03T07:12:03.68234+00:00,KEEP (Primary)
EXACT_MATCH,EXACT-GRP-229,254071,"Quelnan, Theo Ellie, Remolete",2024-11-30,Male,"Barangay IX","City of Vigan",1,2026-07-21T12:25:15.725005+00:00,MERGE SERVICES TO PRIMARY
EXACT_MATCH,EXACT-GRP-230,62429,"Alcausin, Jenalyn Guzman",1984-05-15,Female,"Barangay IX","City of Vigan",2,2026-04-03T07:12:03.68234+00:00,KEEP (Primary)
EXACT_MATCH,EXACT-GRP-230,93809,"ALCAUSIN JENALYN GUZMAN",1984-05-15,Female,"Barangay IX","City of Vigan",1,2026-05-08T13:45:50.366595+00:00,MERGE SERVICES TO PRIMARY
EXACT_MATCH,EXACT-GRP-231,62430,"Baja, Geronimo Tabangin",1957-09-30,Male,"Barangay IX","City of Vigan",3,2026-04-03T07:12:03.68234+00:00,KEEP (Primary)
EXACT_MATCH,EXACT-GRP-231,92546,"BAJA GERONIMO TABANGIN",1957-09-30,Male,"Barangay IX","City of Vigan",1,2026-05-08T08:18:18.550708+00:00,MERGE SERVICES TO PRIMARY
EXACT_MATCH,EXACT-GRP-232,62434,"Ancheta, Arnaldo Leones",1953-04-26,Male,"Barangay IX","City of Vigan",2,2026-04-03T07:12:03.68234+00:00,KEEP (Primary)
EXACT_MATCH,EXACT-GRP-232,92789,"ANCHETA ARNALDO LEONES",1953-04-26,Male,"Barangay IX","City of Vigan",1,2026-05-08T08:18:18.550708+00:00,MERGE SERVICES TO PRIMARY
EXACT_MATCH,EXACT-GRP-233,91954,"Suero, Luzviminda Bernasol",1968-05-02,Female,"Barangay IX","City of Vigan",1,2026-05-08T08:18:16.701418+00:00,KEEP (Primary)
EXACT_MATCH,EXACT-GRP-233,93804,"SUERO LUZVIMINDA BERNASOL",1968-05-02,Female,"Barangay IX","City of Vigan",1,2026-05-08T13:45:50.366595+00:00,MERGE SERVICES TO PRIMARY
EXACT_MATCH,EXACT-GRP-234,91956,"Soriano, Michelle Benito",1985-03-08,Female,"Barangay IX","City of Vigan",1,2026-05-08T08:18:16.701418+00:00,KEEP (Primary)
EXACT_MATCH,EXACT-GRP-234,93747,"SORIANO MICHELLE BENITO",1985-03-08,Female,"Barangay IX","City of Vigan",1,2026-05-08T13:45:50.366595+00:00,MERGE SERVICES TO PRIMARY
EXACT_MATCH,EXACT-GRP-235,91960,"Rosete, Abigail Alapan",2009-05-06,Female,"Barangay IX","City of Vigan",1,2026-05-08T08:18:16.701418+00:00,KEEP (Primary)
EXACT_MATCH,EXACT-GRP-235,93797,"ROSETE ABIGAIL ALAPAN",2009-05-06,Female,"Barangay IX","City of Vigan",1,2026-05-08T13:45:50.366595+00:00,MERGE SERVICES TO PRIMARY
EXACT_MATCH,EXACT-GRP-236,91990,"Marilag, Jackielyn Pineda",2018-11-03,Female,"Barangay IX","City of Vigan",1,2026-05-08T08:18:16.701418+00:00,KEEP (Primary)
EXACT_MATCH,EXACT-GRP-236,93622,"MARILAG,JACKIELYN, PINEDA",2018-11-03,Female,"Barangay IX","City of Vigan",1,2026-05-08T13:45:50.366595+00:00,MERGE SERVICES TO PRIMARY
EXACT_MATCH,EXACT-GRP-236,93857,"MARILAG JACKIELYN PINEDA",2018-11-03,Female,"Barangay IX","City of Vigan",1,2026-05-08T13:45:50.366595+00:00,MERGE SERVICES TO PRIMARY
EXACT_MATCH,EXACT-GRP-237,91996,"Lagera, Scarlett Louise Pimentel",2022-11-01,Female,"Barangay IX","City of Vigan",1,2026-05-08T08:18:16.701418+00:00,KEEP (Primary)
EXACT_MATCH,EXACT-GRP-237,93717,"LAGERA SCARLETT LOUISE PIMENTEL",2022-11-01,Female,"Barangay IX","City of Vigan",1,2026-05-08T13:45:50.366595+00:00,MERGE SERVICES TO PRIMARY
EXACT_MATCH,EXACT-GRP-237,307894,"Lagera, Scarlett Louise  Pimentel",2022-11-01,Female,"Barangay IX","City of Vigan",1,2026-09-27T01:53:20.862627+00:00,MERGE SERVICES TO PRIMARY
EXACT_MATCH,EXACT-GRP-238,92009,"Flores, Flordeliza Joven",1967-09-25,Female,"Barangay IX","City of Vigan",1,2026-05-08T08:18:16.701418+00:00,KEEP (Primary)
EXACT_MATCH,EXACT-GRP-238,93684,"FLORES FLORDELIZA JOVEN",1967-09-25,Female,"Barangay IX","City of Vigan",1,2026-05-08T13:45:50.366595+00:00,MERGE SERVICES TO PRIMARY
EXACT_MATCH,EXACT-GRP-239,92017,"Eusebio, Mia Ivana Leticia Maday-a",2023-12-16,Female,"Barangay IX","City of Vigan",2,2026-05-08T08:18:16.701418+00:00,KEEP (Primary)
EXACT_MATCH,EXACT-GRP-239,92376,"Eusebio, Mia Ivana Leticia, Maday-a",2023-12-16,Female,"Barangay IX","City of Vigan",1,2026-05-08T08:18:16.701418+00:00,MERGE SERVICES TO PRIMARY
EXACT_MATCH,EXACT-GRP-240,92031,"Baquirin, Brenda Gadut",1949-06-21,Female,"Barangay IX","City of Vigan",1,2026-05-08T08:18:16.701418+00:00,KEEP (Primary)
EXACT_MATCH,EXACT-GRP-240,93777,"BAQUIRIN BRENDA GADUT",1949-06-21,Female,"Barangay IX","City of Vigan",1,2026-05-08T13:45:50.366595+00:00,MERGE SERVICES TO PRIMARY
EXACT_MATCH,EXACT-GRP-241,92044,"Alviedo, Lennie May Barcellano",2002-05-24,Female,"Barangay IX","City of Vigan",1,2026-05-08T08:18:16.701418+00:00,KEEP (Primary)
EXACT_MATCH,EXACT-GRP-241,93767,"ALVIEDO LENNIE MAY BARCELLANO",2002-05-24,Female,"Barangay IX","City of Vigan",1,2026-05-08T13:45:50.366595+00:00,MERGE SERVICES TO PRIMARY
EXACT_MATCH,EXACT-GRP-242,92060,"Ujano, Genalyn Banta",1983-11-24,Female,"Barangay IX","City of Vigan",1,2026-05-08T08:18:16.701418+00:00,KEEP (Primary)
EXACT_MATCH,EXACT-GRP-242,93843,"UJANO GENALYN BANTA",1983-11-24,Female,"Barangay IX","City of Vigan",1,2026-05-08T13:45:50.366595+00:00,MERGE SERVICES TO PRIMARY
EXACT_MATCH,EXACT-GRP-243,92081,"Quirapas, Rosario Ragonton",1972-08-16,Female,"Barangay IX","City of Vigan",1,2026-05-08T08:18:16.701418+00:00,KEEP (Primary)
EXACT_MATCH,EXACT-GRP-243,92734,"QUIRAPAS ROSARIO RAGONTON",1972-08-16,Male,"Barangay IX","City of Vigan",1,2026-05-08T08:18:18.550708+00:00,MERGE SERVICES TO PRIMARY
EXACT_MATCH,EXACT-GRP-244,92086,"Pido, Kaylee Fieldad",2021-08-27,Female,"Barangay IX","City of Vigan",2,2026-05-08T08:18:16.701418+00:00,KEEP (Primary)
EXACT_MATCH,EXACT-GRP-244,93792,"PIDO KAYLEE FIELDAD",2021-08-27,Female,"Barangay IX","City of Vigan",1,2026-05-08T13:45:50.366595+00:00,MERGE SERVICES TO PRIMARY
EXACT_MATCH,EXACT-GRP-245,92091,"Patubo, Kahlia Rose Castaneda",2025-08-20,Female,"Barangay IX","City of Vigan",1,2026-05-08T08:18:16.701418+00:00,KEEP (Primary)
EXACT_MATCH,EXACT-GRP-245,92372,"Patubo, Kahlia Rose, Castaneda",2025-08-20,Female,"Barangay IX","City of Vigan",1,2026-05-08T08:18:16.701418+00:00,MERGE SERVICES TO PRIMARY
EXACT_MATCH,EXACT-GRP-246,92100,"Noriega, Altheya Ruth Urbien",2004-12-27,Female,"Barangay IX","City of Vigan",1,2026-05-08T08:18:16.701418+00:00,KEEP (Primary)
EXACT_MATCH,EXACT-GRP-246,93876,"NORIEGA ALTHEYA RUTH URBIEN",2004-12-27,Female,"Barangay IX","City of Vigan",1,2026-05-08T13:45:50.366595+00:00,MERGE SERVICES TO PRIMARY
EXACT_MATCH,EXACT-GRP-247,92105,"Lim, Czarina Saw",1993-04-20,Female,"Barangay IX","City of Vigan",1,2026-05-08T08:18:16.701418+00:00,KEEP (Primary)
EXACT_MATCH,EXACT-GRP-247,93671,"LIM CZARINA SAW",1993-04-20,Female,"Barangay IX","City of Vigan",1,2026-05-08T13:45:50.366595+00:00,MERGE SERVICES TO PRIMARY
EXACT_MATCH,EXACT-GRP-248,92106,"Lim, Charmaine Saw",1964-12-07,Female,"Barangay IX","City of Vigan",1,2026-05-08T08:18:16.701418+00:00,KEEP (Primary)
EXACT_MATCH,EXACT-GRP-248,93670,"LIM CHARMAINE SAW",1964-12-07,Female,"Barangay IX","City of Vigan",1,2026-05-08T13:45:50.366595+00:00,MERGE SERVICES TO PRIMARY
EXACT_MATCH,EXACT-GRP-249,92114,"Gascon, Merry Chris Reynon",1997-12-25,Female,"Barangay IX","City of Vigan",1,2026-05-08T08:18:16.701418+00:00,KEEP (Primary)
EXACT_MATCH,EXACT-GRP-249,92871,"GASCON MERRY CHRIS REYNON",1997-12-25,Male,"Barangay IX","City of Vigan",1,2026-05-08T08:18:18.550708+00:00,MERGE SERVICES TO PRIMARY
EXACT_MATCH,EXACT-GRP-250,92117,"Gadut, Krizalyn Gomez",1987-06-15,Female,"Barangay IX","City of Vigan",1,2026-05-08T08:18:16.701418+00:00,KEEP (Primary)
EXACT_MATCH,EXACT-GRP-250,93770,"GADUT KRIZALYN GOMEZ",1987-06-15,Female,"Barangay IX","City of Vigan",1,2026-05-08T13:45:50.366595+00:00,MERGE SERVICES TO PRIMARY
EXACT_MATCH,EXACT-GRP-251,92118,"Florendo, Liza Doria",1971-10-11,Female,"Barangay IX","City of Vigan",1,2026-05-08T08:18:16.701418+00:00,KEEP (Primary)
EXACT_MATCH,EXACT-GRP-251,93788,"FLORENDO LIZA DORIA",1971-10-11,Female,"Barangay IX","City of Vigan",1,2026-05-08T13:45:50.366595+00:00,MERGE SERVICES TO PRIMARY
EXACT_MATCH,EXACT-GRP-252,92119,"Fernando, Rebecca Tubera",1952-12-07,Female,"Barangay IX","City of Vigan",1,2026-05-08T08:18:16.701418+00:00,KEEP (Primary)
EXACT_MATCH,EXACT-GRP-252,93784,"FERNANDO REBECCA TUBERA",1952-12-07,Female,"Barangay IX","City of Vigan",1,2026-05-08T13:45:50.366595+00:00,MERGE SERVICES TO PRIMARY
EXACT_MATCH,EXACT-GRP-253,92121,"Fernando, Ferdinand Dumlao",1989-09-11,Female,"Barangay IX","City of Vigan",1,2026-05-08T08:18:16.701418+00:00,KEEP (Primary)
EXACT_MATCH,EXACT-GRP-253,92829,"FERNANDO FERDINAND DUMLAO",1989-09-11,Male,"Barangay IX","City of Vigan",1,2026-05-08T08:18:18.550708+00:00,MERGE SERVICES TO PRIMARY
EXACT_MATCH,EXACT-GRP-254,92124,"Felipe, Juny Arce",1968-06-20,Female,"Barangay IX","City of Vigan",1,2026-05-08T08:18:16.701418+00:00,KEEP (Primary)
EXACT_MATCH,EXACT-GRP-254,92689,"FELIPE JUNY ARCE",1968-06-20,Male,"Barangay IX","City of Vigan",1,2026-05-08T08:18:18.550708+00:00,MERGE SERVICES TO PRIMARY
EXACT_MATCH,EXACT-GRP-255,92169,"Alviedo, Arnie Barcellano",2006-01-19,Female,"Barangay IX","City of Vigan",1,2026-05-08T08:18:16.701418+00:00,KEEP (Primary)
EXACT_MATCH,EXACT-GRP-255,93769,"ALVIEDO ARNIE BARCELLANO",2006-01-19,Female,"Barangay IX","City of Vigan",1,2026-05-08T13:45:50.366595+00:00,MERGE SERVICES TO PRIMARY
EXACT_MATCH,EXACT-GRP-256,92181,"Soriano, Jesse Paulino Benito",2010-12-08,Female,"Barangay IX","City of Vigan",1,2026-05-08T08:18:16.701418+00:00,KEEP (Primary)
EXACT_MATCH,EXACT-GRP-256,92411,"SORIANO JESSE PAULINO BENITO",2010-12-08,Male,"Barangay IX","City of Vigan",1,2026-05-08T08:18:16.701418+00:00,MERGE SERVICES TO PRIMARY
EXACT_MATCH,EXACT-GRP-257,92184,"Saturno, Mary Judith Buenavista",1970-05-12,Female,"Barangay IX","City of Vigan",1,2026-05-08T08:18:16.701418+00:00,KEEP (Primary)
EXACT_MATCH,EXACT-GRP-257,93694,"SATURNO MARY JUDITH BUENAVISTA",1970-05-12,Female,"Barangay IX","City of Vigan",1,2026-05-08T13:45:50.366595+00:00,MERGE SERVICES TO PRIMARY
EXACT_MATCH,EXACT-GRP-258,92191,"Rafanan, Angel Pinto",1997-01-05,Female,"Barangay IX","City of Vigan",1,2026-05-08T08:18:16.701418+00:00,KEEP (Primary)
EXACT_MATCH,EXACT-GRP-258,92741,"RAFANAN ANGEL PINTO",1997-01-05,Male,"Barangay IX","City of Vigan",1,2026-05-08T08:18:18.550708+00:00,MERGE SERVICES TO PRIMARY
EXACT_MATCH,EXACT-GRP-259,92215,"Florendo, Jiane Gadut",2008-10-15,Female,"Barangay IX","City of Vigan",1,2026-05-08T08:18:16.701418+00:00,KEEP (Primary)
EXACT_MATCH,EXACT-GRP-259,93750,"FLORENDO JIANE GADUT",2008-10-15,Female,"Barangay IX","City of Vigan",1,2026-05-08T13:45:50.366595+00:00,MERGE SERVICES TO PRIMARY
EXACT_MATCH,EXACT-GRP-260,92232,"Baptista, Paulina Mendoza",1960-01-25,Female,"Barangay IX","City of Vigan",1,2026-05-08T08:18:16.701418+00:00,KEEP (Primary)
EXACT_MATCH,EXACT-GRP-260,93848,"BAPTISTA PAULINA MENDOZA",1960-01-25,Female,"Barangay IX","City of Vigan",1,2026-05-08T13:45:50.366595+00:00,MERGE SERVICES TO PRIMARY
EXACT_MATCH,EXACT-GRP-261,92233,"Baptista, Maria Nicole Fieldad",2003-10-12,Female,"Barangay IX","City of Vigan",1,2026-05-08T08:18:16.701418+00:00,KEEP (Primary)
EXACT_MATCH,EXACT-GRP-261,93835,"BAPTISTA MARIA NICOLE FIELDAD",2003-10-12,Female,"Barangay IX","City of Vigan",1,2026-05-08T13:45:50.366595+00:00,MERGE SERVICES TO PRIMARY
EXACT_MATCH,EXACT-GRP-262,92249,"Viray, Rein Mikael Tabboga",2025-04-21,Female,"Barangay IX","City of Vigan",2,2026-05-08T08:18:16.701418+00:00,KEEP (Primary)
EXACT_MATCH,EXACT-GRP-262,254086,"Viray, Rein Mikael, Tabboga",2025-04-21,Male,"Barangay IX","City of Vigan",1,2026-07-21T12:25:15.725005+00:00,MERGE SERVICES TO PRIMARY
EXACT_MATCH,EXACT-GRP-263,92254,"Tacata, Beverly Agcarao",1983-01-21,Female,"Barangay IX","City of Vigan",1,2026-05-08T08:18:16.701418+00:00,KEEP (Primary)
EXACT_MATCH,EXACT-GRP-263,93892,"TACATA BEVERLY AGCARAO",1983-01-21,Female,"Barangay IX","City of Vigan",1,2026-05-08T13:45:50.366595+00:00,MERGE SERVICES TO PRIMARY
EXACT_MATCH,EXACT-GRP-264,92257,"Soriano, Erlinda Pangan",1948-09-11,Female,"Barangay IX","City of Vigan",1,2026-05-08T08:18:16.701418+00:00,KEEP (Primary)
EXACT_MATCH,EXACT-GRP-264,93846,"SORIANO ERLINDA PANGAN",1948-09-11,Female,"Barangay IX","City of Vigan",1,2026-05-08T13:45:50.366595+00:00,MERGE SERVICES TO PRIMARY
EXACT_MATCH,EXACT-GRP-265,92270,"Punio, Nanette Tabarangao",1992-11-24,Female,"Barangay IX","City of Vigan",1,2026-05-08T08:18:16.701418+00:00,KEEP (Primary)
EXACT_MATCH,EXACT-GRP-265,93739,"PUNIO NANETTE TABARANGAO",1992-11-24,Female,"Barangay IX","City of Vigan",1,2026-05-08T13:45:50.366595+00:00,MERGE SERVICES TO PRIMARY
EXACT_MATCH,EXACT-GRP-266,92330,"Andallo, Mikaela Shane Pero",2024-08-14,Female,"Barangay IX","City of Vigan",1,2026-05-08T08:18:16.701418+00:00,KEEP (Primary)
EXACT_MATCH,EXACT-GRP-266,92375,"Andallo, Mikaela Shane, Pero",2024-08-14,Female,"Barangay IX","City of Vigan",1,2026-05-08T08:18:16.701418+00:00,MERGE SERVICES TO PRIMARY
EXACT_MATCH,EXACT-GRP-267,92334,"Alviedo, Emelyn Baclig",1975-09-24,Female,"Barangay IX","City of Vigan",1,2026-05-08T08:18:16.701418+00:00,KEEP (Primary)
EXACT_MATCH,EXACT-GRP-267,93753,"ALVIEDO EMELYN BACLIG",1975-09-24,Female,"Barangay IX","City of Vigan",1,2026-05-08T13:45:50.366595+00:00,MERGE SERVICES TO PRIMARY
EXACT_MATCH,EXACT-GRP-268,92335,"Alones, Mary Rose Villegas",2025-02-06,Female,"Barangay IX","City of Vigan",1,2026-05-08T08:18:16.701418+00:00,KEEP (Primary)
EXACT_MATCH,EXACT-GRP-268,92358,"Alones, Mary Rose, Villegas",2025-02-06,Female,"Barangay IX","City of Vigan",0,2026-05-08T08:18:16.701418+00:00,SAFE TO REMOVE (Empty Shell)
EXACT_MATCH,EXACT-GRP-269,92365,"Salvador, Athena Yuri, Arce",2024-12-12,Female,"Barangay IX","City of Vigan",1,2026-05-08T08:18:16.701418+00:00,KEEP (Primary)
EXACT_MATCH,EXACT-GRP-269,307885,"Salvador, Athena Yuri Arce",2024-12-12,Female,"Barangay IX","City of Vigan",1,2026-09-27T01:53:20.862627+00:00,MERGE SERVICES TO PRIMARY
EXACT_MATCH,EXACT-GRP-270,92368,"De Guzman, Jahneya Cwynn, Belvis",2024-03-04,Female,"Barangay IX","City of Vigan",1,2026-05-08T08:18:16.701418+00:00,KEEP (Primary)
EXACT_MATCH,EXACT-GRP-270,307946,"De Guzman, Jahneya Cwynn Belvis",2024-03-04,Female,"Barangay IX","City of Vigan",1,2026-09-27T01:53:20.862627+00:00,MERGE SERVICES TO PRIMARY
EXACT_MATCH,EXACT-GRP-271,92369,"Ramos, Alia Faye, Cabebe",2024-03-17,Female,"Barangay IX","City of Vigan",1,2026-05-08T08:18:16.701418+00:00,KEEP (Primary)
EXACT_MATCH,EXACT-GRP-271,307940,"Ramos, Alia Faye Cabebe",2024-03-17,Female,"Barangay IX","City of Vigan",1,2026-09-27T01:53:20.862627+00:00,MERGE SERVICES TO PRIMARY
EXACT_MATCH,EXACT-GRP-272,92371,"Acena, Luna Jahzara, Balallo",2023-11-15,Female,"Barangay IX","City of Vigan",1,2026-05-08T08:18:16.701418+00:00,KEEP (Primary)
EXACT_MATCH,EXACT-GRP-272,307889,"Acena, Luna Jahzara Balallo",2023-11-15,Female,"Barangay IX","City of Vigan",1,2026-09-27T01:53:20.862627+00:00,MERGE SERVICES TO PRIMARY
EXACT_MATCH,EXACT-GRP-273,92378,"Flores, Amari Jophiel, Galinato",2024-07-21,Female,"Barangay IX","City of Vigan",1,2026-05-08T08:18:16.701418+00:00,KEEP (Primary)
EXACT_MATCH,EXACT-GRP-273,254059,"Flores, Amari Jophiel Galinato",2024-07-21,Male,"Barangay IX","City of Vigan",1,2026-07-21T12:25:15.725005+00:00,MERGE SERVICES TO PRIMARY
EXACT_MATCH,EXACT-GRP-274,92425,"COLETE JESSIE CHRISTOFF NONES",2023-01-22,Male,"Barangay IX","City of Vigan",1,2026-05-08T08:18:16.701418+00:00,KEEP (Primary)
EXACT_MATCH,EXACT-GRP-274,254039,"Colete, Jessie Christoff Nones",2023-01-22,Male,"Barangay IX","City of Vigan",1,2026-07-21T12:25:15.725005+00:00,MERGE SERVICES TO PRIMARY
EXACT_MATCH,EXACT-GRP-275,92476,"SUMAY JESSIE TABAYAN",1984-04-08,Male,"Barangay IX","City of Vigan",1,2026-05-08T08:18:18.550708+00:00,KEEP (Primary)
EXACT_MATCH,EXACT-GRP-275,253972,"Sumay, Jessie Tabayan",1984-04-08,Male,"Barangay IX","City of Vigan",1,2026-07-21T12:25:15.725005+00:00,MERGE SERVICES TO PRIMARY
EXACT_MATCH,EXACT-GRP-276,92521,"BOBIS ZHURI NOVA ESPEJO",2023-04-24,Male,"Barangay IX","City of Vigan",1,2026-05-08T08:18:18.550708+00:00,KEEP (Primary)
EXACT_MATCH,EXACT-GRP-276,307969,"Bobis, Zhuri Nova Espejo",2023-04-24,Female,"Barangay IX","City of Vigan",1,2026-09-27T01:53:20.862627+00:00,MERGE SERVICES TO PRIMARY
EXACT_MATCH,EXACT-GRP-277,92533,"LLANES MARVIN GENOVA",1988-02-25,Male,"Barangay IX","City of Vigan",1,2026-05-08T08:18:18.550708+00:00,KEEP (Primary)
EXACT_MATCH,EXACT-GRP-277,253980,"Llanes, Marvin Genova",1988-02-25,Male,"Barangay IX","City of Vigan",1,2026-07-21T12:25:15.725005+00:00,MERGE SERVICES TO PRIMARY
EXACT_MATCH,EXACT-GRP-278,92556,"GARCIA JARED NAIRA",2023-08-30,Male,"Barangay IX","City of Vigan",1,2026-05-08T08:18:18.550708+00:00,KEEP (Primary)
EXACT_MATCH,EXACT-GRP-278,307965,"Garcia, Jared Naira",2023-08-30,Male,"Barangay IX","City of Vigan",1,2026-09-27T01:53:20.862627+00:00,MERGE SERVICES TO PRIMARY
EXACT_MATCH,EXACT-GRP-279,92575,"BAYLON ROLAND TENEZA",1980-10-18,Male,"Barangay IX","City of Vigan",1,2026-05-08T08:18:18.550708+00:00,KEEP (Primary)
EXACT_MATCH,EXACT-GRP-279,253987,"Baylon, Roland Teneza",1980-10-18,Male,"Barangay IX","City of Vigan",1,2026-07-21T12:25:15.725005+00:00,MERGE SERVICES TO PRIMARY
EXACT_MATCH,EXACT-GRP-280,92588,"AQUINO ALEXANDER GALINATO",2023-01-09,Male,"Barangay IX","City of Vigan",1,2026-05-08T08:18:18.550708+00:00,KEEP (Primary)
EXACT_MATCH,EXACT-GRP-280,307961,"Aquino, Alexander Galinato",2023-01-09,Male,"Barangay IX","City of Vigan",1,2026-09-27T01:53:20.862627+00:00,MERGE SERVICES TO PRIMARY
EXACT_MATCH,EXACT-GRP-281,92619,"CLARIN RICHARD ALEXANDER ATANACIO",2022-08-27,Male,"Barangay IX","City of Vigan",1,2026-05-08T08:18:18.550708+00:00,KEEP (Primary)
EXACT_MATCH,EXACT-GRP-281,254040,"Clarin, Richard Alexander Atanacio",2022-08-27,Male,"Barangay IX","City of Vigan",1,2026-07-21T12:25:15.725005+00:00,MERGE SERVICES TO PRIMARY
EXACT_MATCH,EXACT-GRP-282,92632,"FONTEJON MARK JOHN RECITAS",1993-05-21,Male,"Barangay IX","City of Vigan",1,2026-05-08T08:18:18.550708+00:00,KEEP (Primary)
EXACT_MATCH,EXACT-GRP-282,94984,"Fontejon, Mark John Recitas",1993-05-21,Male,"San Julian Norte","City of Vigan",1,2026-05-08T20:21:22.260199+00:00,MERGE SERVICES TO PRIMARY
EXACT_MATCH,EXACT-GRP-283,92675,"CARIAGA MARDY RAMOS",1966-02-17,Male,"Barangay IX","City of Vigan",1,2026-05-08T08:18:18.550708+00:00,KEEP (Primary)
EXACT_MATCH,EXACT-GRP-283,253961,"Cariaga, Mardy Ramos",1966-02-17,Male,"Barangay IX","City of Vigan",1,2026-07-21T12:25:15.725005+00:00,MERGE SERVICES TO PRIMARY
EXACT_MATCH,EXACT-GRP-284,92684,"RABARA MAMERTO ARCE",1984-12-06,Male,"Barangay IX","City of Vigan",1,2026-05-08T08:18:18.550708+00:00,KEEP (Primary)
EXACT_MATCH,EXACT-GRP-284,253973,"Rabara, Mamerto Arce",1984-12-06,Male,"Barangay IX","City of Vigan",1,2026-07-21T12:25:15.725005+00:00,MERGE SERVICES TO PRIMARY
EXACT_MATCH,EXACT-GRP-285,92700,"ARCAINA LEONARDO GUZMAN",1960-12-26,Male,"Barangay IX","City of Vigan",1,2026-05-08T08:18:18.550708+00:00,KEEP (Primary)
EXACT_MATCH,EXACT-GRP-285,254014,"Arcaina, Leonardo Guzman",1960-12-26,Male,"Barangay IX","City of Vigan",1,2026-07-21T12:25:15.725005+00:00,MERGE SERVICES TO PRIMARY
EXACT_MATCH,EXACT-GRP-286,92750,"BALAURO NELSON ARCE",1972-12-21,Male,"Barangay IX","City of Vigan",1,2026-05-08T08:18:18.550708+00:00,KEEP (Primary)
EXACT_MATCH,EXACT-GRP-286,254012,"Balauro, Nelson Arce",1972-12-21,Male,"Barangay IX","City of Vigan",1,2026-07-21T12:25:15.725005+00:00,MERGE SERVICES TO PRIMARY
EXACT_MATCH,EXACT-GRP-287,92751,"BATTAD JAYVEE BALAURO",2007-08-01,Male,"Barangay IX","City of Vigan",1,2026-05-08T08:18:18.550708+00:00,KEEP (Primary)
EXACT_MATCH,EXACT-GRP-287,93994,"Battad, Jayvee Balauro",2007-08-01,Male,"Barangay VII","City of Vigan",1,2026-05-08T14:25:47.205058+00:00,MERGE SERVICES TO PRIMARY
EXACT_MATCH,EXACT-GRP-288,92869,"GASCON LOUIE CORDERO",1965-08-27,Male,"Barangay IX","City of Vigan",1,2026-05-08T08:18:18.550708+00:00,KEEP (Primary)
EXACT_MATCH,EXACT-GRP-288,308381,"GASCON, LOUIE CORDERO",1965-08-27,Male,"Cabalangegan","City of Vigan",1,2026-09-27T02:18:12.589294+00:00,MERGE SERVICES TO PRIMARY
EXACT_MATCH,EXACT-GRP-289,93278,"Raposas, Belinda Ferido",1980-10-22,Female,"San Pedro","City of Vigan",2,2026-05-08T13:27:21.219826+00:00,KEEP (Primary)
EXACT_MATCH,EXACT-GRP-289,219582,"Raposas , Belinda Ferido",1980-10-22,Female,"San Pedro","City of Vigan",1,2026-06-23T19:39:09.228885+00:00,MERGE SERVICES TO PRIMARY
EXACT_MATCH,EXACT-GRP-290,93306,"Palecpec, Rona Cortel",1992-03-27,Female,"San Pedro","City of Vigan",3,2026-05-08T13:27:21.219826+00:00,KEEP (Primary)
EXACT_MATCH,EXACT-GRP-290,317521,"Palecpec , Rona Cortel",1992-03-27,Female,"Barangay VII","City of Vigan",1,2026-09-28T13:16:39.771769+00:00,MERGE SERVICES TO PRIMARY
EXACT_MATCH,EXACT-GRP-291,93478,"Amay, Ernesto Caras",1987-08-07,Male,"San Pedro","City of Vigan",2,2026-05-08T13:27:21.219826+00:00,KEEP (Primary)
EXACT_MATCH,EXACT-GRP-291,318248,"Amay , Ernesto Caras",1987-08-07,Male,"Barangay VII","City of Vigan",1,2026-09-28T13:16:48.28094+00:00,MERGE SERVICES TO PRIMARY
EXACT_MATCH,EXACT-GRP-292,93793,"PIDO KYOMIE FIELDAD",2022-10-18,Female,"Barangay IX","City of Vigan",1,2026-05-08T13:45:50.366595+00:00,KEEP (Primary)
EXACT_MATCH,EXACT-GRP-292,307996,"Pido, Kyomie Fieldad",2022-10-18,Female,"Barangay IX","City of Vigan",1,2026-09-27T01:53:20.862627+00:00,MERGE SERVICES TO PRIMARY
EXACT_MATCH,EXACT-GRP-293,93948,"Reyes, Florence Devilles",1980-06-20,Female,"Barangay VII","City of Vigan",2,2026-05-08T14:25:47.205058+00:00,KEEP (Primary)
EXACT_MATCH,EXACT-GRP-293,226059,"Reyes Florence Devilles",1980-06-20,Female,"Barangay VII","City of Vigan",2,2026-06-25T11:13:45.270667+00:00,MERGE SERVICES TO PRIMARY
EXACT_MATCH,EXACT-GRP-294,93959,"Espiritu, Teresita Espejo",1957-10-16,Female,"Barangay VII","City of Vigan",3,2026-05-08T14:25:47.205058+00:00,KEEP (Primary)
EXACT_MATCH,EXACT-GRP-294,226099,"Espiritu Teresita Espejo",1957-10-16,Female,"Barangay VII","City of Vigan",2,2026-06-25T11:13:45.270667+00:00,MERGE SERVICES TO PRIMARY
EXACT_MATCH,EXACT-GRP-295,225987,"Benzon Jan Mae Pascua",2004-10-13,Female,"Barangay VII","City of Vigan",2,2026-06-25T11:13:45.270667+00:00,KEEP (Primary)
EXACT_MATCH,EXACT-GRP-295,93964,"Benzon, Jan Mae Pascua",2004-10-13,Female,"Barangay VII","City of Vigan",1,2026-05-08T14:25:47.205058+00:00,MERGE SERVICES TO PRIMARY
EXACT_MATCH,EXACT-GRP-296,93967,"Ramos, Daniel Galiza",1983-10-05,Male,"Barangay VII","City of Vigan",1,2026-05-08T14:25:47.205058+00:00,KEEP (Primary)
EXACT_MATCH,EXACT-GRP-296,318271,"Ramos , Daniel  Galiza",1983-10-05,Male,"Barangay VII","City of Vigan",1,2026-09-28T13:16:48.28094+00:00,MERGE SERVICES TO PRIMARY
EXACT_MATCH,EXACT-GRP-297,93977,"Rabino, Alvin Polanco",1995-12-12,Male,"Barangay VII","City of Vigan",2,2026-05-08T14:25:47.205058+00:00,KEEP (Primary)
EXACT_MATCH,EXACT-GRP-297,226202,"Rabino Alvin Polanco",1995-12-12,Male,"Barangay VII","City of Vigan",2,2026-06-25T11:13:45.270667+00:00,MERGE SERVICES TO PRIMARY
EXACT_MATCH,EXACT-GRP-298,93981,"Repotola, Elma Ponce",1955-07-06,Female,"Barangay VII","City of Vigan",4,2026-05-08T14:25:47.205058+00:00,KEEP (Primary)
EXACT_MATCH,EXACT-GRP-298,226104,"Repotola Elma Ponce",1955-07-06,Female,"Barangay VII","City of Vigan",2,2026-06-25T11:13:45.270667+00:00,MERGE SERVICES TO PRIMARY
EXACT_MATCH,EXACT-GRP-299,93983,"Alcantara, Kent Yohan Noriega",2023-09-19,Male,"Barangay VII","City of Vigan",4,2026-05-08T14:25:47.205058+00:00,KEEP (Primary)
EXACT_MATCH,EXACT-GRP-299,226126,"Alcantara Kent Yohan Noriega",2023-09-19,Male,"Barangay VII","City of Vigan",2,2026-06-25T11:13:45.270667+00:00,MERGE SERVICES TO PRIMARY
EXACT_MATCH,EXACT-GRP-300,93990,"Espinosa, Florentina Go",1952-08-10,Female,"Barangay VII","City of Vigan",2,2026-05-08T14:25:47.205058+00:00,KEEP (Primary)
EXACT_MATCH,EXACT-GRP-300,226110,"Espinosa Florentina Go",1952-08-10,Female,"Barangay VII","City of Vigan",2,2026-06-25T11:13:45.270667+00:00,MERGE SERVICES TO PRIMARY
EXACT_MATCH,EXACT-GRP-301,93991,"Riveta, Bry Simone Somejo",2012-04-04,Male,"Barangay VII","City of Vigan",2,2026-05-08T14:25:47.205058+00:00,KEEP (Primary)
EXACT_MATCH,EXACT-GRP-301,226152,"Riveta Bry Simone Somejo",2012-04-04,Male,"Barangay VII","City of Vigan",2,2026-06-25T11:13:45.270667+00:00,MERGE SERVICES TO PRIMARY
EXACT_MATCH,EXACT-GRP-302,93999,"Racadio, Mila Rafal",1967-10-20,Female,"Cabalangegan","City of Vigan",1,2026-05-08T14:25:47.205058+00:00,KEEP (Primary)
EXACT_MATCH,EXACT-GRP-302,308503,"RACADIO, MILA  RAFAL",1967-10-20,Female,"Cabalangegan","City of Vigan",1,2026-09-27T02:18:12.589294+00:00,MERGE SERVICES TO PRIMARY
EXACT_MATCH,EXACT-GRP-303,94061,"Guarinio, Gaveen Jude Arce",2025-06-19,Male,"Capangpangan","City of Vigan",2,2026-05-08T14:25:47.205058+00:00,KEEP (Primary)
EXACT_MATCH,EXACT-GRP-303,96764,"Guarinio, Gaveen Jude, Arce",2025-06-19,Male,"Capangpangan","City of Vigan",2,2026-05-09T05:10:20.6829+00:00,MERGE SERVICES TO PRIMARY
EXACT_MATCH,EXACT-GRP-304,94409,"Garibay, Marie-rose Duruin",1990-08-23,Female,"San Julian Norte","City of Vigan",1,2026-05-08T18:24:16.445145+00:00,KEEP (Primary)
EXACT_MATCH,EXACT-GRP-304,137135,"GARIBAY, MARIE ROSE DURUIN",1990-08-23,Female,"San Julian Norte","City of Vigan",1,2026-05-24T00:51:17.863707+00:00,MERGE SERVICES TO PRIMARY
EXACT_MATCH,EXACT-GRP-305,94514,"Ramos, Airvin Josh Guemo",2017-12-16,Male,"San Julian Norte","City of Vigan",1,2026-05-08T18:24:16.445145+00:00,KEEP (Primary)
EXACT_MATCH,EXACT-GRP-305,318269,"Ramos , Airvin Josh  Guemo",2017-12-16,Male,"Barangay VII","City of Vigan",1,2026-09-28T13:16:48.28094+00:00,MERGE SERVICES TO PRIMARY
EXACT_MATCH,EXACT-GRP-306,94621,"Purugganan, Jaina Marie Ingel",2016-10-25,Female,"San Julian Norte","City of Vigan",1,2026-05-08T18:24:16.445145+00:00,KEEP (Primary)
EXACT_MATCH,EXACT-GRP-306,136346,"PURUGGANAN,JAINA MARIE, INGEL",2016-10-25,Female,"San Julian Norte","City of Vigan",1,2026-05-24T00:51:15.835019+00:00,MERGE SERVICES TO PRIMARY
EXACT_MATCH,EXACT-GRP-307,94722,"Arellano, Aiden Zachary",2025-01-06,Male,"San Julian Norte","City of Vigan",2,2026-05-08T18:24:16.445145+00:00,KEEP (Primary)
EXACT_MATCH,EXACT-GRP-307,306118,"ARELLANO,AIDEN ZACHARY",2025-01-06,Male,"San Julian Norte","City of Vigan",1,2026-09-26T17:03:58.134301+00:00,MERGE SERVICES TO PRIMARY
EXACT_MATCH,EXACT-GRP-308,94980,"Sales, Unica Siembre",2016-01-24,Female,"San Julian Norte","City of Vigan",1,2026-05-08T20:21:22.260199+00:00,KEEP (Primary)
EXACT_MATCH,EXACT-GRP-308,136350,"SALES,UNICA, SIEMBRE",2016-01-24,Female,"San Julian Norte","City of Vigan",1,2026-05-24T00:51:15.835019+00:00,MERGE SERVICES TO PRIMARY
EXACT_MATCH,EXACT-GRP-309,95361,"AYUNGUI FORTUNATO CABRALES",1959-10-14,Male,"Purok-a-bassit","City of Vigan",1,2026-05-08T23:23:38.7858+00:00,KEEP (Primary)
EXACT_MATCH,EXACT-GRP-309,310261,"Ayungui, Fortunato Cabrales",1959-10-14,Male,"Purok-a-bassit","City of Vigan",1,2026-09-27T07:09:47.455431+00:00,MERGE SERVICES TO PRIMARY
EXACT_MATCH,EXACT-GRP-310,95372,"DELA CUEVA JAZZLYN AVERY TIPON",2024-06-28,Female,"Purok-a-bassit","City of Vigan",1,2026-05-08T23:23:38.7858+00:00,KEEP (Primary)
EXACT_MATCH,EXACT-GRP-310,304507,"Dela Cueva, Jazzlyn Avery Tipon",2024-06-28,Female,"Purok-a-bassit","City of Vigan",1,2026-09-26T12:05:01.772409+00:00,MERGE SERVICES TO PRIMARY
EXACT_MATCH,EXACT-GRP-311,310212,"Argallon, Adela Ayungi",1980-09-08,Female,"Purok-a-bassit","City of Vigan",2,2026-09-27T07:09:47.455431+00:00,KEEP (Primary)
EXACT_MATCH,EXACT-GRP-311,95381,"ARGALLON ADELA AYUNGI",1980-09-08,Female,"Purok-a-bassit","City of Vigan",1,2026-05-08T23:23:38.7858+00:00,MERGE SERVICES TO PRIMARY
EXACT_MATCH,EXACT-GRP-312,95390,"TON CHALVIN GEIAN ARGALLON",2023-03-02,Male,"Purok-a-bassit","City of Vigan",2,2026-05-08T23:23:38.7858+00:00,KEEP (Primary)
EXACT_MATCH,EXACT-GRP-312,304495,"Ton, Chalvin Geian Argallon",2023-03-02,Male,"Purok-a-bassit","City of Vigan",1,2026-09-26T12:05:01.772409+00:00,MERGE SERVICES TO PRIMARY
EXACT_MATCH,EXACT-GRP-313,95412,"CATANDIJAN MARILOU FELISCO",1980-12-28,Female,"Purok-a-bassit","City of Vigan",1,2026-05-08T23:23:38.7858+00:00,KEEP (Primary)
EXACT_MATCH,EXACT-GRP-313,310227,"Catandijan, Marilou Felisco",1980-12-28,Female,"Purok-a-bassit","City of Vigan",1,2026-09-27T07:09:47.455431+00:00,MERGE SERVICES TO PRIMARY
EXACT_MATCH,EXACT-GRP-314,95420,"RAYRAY JOHN ROLAN CABRALES",2004-09-28,Male,"Purok-a-bassit","City of Vigan",1,2026-05-08T23:23:38.7858+00:00,KEEP (Primary)
EXACT_MATCH,EXACT-GRP-314,310269,"Rayray, John Rolan Cabrales",2004-09-28,Male,"Purok-a-bassit","City of Vigan",1,2026-09-27T07:09:47.455431+00:00,MERGE SERVICES TO PRIMARY
EXACT_MATCH,EXACT-GRP-315,95431,"ARGALLON JOSEPH PINZON",1981-09-27,Male,"Purok-a-bassit","City of Vigan",1,2026-05-08T23:23:38.7858+00:00,KEEP (Primary)
EXACT_MATCH,EXACT-GRP-315,310284,"Argallon, Joseph Pinzon",1981-09-27,Male,"Purok-a-bassit","City of Vigan",1,2026-09-27T07:09:47.455431+00:00,MERGE SERVICES TO PRIMARY
EXACT_MATCH,EXACT-GRP-316,95435,"NATIVIDAD REYNALDO CASTILLO",1953-07-26,Male,"Purok-a-bassit","City of Vigan",1,2026-05-08T23:23:38.7858+00:00,KEEP (Primary)
EXACT_MATCH,EXACT-GRP-316,310220,"Natividad, Reynaldo Castillo",1953-07-26,Male,"Purok-a-bassit","City of Vigan",1,2026-09-27T07:09:47.455431+00:00,MERGE SERVICES TO PRIMARY
EXACT_MATCH,EXACT-GRP-317,95450,"PAJO LEA FAYE QUIDOLIT",2003-02-22,Female,"Purok-a-bassit","City of Vigan",1,2026-05-08T23:23:38.7858+00:00,KEEP (Primary)
EXACT_MATCH,EXACT-GRP-317,310274,"Pajo, Lea Faye Quidolit",2003-02-22,Female,"Purok-a-bassit","City of Vigan",1,2026-09-27T07:09:47.455431+00:00,MERGE SERVICES TO PRIMARY
EXACT_MATCH,EXACT-GRP-318,95458,"GELACIO MICHELLE PAJO",2017-12-04,Female,"Purok-a-bassit","City of Vigan",1,2026-05-08T23:23:38.7858+00:00,KEEP (Primary)
EXACT_MATCH,EXACT-GRP-318,310201,"Gelacio, Michelle Pajo",2017-12-04,Female,"Purok-a-bassit","City of Vigan",1,2026-09-27T07:09:47.455431+00:00,MERGE SERVICES TO PRIMARY
EXACT_MATCH,EXACT-GRP-319,310248,"Mercurio, Salome Pajo",1961-10-22,Female,"Purok-a-bassit","City of Vigan",2,2026-09-27T07:09:47.455431+00:00,KEEP (Primary)
EXACT_MATCH,EXACT-GRP-319,95461,"MERCURIO SALOME PAJO",1961-10-22,Female,"Purok-a-bassit","City of Vigan",1,2026-05-08T23:23:38.7858+00:00,MERGE SERVICES TO PRIMARY
EXACT_MATCH,EXACT-GRP-320,95465,"SINGH KISHAN ZANE MERCURIO",2014-10-24,Male,"Purok-a-bassit","City of Vigan",1,2026-05-08T23:23:38.7858+00:00,KEEP (Primary)
EXACT_MATCH,EXACT-GRP-320,99658,"Singh, Kishan Zane Mercurio",2014-10-24,Male,"San Jose","City of Vigan",1,2026-05-10T13:36:01.112343+00:00,MERGE SERVICES TO PRIMARY
EXACT_MATCH,EXACT-GRP-321,95478,"CABRALES FERNAN PAJO",1992-03-20,Male,"Purok-a-bassit","City of Vigan",1,2026-05-08T23:23:38.7858+00:00,KEEP (Primary)
EXACT_MATCH,EXACT-GRP-321,310228,"Cabrales, Fernan Pajo",1992-03-20,Male,"Purok-a-bassit","City of Vigan",1,2026-09-27T07:09:47.455431+00:00,MERGE SERVICES TO PRIMARY
EXACT_MATCH,EXACT-GRP-322,95486,"PAJO KAZELYN",1995-06-19,Female,"Purok-a-bassit","City of Vigan",1,2026-05-08T23:23:38.7858+00:00,KEEP (Primary)
EXACT_MATCH,EXACT-GRP-322,310286,"Pajo, Kazelyn",1995-06-19,Female,"Purok-a-bassit","City of Vigan",1,2026-09-27T07:09:47.455431+00:00,MERGE SERVICES TO PRIMARY
EXACT_MATCH,EXACT-GRP-323,95506,"ROJO HERMIA FAYE PAJO",2003-03-08,Female,"Purok-a-bassit","City of Vigan",1,2026-05-08T23:23:38.7858+00:00,KEEP (Primary)
EXACT_MATCH,EXACT-GRP-323,310278,"Rojo, Hermia Faye Pajo",2003-03-08,Female,"Purok-a-bassit","City of Vigan",1,2026-09-27T07:09:47.455431+00:00,MERGE SERVICES TO PRIMARY
EXACT_MATCH,EXACT-GRP-324,95515,"INES KING LOUISE SARANILLA",2023-11-17,Male,"Purok-a-bassit","City of Vigan",1,2026-05-08T23:23:38.7858+00:00,KEEP (Primary)
EXACT_MATCH,EXACT-GRP-324,304498,"Ines, King Louise Saranilla",2023-11-17,Male,"Purok-a-bassit","City of Vigan",1,2026-09-26T12:05:01.772409+00:00,MERGE SERVICES TO PRIMARY
EXACT_MATCH,EXACT-GRP-325,304992,"Parel, Amelita Alones",1973-01-28,Female,"Paoa","City of Vigan",2,2026-09-26T13:44:26.803541+00:00,KEEP (Primary)
EXACT_MATCH,EXACT-GRP-325,95526,"PAREL AMELITA ALONES",1973-01-28,Female,"Purok-a-bassit","City of Vigan",1,2026-05-08T23:23:38.7858+00:00,MERGE SERVICES TO PRIMARY
EXACT_MATCH,EXACT-GRP-326,95535,"TUQUERO MATTHEW AYAT",2017-05-25,Male,"Purok-a-bassit","City of Vigan",1,2026-05-08T23:23:38.7858+00:00,KEEP (Primary)
EXACT_MATCH,EXACT-GRP-326,310234,"Tuquero, Matthew Ayat",2017-05-25,Male,"Purok-a-bassit","City of Vigan",1,2026-09-27T07:09:47.455431+00:00,MERGE SERVICES TO PRIMARY
EXACT_MATCH,EXACT-GRP-327,95538,"PAJO ALEX CABRALES",1973-06-27,Male,"Purok-a-bassit","City of Vigan",1,2026-05-08T23:23:38.7858+00:00,KEEP (Primary)
EXACT_MATCH,EXACT-GRP-327,310270,"Pajo, Alex Cabrales",1973-06-27,Male,"Purok-a-bassit","City of Vigan",1,2026-09-27T07:09:47.455431+00:00,MERGE SERVICES TO PRIMARY
EXACT_MATCH,EXACT-GRP-328,95540,"PAJO AIZEL ANN ARCAPARLAS",1999-11-19,Female,"Purok-a-bassit","City of Vigan",1,2026-05-08T23:23:38.7858+00:00,KEEP (Primary)
EXACT_MATCH,EXACT-GRP-328,310242,"Pajo, Aizel Ann Arcaparlas",1999-11-19,Female,"Purok-a-bassit","City of Vigan",1,2026-09-27T07:09:47.455431+00:00,MERGE SERVICES TO PRIMARY
EXACT_MATCH,EXACT-GRP-329,95553,"INCIONG MALOU SABADO",1983-12-23,Female,"Purok-a-bassit","City of Vigan",1,2026-05-08T23:23:38.7858+00:00,KEEP (Primary)
EXACT_MATCH,EXACT-GRP-329,310221,"Inciong, Malou Sabado",1983-12-23,Female,"Purok-a-bassit","City of Vigan",1,2026-09-27T07:09:47.455431+00:00,MERGE SERVICES TO PRIMARY
EXACT_MATCH,EXACT-GRP-330,310222,"Pajo, Filomena Quiacusan",1950-09-06,Female,"Purok-a-bassit","City of Vigan",2,2026-09-27T07:09:47.455431+00:00,KEEP (Primary)
EXACT_MATCH,EXACT-GRP-330,95567,"PAJO FILOMENA QUIACUSAN",1950-09-06,Female,"Purok-a-bassit","City of Vigan",1,2026-05-08T23:23:38.7858+00:00,MERGE SERVICES TO PRIMARY
EXACT_MATCH,EXACT-GRP-331,95570,"PAJO MARVIN PINZON",1983-12-18,Male,"Purok-a-bassit","City of Vigan",1,2026-05-08T23:23:38.7858+00:00,KEEP (Primary)
EXACT_MATCH,EXACT-GRP-331,310237,"Pajo, Marvin Pinzon",1983-12-18,Male,"Purok-a-bassit","City of Vigan",1,2026-09-27T07:09:47.455431+00:00,MERGE SERVICES TO PRIMARY
EXACT_MATCH,EXACT-GRP-332,95571,"PAJO JOEVILYN PETATE",1979-08-17,Female,"Purok-a-bassit","City of Vigan",1,2026-05-08T23:23:38.7858+00:00,KEEP (Primary)
EXACT_MATCH,EXACT-GRP-332,310223,"Pajo, Joevilyn Petate",1979-08-17,Female,"Purok-a-bassit","City of Vigan",1,2026-09-27T07:09:47.455431+00:00,MERGE SERVICES TO PRIMARY
EXACT_MATCH,EXACT-GRP-333,95581,"PAJO FELY PALACPAC",1979-12-30,Female,"Purok-a-bassit","City of Vigan",1,2026-05-08T23:23:38.7858+00:00,KEEP (Primary)
EXACT_MATCH,EXACT-GRP-333,310268,"Pajo, Fely Palacpac",1979-12-30,Female,"Purok-a-bassit","City of Vigan",1,2026-09-27T07:09:47.455431+00:00,MERGE SERVICES TO PRIMARY
EXACT_MATCH,EXACT-GRP-334,304490,"Abapo, Caden Xandrey Villanueva",2025-08-01,Male,"Purok-a-bassit","City of Vigan",2,2026-09-26T12:05:01.772409+00:00,KEEP (Primary)
EXACT_MATCH,EXACT-GRP-334,95613,"ABAPO CADEN XANDREY VILLANUEVA",2025-08-01,Male,"Purok-a-bassit","City of Vigan",1,2026-05-08T23:23:38.7858+00:00,MERGE SERVICES TO PRIMARY
EXACT_MATCH,EXACT-GRP-335,95622,"AUSTRIA ARNELLA LIAM TAMAG",2023-10-10,Female,"Purok-a-bassit","City of Vigan",1,2026-05-08T23:23:38.7858+00:00,KEEP (Primary)
EXACT_MATCH,EXACT-GRP-335,304505,"Austria, Arnella Liam Tamag",2023-10-10,Female,"Purok-a-bassit","City of Vigan",1,2026-09-26T12:05:01.772409+00:00,MERGE SERVICES TO PRIMARY
EXACT_MATCH,EXACT-GRP-336,310225,"Pajo, Flora Argallon",1954-12-14,Female,"Purok-a-bassit","City of Vigan",3,2026-09-27T07:09:47.455431+00:00,KEEP (Primary)
EXACT_MATCH,EXACT-GRP-336,95638,"PAJO FLORA ARGALLON",1954-12-14,Female,"Purok-a-bassit","City of Vigan",1,2026-05-08T23:23:38.7858+00:00,MERGE SERVICES TO PRIMARY
EXACT_MATCH,EXACT-GRP-337,95641,"PAJO EDUARDO ARGALLON",1968-02-18,Male,"Purok-a-bassit","City of Vigan",1,2026-05-08T23:23:38.7858+00:00,KEEP (Primary)
EXACT_MATCH,EXACT-GRP-337,310203,"Pajo, Eduardo Argallon",1968-02-18,Male,"Purok-a-bassit","City of Vigan",1,2026-09-27T07:09:47.455431+00:00,MERGE SERVICES TO PRIMARY
EXACT_MATCH,EXACT-GRP-338,95646,"RIVETA FELICIDAD PAJO",1956-03-06,Female,"Purok-a-bassit","City of Vigan",1,2026-05-08T23:23:38.7858+00:00,KEEP (Primary)
EXACT_MATCH,EXACT-GRP-338,310273,"Riveta, Felicidad Pajo",1956-03-06,Female,"Purok-a-bassit","City of Vigan",1,2026-09-27T07:09:47.455431+00:00,MERGE SERVICES TO PRIMARY
EXACT_MATCH,EXACT-GRP-339,95649,"RIVETA TERESITA RAFANAN",1952-07-26,Female,"Purok-a-bassit","City of Vigan",1,2026-05-08T23:23:38.7858+00:00,KEEP (Primary)
EXACT_MATCH,EXACT-GRP-339,310202,"Riveta, Teresita Rafanan",1952-07-26,Female,"Purok-a-bassit","City of Vigan",1,2026-09-27T07:09:47.455431+00:00,MERGE SERVICES TO PRIMARY
EXACT_MATCH,EXACT-GRP-340,95660,"AMATE ELAINE MANALO",2001-03-19,Female,"Purok-a-bassit","City of Vigan",1,2026-05-08T23:23:38.7858+00:00,KEEP (Primary)
EXACT_MATCH,EXACT-GRP-340,310232,"Amate, Elaine Manalo",2001-03-19,Female,"Purok-a-bassit","City of Vigan",1,2026-09-27T07:09:47.455431+00:00,MERGE SERVICES TO PRIMARY
EXACT_MATCH,EXACT-GRP-341,95669,"FIELDAD KOBE AIDAN VIJUAN",2020-02-13,Male,"Purok-a-bassit","City of Vigan",1,2026-05-08T23:23:38.7858+00:00,KEEP (Primary)
EXACT_MATCH,EXACT-GRP-341,310289,"Fieldad, Kobe Aidan Vijuan",2020-02-13,Male,"Purok-a-bassit","City of Vigan",1,2026-09-27T07:09:47.455431+00:00,MERGE SERVICES TO PRIMARY
EXACT_MATCH,EXACT-GRP-342,95674,"PINZON EUGENE MOJICA",1996-03-18,Male,"Purok-a-bassit","City of Vigan",1,2026-05-08T23:23:38.7858+00:00,KEEP (Primary)
EXACT_MATCH,EXACT-GRP-342,310199,"Pinzon, Eugene Mojica",1996-03-18,Male,"Purok-a-bassit","City of Vigan",1,2026-09-27T07:09:47.455431+00:00,MERGE SERVICES TO PRIMARY
EXACT_MATCH,EXACT-GRP-343,95731,"MARZAN RODA REYNANTE",1974-12-12,Female,"Purok-a-bassit","City of Vigan",1,2026-05-08T23:27:08.191258+00:00,KEEP (Primary)
EXACT_MATCH,EXACT-GRP-343,310267,"Marzan, Roda Reynante",1974-12-12,Female,"Purok-a-bassit","City of Vigan",1,2026-09-27T07:09:47.455431+00:00,MERGE SERVICES TO PRIMARY
EXACT_MATCH,EXACT-GRP-344,310276,"Figares, Leonora Tubog",1977-10-26,Female,"Purok-a-bassit","City of Vigan",2,2026-09-27T07:09:47.455431+00:00,KEEP (Primary)
EXACT_MATCH,EXACT-GRP-344,95744,"FIGARES LEONORA TUBOG",1977-10-26,Female,"Purok-a-bassit","City of Vigan",1,2026-05-08T23:27:08.191258+00:00,MERGE SERVICES TO PRIMARY
EXACT_MATCH,EXACT-GRP-345,95747,"NATIVIDAD FERNANDO PALACPAC",1952-03-01,Male,"Purok-a-bassit","City of Vigan",1,2026-05-08T23:27:08.191258+00:00,KEEP (Primary)
EXACT_MATCH,EXACT-GRP-345,310277,"Natividad, Fernando Palacpac",1952-03-01,Male,"Purok-a-bassit","City of Vigan",1,2026-09-27T07:09:47.455431+00:00,MERGE SERVICES TO PRIMARY
EXACT_MATCH,EXACT-GRP-346,95748,"PINZON PINA TABUNAR",1965-03-12,Female,"Purok-a-bassit","City of Vigan",1,2026-05-08T23:27:08.191258+00:00,KEEP (Primary)
EXACT_MATCH,EXACT-GRP-346,310257,"Pinzon, Pina Tabunar",1965-03-12,Female,"Purok-a-bassit","City of Vigan",1,2026-09-27T07:09:47.455431+00:00,MERGE SERVICES TO PRIMARY
EXACT_MATCH,EXACT-GRP-347,95775,"PERIDO FRANCES JHOANA AMANO",2005-09-22,Female,"Purok-a-bassit","City of Vigan",1,2026-05-08T23:27:08.191258+00:00,KEEP (Primary)
EXACT_MATCH,EXACT-GRP-347,310231,"Perido, Frances Jhoana Amano",2005-09-22,Female,"Purok-a-bassit","City of Vigan",1,2026-09-27T07:09:47.455431+00:00,MERGE SERVICES TO PRIMARY
EXACT_MATCH,EXACT-GRP-348,95776,"PERIDO FRANCIS JOHAN AMANO",2019-10-03,Male,"Purok-a-bassit","City of Vigan",1,2026-05-08T23:27:08.191258+00:00,KEEP (Primary)
EXACT_MATCH,EXACT-GRP-348,310230,"Perido, Francis Johan Amano",2019-10-03,Male,"Purok-a-bassit","City of Vigan",1,2026-09-27T07:09:47.455431+00:00,MERGE SERVICES TO PRIMARY
EXACT_MATCH,EXACT-GRP-349,95791,"ARGALLON AURELIO PANELA",1953-09-27,Male,"Purok-a-bassit","City of Vigan",1,2026-05-08T23:27:08.191258+00:00,KEEP (Primary)
EXACT_MATCH,EXACT-GRP-349,310211,"Argallon, Aurelio Panela",1953-09-27,Male,"Purok-a-bassit","City of Vigan",1,2026-09-27T07:09:47.455431+00:00,MERGE SERVICES TO PRIMARY
EXACT_MATCH,EXACT-GRP-350,95804,"CABRALES SHAUN PAULO INCIONG",2018-07-11,Male,"Purok-a-bassit","City of Vigan",1,2026-05-08T23:27:08.191258+00:00,KEEP (Primary)
EXACT_MATCH,EXACT-GRP-350,310226,"Cabrales, Shaun Paulo Inciong",2018-07-11,Male,"Purok-a-bassit","City of Vigan",1,2026-09-27T07:09:47.455431+00:00,MERGE SERVICES TO PRIMARY
EXACT_MATCH,EXACT-GRP-351,310275,"Palacpac, Danny Jimenez",1964-11-09,Male,"Purok-a-bassit","City of Vigan",2,2026-09-27T07:09:47.455431+00:00,KEEP (Primary)
EXACT_MATCH,EXACT-GRP-351,95822,"PALACPAC DANNY JIMENEZ",1964-11-09,Male,"Purok-a-bassit","City of Vigan",1,2026-05-08T23:27:08.191258+00:00,MERGE SERVICES TO PRIMARY
EXACT_MATCH,EXACT-GRP-352,304502,"Pinzon, Heaven Grace Morillo",2022-04-07,Female,"Purok-a-bassit","City of Vigan",2,2026-09-26T12:05:01.772409+00:00,KEEP (Primary)
EXACT_MATCH,EXACT-GRP-352,95841,"PINZON HEAVEN GRACE MORILLO",2022-04-07,Female,"Purok-a-bassit","City of Vigan",1,2026-05-08T23:27:08.191258+00:00,MERGE SERVICES TO PRIMARY
EXACT_MATCH,EXACT-GRP-353,96185,"Raquepo, Nadine Caballero",2003-12-11,Female,"Capangpangan","City of Vigan",1,2026-05-09T05:10:19.26877+00:00,KEEP (Primary)
EXACT_MATCH,EXACT-GRP-353,303655,"Raquepo, Nadine  Caballero",2003-12-11,Female,"Barangay VI","City of Vigan",1,2026-09-26T05:36:08.072839+00:00,MERGE SERVICES TO PRIMARY
EXACT_MATCH,EXACT-GRP-354,96231,"Gaan, Krystal Gayle Cayumba",2014-08-27,Female,"Capangpangan","City of Vigan",1,2026-05-09T05:10:19.26877+00:00,KEEP (Primary)
EXACT_MATCH,EXACT-GRP-354,229858,"GAAN , KRYSTAL GAYLE CAYUMBA",2014-08-27,Female,"Capangpangan","City of Vigan",0,2026-06-26T14:49:05.970234+00:00,SAFE TO REMOVE (Empty Shell)
EXACT_MATCH,EXACT-GRP-355,96265,"Burbano, Ryleigh Jaze Bermudez",2025-02-01,Male,"Capangpangan","City of Vigan",2,2026-05-09T05:10:19.26877+00:00,KEEP (Primary)
EXACT_MATCH,EXACT-GRP-355,96783,"Burbano, Ryleigh Jaze, Bermudez",2025-02-01,Male,"Capangpangan","City of Vigan",1,2026-05-09T05:10:20.6829+00:00,MERGE SERVICES TO PRIMARY
EXACT_MATCH,EXACT-GRP-356,96272,"Arce, Zain Aurelius Mena",2023-03-29,Female,"Capangpangan","City of Vigan",1,2026-05-09T05:10:19.26877+00:00,KEEP (Primary)
EXACT_MATCH,EXACT-GRP-356,306908,"Arce, Zain Aurelius Meña",2023-03-29,Male,"Capangpangan","City of Vigan",1,2026-09-27T01:00:08.576953+00:00,MERGE SERVICES TO PRIMARY
EXACT_MATCH,EXACT-GRP-357,96353,"Agcaoili, Tana Flor Amoroso",2024-04-03,Female,"Capangpangan","City of Vigan",1,2026-05-09T05:10:19.26877+00:00,KEEP (Primary)
EXACT_MATCH,EXACT-GRP-357,96785,"Agcaoili, Tana Flor, Amoroso",2024-04-03,Female,"Capangpangan","City of Vigan",1,2026-05-09T05:10:20.6829+00:00,MERGE SERVICES TO PRIMARY
EXACT_MATCH,EXACT-GRP-358,96415,"Dela Rosa, Kent Viantin Matthew N/a",2024-05-08,Male,"Capangpangan","City of Vigan",1,2026-05-09T05:10:19.26877+00:00,KEEP (Primary)
EXACT_MATCH,EXACT-GRP-358,96781,"Dela Rosa, Kent Viantin Matthew, N/a",2024-05-08,Male,"Capangpangan","City of Vigan",1,2026-05-09T05:10:20.6829+00:00,MERGE SERVICES TO PRIMARY
EXACT_MATCH,EXACT-GRP-359,96429,"Cuarton, Prince Gavin Andres",2022-08-15,Male,"Capangpangan","City of Vigan",3,2026-05-09T05:10:19.26877+00:00,KEEP (Primary)
EXACT_MATCH,EXACT-GRP-359,96786,"Cuarton, Prince Gavin, Andres",2022-08-15,Male,"Capangpangan","City of Vigan",1,2026-05-09T05:10:20.6829+00:00,MERGE SERVICES TO PRIMARY
EXACT_MATCH,EXACT-GRP-360,96464,"Aludo, Noah Aniceto",2020-06-16,Male,"Capangpangan","City of Vigan",1,2026-05-09T05:10:19.26877+00:00,KEEP (Primary)
EXACT_MATCH,EXACT-GRP-360,96788,"Aludo, Noah, Aniceto",2020-06-16,Male,"Capangpangan","City of Vigan",1,2026-05-09T05:10:20.6829+00:00,MERGE SERVICES TO PRIMARY
EXACT_MATCH,EXACT-GRP-361,96481,"Rongcales, Arabella Utanes",2025-01-05,Female,"Capangpangan","City of Vigan",1,2026-05-09T05:10:19.26877+00:00,KEEP (Primary)
EXACT_MATCH,EXACT-GRP-361,96770,"Rongcales, Arabella, Utanes",2025-01-05,Female,"Capangpangan","City of Vigan",1,2026-05-09T05:10:20.6829+00:00,MERGE SERVICES TO PRIMARY
EXACT_MATCH,EXACT-GRP-362,96500,"Decena, Zian Nicolai Bermudez",2024-05-24,Male,"Capangpangan","City of Vigan",1,2026-05-09T05:10:19.26877+00:00,KEEP (Primary)
EXACT_MATCH,EXACT-GRP-362,96549,"Decena, Zian Nicolai, Bermudez",2024-05-24,Female,"Capangpangan","City of Vigan",1,2026-05-09T05:10:19.26877+00:00,MERGE SERVICES TO PRIMARY
EXACT_MATCH,EXACT-GRP-363,306826,"Pardo, Sevier Eran Amoroso",2025-05-20,Male,"Capangpangan","City of Vigan",2,2026-09-27T00:55:21.790398+00:00,KEEP (Primary)
EXACT_MATCH,EXACT-GRP-363,96767,"Pardo, Sevier Eran, Amoroso",2025-05-20,Male,"Capangpangan","City of Vigan",1,2026-05-09T05:10:20.6829+00:00,MERGE SERVICES TO PRIMARY
EXACT_MATCH,EXACT-GRP-364,96777,"Ubarre, Mike Russel, Dizon",2025-01-21,Male,"Capangpangan","City of Vigan",1,2026-05-09T05:10:20.6829+00:00,KEEP (Primary)
EXACT_MATCH,EXACT-GRP-364,306847,"Ubarre, Mike Russel Dizon",2025-01-21,Male,"Capangpangan","City of Vigan",1,2026-09-27T00:55:21.790398+00:00,MERGE SERVICES TO PRIMARY
EXACT_MATCH,EXACT-GRP-365,96790,"Amano, Neil Oliveson",2024-05-25,Male,"Capangpangan","City of Vigan",1,2026-05-09T05:10:20.6829+00:00,KEEP (Primary)
EXACT_MATCH,EXACT-GRP-365,96909,"AMANO. NEIL OLIVESON",2024-05-25,Male,"Capangpangan","City of Vigan",1,2026-05-09T05:10:20.6829+00:00,MERGE SERVICES TO PRIMARY
EXACT_MATCH,EXACT-GRP-366,96793,"Aludo, Noah",2020-06-16,Male,"Capangpangan","City of Vigan",1,2026-05-09T05:10:20.6829+00:00,KEEP (Primary)
EXACT_MATCH,EXACT-GRP-366,96911,"ALUDO NOAH",2020-06-16,Male,"Capangpangan","City of Vigan",1,2026-05-09T05:10:20.6829+00:00,MERGE SERVICES TO PRIMARY
EXACT_MATCH,EXACT-GRP-367,96794,"Alquetra, Madison Caittin",2020-03-10,Female,"Capangpangan","City of Vigan",1,2026-05-09T05:10:20.6829+00:00,KEEP (Primary)
EXACT_MATCH,EXACT-GRP-367,96913,"ALQUETRA,MADISON CAITTIN",2020-03-10,Female,"Capangpangan","City of Vigan",1,2026-05-09T05:10:20.6829+00:00,MERGE SERVICES TO PRIMARY
EXACT_MATCH,EXACT-GRP-368,96803,"Arce, Dhea Mytle",2021-08-06,Female,"Capangpangan","City of Vigan",1,2026-05-09T05:10:20.6829+00:00,KEEP (Primary)
EXACT_MATCH,EXACT-GRP-368,96910,"ARCE,DHEA MYTLE",2021-08-06,Female,"Capangpangan","City of Vigan",1,2026-05-09T05:10:20.6829+00:00,MERGE SERVICES TO PRIMARY
EXACT_MATCH,EXACT-GRP-369,96806,"Arce, John Michael",2020-08-25,Male,"Capangpangan","City of Vigan",1,2026-05-09T05:10:20.6829+00:00,KEEP (Primary)
EXACT_MATCH,EXACT-GRP-369,96912,"ARCE,JOHN MICHAEL",2020-08-25,Male,"Capangpangan","City of Vigan",1,2026-05-09T05:10:20.6829+00:00,MERGE SERVICES TO PRIMARY
EXACT_MATCH,EXACT-GRP-370,96807,"Andallo, April Shaira",2020-04-30,Female,"Capangpangan","City of Vigan",1,2026-05-09T05:10:20.6829+00:00,KEEP (Primary)
EXACT_MATCH,EXACT-GRP-370,96914,"ANDALLO,APRIL SHAIRA",2020-04-30,Female,"Capangpangan","City of Vigan",1,2026-05-09T05:10:20.6829+00:00,MERGE SERVICES TO PRIMARY
EXACT_MATCH,EXACT-GRP-371,96820,"Del Castillo, Charles Dane",2020-09-24,Male,"Capangpangan","City of Vigan",1,2026-05-09T05:10:20.6829+00:00,KEEP (Primary)
EXACT_MATCH,EXACT-GRP-371,96922,"DEL CASTILLO CHARLES DANE",2020-09-24,Male,"Capangpangan","City of Vigan",1,2026-05-09T05:10:20.6829+00:00,MERGE SERVICES TO PRIMARY
EXACT_MATCH,EXACT-GRP-372,96821,"Artates, Rain Daniel",2020-04-20,Male,"Capangpangan","City of Vigan",1,2026-05-09T05:10:20.6829+00:00,KEEP (Primary)
EXACT_MATCH,EXACT-GRP-372,96915,"ARTATES RAIN DANIEL",2020-04-20,Male,"Capangpangan","City of Vigan",1,2026-05-09T05:10:20.6829+00:00,MERGE SERVICES TO PRIMARY
EXACT_MATCH,EXACT-GRP-373,96834,"Hora, Layron Josh",2021-11-20,Male,"Capangpangan","City of Vigan",1,2026-05-09T05:10:20.6829+00:00,KEEP (Primary)
EXACT_MATCH,EXACT-GRP-373,96919,"HORA ,LAYRON JOSH",2021-11-20,Male,"Capangpangan","City of Vigan",1,2026-05-09T05:10:20.6829+00:00,MERGE SERVICES TO PRIMARY
EXACT_MATCH,EXACT-GRP-374,96837,"Javellana, Mac John",2020-11-26,Male,"Capangpangan","City of Vigan",1,2026-05-09T05:10:20.6829+00:00,KEEP (Primary)
EXACT_MATCH,EXACT-GRP-374,96923,"JAVELLANA,MAC JOHN",2020-11-26,Male,"Capangpangan","City of Vigan",1,2026-05-09T05:10:20.6829+00:00,MERGE SERVICES TO PRIMARY
EXACT_MATCH,EXACT-GRP-375,96843,"Pascua, Dhevi Tesha",2023-08-20,Female,"Capangpangan","City of Vigan",1,2026-05-09T05:10:20.6829+00:00,KEEP (Primary)
EXACT_MATCH,EXACT-GRP-375,96925,"PASCUA,DHEVI TESHA",2023-08-20,Female,"Capangpangan","City of Vigan",1,2026-05-09T05:10:20.6829+00:00,MERGE SERVICES TO PRIMARY
EXACT_MATCH,EXACT-GRP-376,96850,"Pangilinan, Princess Xhyra Mae",2023-03-06,Female,"Capangpangan","City of Vigan",1,2026-05-09T05:10:20.6829+00:00,KEEP (Primary)
EXACT_MATCH,EXACT-GRP-376,96926,"PANGILINAN,PRINCESS XHYRA MAE",2023-03-06,Female,"Capangpangan","City of Vigan",1,2026-05-09T05:10:20.6829+00:00,MERGE SERVICES TO PRIMARY
EXACT_MATCH,EXACT-GRP-377,96852,"Molina, Miracle Precious",2021-11-02,Female,"Capangpangan","City of Vigan",1,2026-05-09T05:10:20.6829+00:00,KEEP (Primary)
EXACT_MATCH,EXACT-GRP-377,96918,"MOLINA,MIRACLE PRECIOUS",2021-11-02,Female,"Capangpangan","City of Vigan",1,2026-05-09T05:10:20.6829+00:00,MERGE SERVICES TO PRIMARY
EXACT_MATCH,EXACT-GRP-378,96855,"Llanes, Snow Anysia",2020-10-07,Female,"Capangpangan","City of Vigan",1,2026-05-09T05:10:20.6829+00:00,KEEP (Primary)
EXACT_MATCH,EXACT-GRP-378,96920,"LLANES,SNOW ANYSIA",2020-10-07,Female,"Capangpangan","City of Vigan",1,2026-05-09T05:10:20.6829+00:00,MERGE SERVICES TO PRIMARY
EXACT_MATCH,EXACT-GRP-379,96857,"Paz, Jhay Blaze",2020-10-09,Male,"Capangpangan","City of Vigan",1,2026-05-09T05:10:20.6829+00:00,KEEP (Primary)
EXACT_MATCH,EXACT-GRP-379,96929,"PAZ,JHAY BLAZE",2020-10-09,Male,"Capangpangan","City of Vigan",1,2026-05-09T05:10:20.6829+00:00,MERGE SERVICES TO PRIMARY
EXACT_MATCH,EXACT-GRP-380,96859,"Piano, Kylie Celestina",2024-03-02,Female,"Capangpangan","City of Vigan",1,2026-05-09T05:10:20.6829+00:00,KEEP (Primary)
EXACT_MATCH,EXACT-GRP-380,96930,"PIANO. KYLIE CELESTINA",2024-03-02,Female,"Capangpangan","City of Vigan",1,2026-05-09T05:10:20.6829+00:00,MERGE SERVICES TO PRIMARY
EXACT_MATCH,EXACT-GRP-381,96867,"Piano, Dane Mathis Valiente",2021-11-07,Male,"Capangpangan","City of Vigan",1,2026-05-09T05:10:20.6829+00:00,KEEP (Primary)
EXACT_MATCH,EXACT-GRP-381,96931,"PIANO,DANE MATHIS VALIENTE",2021-11-07,Male,"Capangpangan","City of Vigan",1,2026-05-09T05:10:20.6829+00:00,MERGE SERVICES TO PRIMARY
EXACT_MATCH,EXACT-GRP-382,96868,"Pugal, Rustan Jr",2021-12-03,Male,"Capangpangan","City of Vigan",1,2026-05-09T05:10:20.6829+00:00,KEEP (Primary)
EXACT_MATCH,EXACT-GRP-382,96932,"PUGAL, RUSTAN JR.",2021-12-03,Male,"Capangpangan","City of Vigan",1,2026-05-09T05:10:20.6829+00:00,MERGE SERVICES TO PRIMARY
EXACT_MATCH,EXACT-GRP-383,96872,"Ramos, Chiara Jazley",2023-08-04,Female,"Capangpangan","City of Vigan",1,2026-05-09T05:10:20.6829+00:00,KEEP (Primary)
EXACT_MATCH,EXACT-GRP-383,96934,"RAMOS,CHIARA JAZLEY",2023-08-04,Male,"Capangpangan","City of Vigan",1,2026-05-09T05:10:20.6829+00:00,MERGE SERVICES TO PRIMARY
EXACT_MATCH,EXACT-GRP-384,96875,"Ramirez,Elidja Luke",2022-01-21,Male,"Capangpangan","City of Vigan",1,2026-05-09T05:10:20.6829+00:00,KEEP (Primary)
EXACT_MATCH,EXACT-GRP-384,96936,"RAMIREZ, ELIDJA LUKE",2022-01-21,Male,"Capangpangan","City of Vigan",1,2026-05-09T05:10:20.6829+00:00,MERGE SERVICES TO PRIMARY
EXACT_MATCH,EXACT-GRP-385,96876,"Ramos, Jorveelyn",2020-05-16,Female,"Capangpangan","City of Vigan",1,2026-05-09T05:10:20.6829+00:00,KEEP (Primary)
EXACT_MATCH,EXACT-GRP-385,96937,"RAMOS,JORVEELYN",2020-05-16,Female,"Capangpangan","City of Vigan",1,2026-05-09T05:10:20.6829+00:00,MERGE SERVICES TO PRIMARY
EXACT_MATCH,EXACT-GRP-386,96877,"Quimlao, Xavier",2020-11-28,Male,"Capangpangan","City of Vigan",1,2026-05-09T05:10:20.6829+00:00,KEEP (Primary)
EXACT_MATCH,EXACT-GRP-386,96933,"QUIMLAO,XAVIER",2020-11-28,Male,"Capangpangan","City of Vigan",1,2026-05-09T05:10:20.6829+00:00,MERGE SERVICES TO PRIMARY
EXACT_MATCH,EXACT-GRP-387,96881,"Rivad, Jhala Elisse",2022-07-14,Female,"Capangpangan","City of Vigan",1,2026-05-09T05:10:20.6829+00:00,KEEP (Primary)
EXACT_MATCH,EXACT-GRP-387,96935,"RIVAD,JHALA ELISSE",2022-07-14,Female,"Capangpangan","City of Vigan",1,2026-05-09T05:10:20.6829+00:00,MERGE SERVICES TO PRIMARY
EXACT_MATCH,EXACT-GRP-388,96887,"Silvero, Ma Elvira",2020-09-22,Female,"Capangpangan","City of Vigan",1,2026-05-09T05:10:20.6829+00:00,KEEP (Primary)
EXACT_MATCH,EXACT-GRP-388,96948,"SILVERO,MA. ELVIRA",2020-09-22,Female,"Capangpangan","City of Vigan",1,2026-05-09T05:10:20.6829+00:00,MERGE SERVICES TO PRIMARY
EXACT_MATCH,EXACT-GRP-389,96889,"Reolalas, Julius Kyle",2020-03-10,Male,"Capangpangan","City of Vigan",1,2026-05-09T05:10:20.6829+00:00,KEEP (Primary)
EXACT_MATCH,EXACT-GRP-389,96938,"REOLALAS JULIUS KYLE",2020-03-10,Male,"Capangpangan","City of Vigan",1,2026-05-09T05:10:20.6829+00:00,MERGE SERVICES TO PRIMARY
EXACT_MATCH,EXACT-GRP-390,96890,"Saraos, Von Ferrie",2020-03-15,Male,"Capangpangan","City of Vigan",1,2026-05-09T05:10:20.6829+00:00,KEEP (Primary)
EXACT_MATCH,EXACT-GRP-390,96939,"SARAOS,VON FERRIE",2020-03-15,Male,"Capangpangan","City of Vigan",1,2026-05-09T05:10:20.6829+00:00,MERGE SERVICES TO PRIMARY
EXACT_MATCH,EXACT-GRP-391,96892,"Tadena, Ma. Emmanuella",2024-01-06,Female,"Capangpangan","City of Vigan",1,2026-05-09T05:10:20.6829+00:00,KEEP (Primary)
EXACT_MATCH,EXACT-GRP-391,96944,"TADENA, MA.EMMANUELLA",2024-01-06,Female,"Capangpangan","City of Vigan",1,2026-05-09T05:10:20.6829+00:00,MERGE SERVICES TO PRIMARY
EXACT_MATCH,EXACT-GRP-392,96895,"Ulita, Zania Kate",2022-09-24,Male,"Capangpangan","City of Vigan",1,2026-05-09T05:10:20.6829+00:00,KEEP (Primary)
EXACT_MATCH,EXACT-GRP-392,96945,"ULITA,ZANIA KATE",2022-09-24,Female,"Capangpangan","City of Vigan",1,2026-05-09T05:10:20.6829+00:00,MERGE SERVICES TO PRIMARY
EXACT_MATCH,EXACT-GRP-393,96897,"Talania, Alfred Earl",2021-08-07,Male,"Capangpangan","City of Vigan",1,2026-05-09T05:10:20.6829+00:00,KEEP (Primary)
EXACT_MATCH,EXACT-GRP-393,96947,"TALANIA,ALFRED EARL",2021-08-07,Male,"Capangpangan","City of Vigan",1,2026-05-09T05:10:20.6829+00:00,MERGE SERVICES TO PRIMARY
EXACT_MATCH,EXACT-GRP-394,96900,"Torio, Keithlyn Jade",2020-12-15,Female,"Capangpangan","City of Vigan",1,2026-05-09T05:10:20.6829+00:00,KEEP (Primary)
EXACT_MATCH,EXACT-GRP-394,96949,"TORIO,KEITHLYN JADE",2020-12-15,Female,"Capangpangan","City of Vigan",1,2026-05-09T05:10:20.6829+00:00,MERGE SERVICES TO PRIMARY
EXACT_MATCH,EXACT-GRP-395,96901,"Ulita, Ziros Jhon",2020-05-19,Female,"Capangpangan","City of Vigan",1,2026-05-09T05:10:20.6829+00:00,KEEP (Primary)
EXACT_MATCH,EXACT-GRP-395,96951,"ULITA ZIROS JHON",2020-05-19,Male,"Capangpangan","City of Vigan",1,2026-05-09T05:10:20.6829+00:00,MERGE SERVICES TO PRIMARY
EXACT_MATCH,EXACT-GRP-396,96902,"Zeus, Matty Aslor",2020-02-22,Male,"Capangpangan","City of Vigan",1,2026-05-09T05:10:20.6829+00:00,KEEP (Primary)
EXACT_MATCH,EXACT-GRP-396,96952,"ZEUS MATTY ASLOR",2020-02-22,Male,"Capangpangan","City of Vigan",1,2026-05-09T05:10:20.6829+00:00,MERGE SERVICES TO PRIMARY
EXACT_MATCH,EXACT-GRP-397,96953,"Pula, Jong Jong Puzon",1992-07-27,Male,"Capangpangan","City of Vigan",1,2026-05-09T05:10:20.6829+00:00,KEEP (Primary)
EXACT_MATCH,EXACT-GRP-397,97156,"PULA, JONG-JONG PUZON",1992-07-27,Male,"Capangpangan","City of Vigan",1,2026-05-09T06:15:25.279506+00:00,MERGE SERVICES TO PRIMARY
EXACT_MATCH,EXACT-GRP-398,97071,"RAGON, ROSE-ANN FIELDAD",1999-01-25,Female,"Capangpangan","City of Vigan",1,2026-05-09T06:15:25.279506+00:00,KEEP (Primary)
EXACT_MATCH,EXACT-GRP-398,306032,"Ragon, Rose Ann Fieldad",1999-01-25,Female,"Barangay III","City of Vigan",1,2026-09-26T15:01:22.497206+00:00,MERGE SERVICES TO PRIMARY
EXACT_MATCH,EXACT-GRP-399,97139,"ANICETO, MA. LUISA ALAFRIZ",1994-04-28,Female,"Capangpangan","City of Vigan",1,2026-05-09T06:15:25.279506+00:00,KEEP (Primary)
EXACT_MATCH,EXACT-GRP-399,306915,"Aniceto, Ma Luisa Alafriz",1994-04-28,Female,"Capangpangan","City of Vigan",1,2026-09-27T01:00:08.576953+00:00,MERGE SERVICES TO PRIMARY
EXACT_MATCH,EXACT-GRP-400,97639,"Taer, Julia Galate",1975-07-01,Female,"Pantay Daya","City of Vigan",1,2026-05-09T08:45:57.595276+00:00,KEEP (Primary)
EXACT_MATCH,EXACT-GRP-400,135576,"Taer , Julia Galate",1975-07-01,Female,"Pantay Daya","City of Vigan",1,2026-05-23T22:35:52.650663+00:00,MERGE SERVICES TO PRIMARY
EXACT_MATCH,EXACT-GRP-401,97645,"Burgos, Maribel Sarmiento",1989-11-08,Female,"Pantay Daya","City of Vigan",1,2026-05-09T08:45:57.595276+00:00,KEEP (Primary)
EXACT_MATCH,EXACT-GRP-401,134690,"Burgos, Maribel  Sarmiento",1989-11-08,Female,"Pantay Daya","City of Vigan",1,2026-05-23T22:35:50.750088+00:00,MERGE SERVICES TO PRIMARY
EXACT_MATCH,EXACT-GRP-402,97680,"Arconado, Ma. Theresa Ramos",2006-10-13,Female,"Pantay Daya","City of Vigan",1,2026-05-09T08:45:57.595276+00:00,KEEP (Primary)
EXACT_MATCH,EXACT-GRP-402,135205,"Arconado, Ma.Theresa Ramos",2006-10-13,Female,"Pantay Daya","City of Vigan",1,2026-05-23T22:35:52.650663+00:00,MERGE SERVICES TO PRIMARY
EXACT_MATCH,EXACT-GRP-403,97729,"Molina, Ma Theresa Rojas",1999-04-22,Female,"Pantay Daya","City of Vigan",4,2026-05-09T08:45:57.595276+00:00,KEEP (Primary)
EXACT_MATCH,EXACT-GRP-403,134853,"Molina, Ma. Theresa Rojas",1999-04-22,Female,"Pantay Daya","City of Vigan",1,2026-05-23T22:35:50.750088+00:00,MERGE SERVICES TO PRIMARY
EXACT_MATCH,EXACT-GRP-404,97783,"Belarmino, Helen Arzadon",1960-05-03,Female,"Pantay Daya","City of Vigan",2,2026-05-09T08:45:57.595276+00:00,KEEP (Primary)
EXACT_MATCH,EXACT-GRP-404,134496,"Belarmino, Helen  Arzadon",1960-05-03,Female,"Pantay Daya","City of Vigan",1,2026-05-23T22:35:49.535604+00:00,MERGE SERVICES TO PRIMARY
EXACT_MATCH,EXACT-GRP-405,97846,"Amit, Jessaryl Hilario",2002-08-11,Female,"Pantay Daya","City of Vigan",2,2026-05-09T08:45:57.595276+00:00,KEEP (Primary)
EXACT_MATCH,EXACT-GRP-405,134422,"Amit , Jessaryl Hilario",2002-08-11,Female,"Pantay Daya","City of Vigan",1,2026-05-23T22:35:49.535604+00:00,MERGE SERVICES TO PRIMARY
EXACT_MATCH,EXACT-GRP-406,97861,"Aragones, Regina Cruz",1958-01-26,Female,"Pantay Daya","City of Vigan",1,2026-05-09T08:45:57.595276+00:00,KEEP (Primary)
EXACT_MATCH,EXACT-GRP-406,135386,"Aragones, Regina  Cruz",1958-01-26,Female,"Pantay Daya","City of Vigan",1,2026-05-23T22:35:52.650663+00:00,MERGE SERVICES TO PRIMARY
EXACT_MATCH,EXACT-GRP-407,97883,"Tolentino, Mercy Pinto",1984-12-10,Female,"Pantay Daya","City of Vigan",2,2026-05-09T08:45:57.595276+00:00,KEEP (Primary)
EXACT_MATCH,EXACT-GRP-407,133676,"Tolentino , Mercy Pinto",1984-12-10,Female,"Pantay Daya","City of Vigan",2,2026-05-23T22:35:47.630264+00:00,MERGE SERVICES TO PRIMARY
EXACT_MATCH,EXACT-GRP-408,97894,"Tolentino, Esperanza Brillantes",1943-11-15,Female,"Pantay Daya","City of Vigan",2,2026-05-09T08:45:57.595276+00:00,KEEP (Primary)
EXACT_MATCH,EXACT-GRP-408,133674,"Tolentino , Esperanza Brillantes",1943-11-15,Female,"Pantay Daya","City of Vigan",1,2026-05-23T22:35:47.630264+00:00,MERGE SERVICES TO PRIMARY
EXACT_MATCH,EXACT-GRP-409,98039,"Brillantes, Cristina Amigo",1949-07-27,Female,"Pantay Daya","City of Vigan",1,2026-05-09T08:45:57.595276+00:00,KEEP (Primary)
EXACT_MATCH,EXACT-GRP-409,133673,"Brillantes, Cristina  Amigo",1949-07-27,Female,"Pantay Daya","City of Vigan",1,2026-05-23T22:35:47.630264+00:00,MERGE SERVICES TO PRIMARY
EXACT_MATCH,EXACT-GRP-410,98112,"Palo, Elizabeth Raras",1963-01-14,Female,"Pantay Daya","City of Vigan",1,2026-05-09T08:45:59.260172+00:00,KEEP (Primary)
EXACT_MATCH,EXACT-GRP-410,134752,"Palo , Elizabeth Raras",1963-01-14,Female,"Pantay Daya","City of Vigan",1,2026-05-23T22:35:50.750088+00:00,MERGE SERVICES TO PRIMARY
EXACT_MATCH,EXACT-GRP-411,99271,"Galiste, Ma Gwyneth Pilotin",2014-08-24,Female,"Cabalangegan","City of Vigan",3,2026-05-10T10:30:04.352709+00:00,KEEP (Primary)
EXACT_MATCH,EXACT-GRP-411,308174,"GALISTE, MA. GWYNETH PILOTIN",2014-08-24,Female,"Cabalangegan","City of Vigan",2,2026-09-27T02:18:12.589294+00:00,MERGE SERVICES TO PRIMARY
EXACT_MATCH,EXACT-GRP-412,99604,"Paz, Nin New Jay Frando",1992-01-01,Male,"San Jose","City of Vigan",1,2026-05-10T13:36:01.112343+00:00,KEEP (Primary)
EXACT_MATCH,EXACT-GRP-412,307822,"PAZ, NIN-NEW JAY FRANDO",1992-01-01,Male,"San Jose","City of Vigan",1,2026-09-27T01:49:06.259443+00:00,MERGE SERVICES TO PRIMARY
EXACT_MATCH,EXACT-GRP-413,99618,"Pisalbo, John John Bristol",1993-11-16,Male,"San Jose","City of Vigan",1,2026-05-10T13:36:01.112343+00:00,KEEP (Primary)
EXACT_MATCH,EXACT-GRP-413,307766,"PISALBO, JOHN-JOHN BRISTOL",1993-11-16,Male,"San Jose","City of Vigan",1,2026-09-27T01:49:06.259443+00:00,MERGE SERVICES TO PRIMARY
EXACT_MATCH,EXACT-GRP-414,225994,"Alcantara Charmaine Noriega",2001-05-03,Female,"Barangay VII","City of Vigan",2,2026-06-25T11:13:45.270667+00:00,KEEP (Primary)
EXACT_MATCH,EXACT-GRP-414,103261,"Alcantara, Charmaine Noriega",2001-05-03,Female,"Barangay VII","City of Vigan",1,2026-05-12T12:53:03.465288+00:00,MERGE SERVICES TO PRIMARY
EXACT_MATCH,EXACT-GRP-414,317242,"ALCANTARA, CHARMAINE  NORIEGA",2001-05-03,Female,"Barangay VII","City of Vigan",1,2026-09-28T13:16:39.771769+00:00,MERGE SERVICES TO PRIMARY
EXACT_MATCH,EXACT-GRP-415,103262,"Relon, Rodrigo Dela Cruz",1970-04-01,Male,"Barangay VII","City of Vigan",1,2026-05-12T12:53:03.465288+00:00,KEEP (Primary)
EXACT_MATCH,EXACT-GRP-415,318482,"RELON , RODRIGO  DELA CRUZ",1970-04-01,Male,"Barangay VII","City of Vigan",1,2026-09-28T13:16:48.28094+00:00,MERGE SERVICES TO PRIMARY
EXACT_MATCH,EXACT-GRP-416,103293,"Campit, Antonio Riveta",1973-11-28,Male,"Barangay VII","City of Vigan",2,2026-05-12T12:53:03.465288+00:00,KEEP (Primary)
EXACT_MATCH,EXACT-GRP-416,226272,"Campit Antonio Riveta",1973-11-28,Male,"Barangay VII","City of Vigan",2,2026-06-25T11:13:45.270667+00:00,MERGE SERVICES TO PRIMARY
EXACT_MATCH,EXACT-GRP-417,103295,"Bacud, Marielle Avila",2009-08-15,Female,"Barangay VII","City of Vigan",1,2026-05-12T12:53:03.465288+00:00,KEEP (Primary)
EXACT_MATCH,EXACT-GRP-417,317453,"Bacud, Marielle  Avila",2009-08-15,Female,"Barangay VII","City of Vigan",1,2026-09-28T13:16:39.771769+00:00,MERGE SERVICES TO PRIMARY
EXACT_MATCH,EXACT-GRP-418,103297,"Agsalud, Erlinda Aganon",1949-04-15,Female,"Barangay VII","City of Vigan",3,2026-05-12T12:53:03.465288+00:00,KEEP (Primary)
EXACT_MATCH,EXACT-GRP-418,226117,"Agsalud Erlinda Aganon",1949-04-15,Female,"Barangay VII","City of Vigan",1,2026-06-25T11:13:45.270667+00:00,MERGE SERVICES TO PRIMARY
EXACT_MATCH,EXACT-GRP-419,103298,"Bernasol, Maria Aganon",1950-10-22,Female,"Barangay VII","City of Vigan",3,2026-05-12T12:53:03.465288+00:00,KEEP (Primary)
EXACT_MATCH,EXACT-GRP-419,317447,"Bernasol , Maria Aganon",1950-10-22,Female,"Barangay VII","City of Vigan",1,2026-09-28T13:16:39.771769+00:00,MERGE SERVICES TO PRIMARY
EXACT_MATCH,EXACT-GRP-420,103310,"Espiritu, Dyana Bautista",1985-03-09,Female,"Barangay VII","City of Vigan",1,2026-05-12T12:53:03.465288+00:00,KEEP (Primary)
EXACT_MATCH,EXACT-GRP-420,317505,"Espiritu, Dyana  Bautista",1985-03-09,Female,"Barangay VII","City of Vigan",1,2026-09-28T13:16:39.771769+00:00,MERGE SERVICES TO PRIMARY
EXACT_MATCH,EXACT-GRP-421,103311,"De Guzman, Jaime Marzan",1967-01-07,Male,"Barangay VII","City of Vigan",2,2026-05-12T12:53:03.465288+00:00,KEEP (Primary)
EXACT_MATCH,EXACT-GRP-421,226288,"De Guzman Jaime Marzan",1967-01-07,Male,"Barangay VII","City of Vigan",2,2026-06-25T11:13:45.270667+00:00,MERGE SERVICES TO PRIMARY
EXACT_MATCH,EXACT-GRP-422,103319,"Riveta, May Ann Somejo",1982-05-31,Female,"Barangay VII","City of Vigan",3,2026-05-12T12:53:03.465288+00:00,KEEP (Primary)
EXACT_MATCH,EXACT-GRP-422,226053,"Riveta May-Ann Somejo",1982-05-31,Female,"Barangay VII","City of Vigan",2,2026-06-25T11:13:45.270667+00:00,MERGE SERVICES TO PRIMARY
EXACT_MATCH,EXACT-GRP-422,317212,"RIVETA, MAY-ANN SOMEJO",1982-05-31,Female,"Barangay VII","City of Vigan",1,2026-09-28T13:16:39.771769+00:00,MERGE SERVICES TO PRIMARY
EXACT_MATCH,EXACT-GRP-423,103324,"Llanes, Gemma Aspa",1975-09-10,Female,"Barangay VII","City of Vigan",2,2026-05-12T12:53:03.465288+00:00,KEEP (Primary)
EXACT_MATCH,EXACT-GRP-423,317680,"LLANES , GEMMA ASPA",1975-09-10,Female,"Barangay VII","City of Vigan",1,2026-09-28T13:16:44.993661+00:00,MERGE SERVICES TO PRIMARY
EXACT_MATCH,EXACT-GRP-424,112463,"Benzon, Sonny Aquisay",1971-07-25,Male,"Salindeg","City of Vigan",2,2026-05-17T10:58:27.890517+00:00,KEEP (Primary)
EXACT_MATCH,EXACT-GRP-424,223122,"Benzon, Sonny  Aquisay",1971-07-25,Male,"Salindeg","City of Vigan",1,2026-06-24T07:51:26.607208+00:00,MERGE SERVICES TO PRIMARY
EXACT_MATCH,EXACT-GRP-425,131054,"Raposas, Jian Alexis Salcedo",2023-08-18,Male,"San Pedro","City of Vigan",5,2026-05-22T21:06:18.698842+00:00,KEEP (Primary)
EXACT_MATCH,EXACT-GRP-425,219567,"Raposas , Jian Alexis Salcedo",2023-08-18,Male,"San Pedro","City of Vigan",1,2026-06-23T19:39:09.228885+00:00,MERGE SERVICES TO PRIMARY
EXACT_MATCH,EXACT-GRP-426,131094,"Raposas, Elena Magno",1957-03-10,Female,"San Pedro","City of Vigan",4,2026-05-22T21:06:18.698842+00:00,KEEP (Primary)
EXACT_MATCH,EXACT-GRP-426,219559,"Raposas , Elena Magno",1957-03-10,Female,"San Pedro","City of Vigan",2,2026-06-23T19:39:09.228885+00:00,MERGE SERVICES TO PRIMARY
EXACT_MATCH,EXACT-GRP-427,131145,"Ablog, Madelyn Dela Cruz",1977-10-10,Female,"San Pedro","City of Vigan",6,2026-05-22T21:06:18.698842+00:00,KEEP (Primary)
EXACT_MATCH,EXACT-GRP-427,219829,"Ablog, Madelyn  Dela Cruz",1977-10-10,Female,"San Pedro","City of Vigan",1,2026-06-23T19:39:09.228885+00:00,MERGE SERVICES TO PRIMARY
EXACT_MATCH,EXACT-GRP-428,131193,"Aquino, Jen Jen Raposas",2009-10-12,Male,"San Pedro","City of Vigan",2,2026-05-22T21:06:18.698842+00:00,KEEP (Primary)
EXACT_MATCH,EXACT-GRP-428,219580,"Aquino, Jen-Jen Raposas",2009-10-12,Male,"San Pedro","City of Vigan",1,2026-06-23T19:39:09.228885+00:00,MERGE SERVICES TO PRIMARY
EXACT_MATCH,EXACT-GRP-429,131194,"Raposas, Arthur Amanonce",1992-02-03,Male,"San Pedro","City of Vigan",2,2026-05-22T21:06:18.698842+00:00,KEEP (Primary)
EXACT_MATCH,EXACT-GRP-429,219574,"Raposas , Arthur Amanonce",1992-02-03,Male,"San Pedro","City of Vigan",1,2026-06-23T19:39:09.228885+00:00,MERGE SERVICES TO PRIMARY
EXACT_MATCH,EXACT-GRP-430,131276,"Ponce, Gregorio Agapinan",1942-07-27,Male,"San Pedro","City of Vigan",6,2026-05-22T21:06:18.698842+00:00,KEEP (Primary)
EXACT_MATCH,EXACT-GRP-430,219853,"Ponce, Gregorio  Agapinan",1942-07-27,Male,"San Pedro","City of Vigan",2,2026-06-23T19:39:09.228885+00:00,MERGE SERVICES TO PRIMARY
EXACT_MATCH,EXACT-GRP-431,131277,"Raposas, Flora Romano",1953-06-23,Female,"San Pedro","City of Vigan",2,2026-05-22T21:06:18.698842+00:00,KEEP (Primary)
EXACT_MATCH,EXACT-GRP-431,219774,"Raposas , Flora Romano",1953-06-23,Female,"San Pedro","City of Vigan",2,2026-06-23T19:39:09.228885+00:00,MERGE SERVICES TO PRIMARY
EXACT_MATCH,EXACT-GRP-432,131282,"Raposas, Nelson Amarles",1974-06-05,Male,"San Pedro","City of Vigan",2,2026-05-22T21:06:18.698842+00:00,KEEP (Primary)
EXACT_MATCH,EXACT-GRP-432,219613,"Raposas , Nelson Amarles",1974-06-05,Male,"San Pedro","City of Vigan",1,2026-06-23T19:39:09.228885+00:00,MERGE SERVICES TO PRIMARY
EXACT_MATCH,EXACT-GRP-433,131384,"Raposas, Anelyn Salcedo",1991-02-10,Female,"San Pedro","City of Vigan",1,2026-05-22T21:06:18.698842+00:00,KEEP (Primary)
EXACT_MATCH,EXACT-GRP-433,219565,"Raposas , Anelyn Salcedo",1991-02-10,Female,"San Pedro","City of Vigan",1,2026-06-23T19:39:09.228885+00:00,MERGE SERVICES TO PRIMARY
EXACT_MATCH,EXACT-GRP-434,131473,"Raposas, Mark Alvin Magno",1985-02-19,Male,"San Pedro","City of Vigan",1,2026-05-22T21:06:18.698842+00:00,KEEP (Primary)
EXACT_MATCH,EXACT-GRP-434,220282,"Raposas , Mark Alvin Magno",1985-02-19,Male,"San Pedro","City of Vigan",1,2026-06-23T19:39:54.987717+00:00,MERGE SERVICES TO PRIMARY
EXACT_MATCH,EXACT-GRP-435,131713,"Paguirigan, Ma. Graziella Peralta",1976-03-01,Female,"Barangay III","City of Vigan",4,2026-05-22T21:20:21.582482+00:00,KEEP (Primary)
EXACT_MATCH,EXACT-GRP-435,306004,"Paguirigan, Ma Graziella Peralta",1976-03-01,Female,"Barangay III","City of Vigan",1,2026-09-26T15:01:22.497206+00:00,MERGE SERVICES TO PRIMARY
EXACT_MATCH,EXACT-GRP-436,134357,"Pagalanan, Rhealyn Cumuyog",1993-08-08,Female,"Pantay Daya","City of Vigan",1,2026-05-23T22:35:49.535604+00:00,KEEP (Primary)
EXACT_MATCH,EXACT-GRP-436,307600,"PAGALANAN, RHEALYN  CUMUYOG",1993-08-08,Female,"San Jose","City of Vigan",1,2026-09-27T01:49:06.259443+00:00,MERGE SERVICES TO PRIMARY
EXACT_MATCH,EXACT-GRP-437,136022,"VENTURA, PRINCE JAYLORD",2022-02-26,Male,"San Julian Norte","City of Vigan",1,2026-05-24T00:51:13.425653+00:00,KEEP (Primary)
EXACT_MATCH,EXACT-GRP-437,306200,"VENTURA,PRINCE JAYLORD",2022-02-26,Male,"San Julian Norte","City of Vigan",1,2026-09-26T17:03:58.134301+00:00,MERGE SERVICES TO PRIMARY
EXACT_MATCH,EXACT-GRP-438,136025,"TABBUAC, FLINT XAVIER",2022-03-19,Male,"San Julian Norte","City of Vigan",1,2026-05-24T00:51:13.425653+00:00,KEEP (Primary)
EXACT_MATCH,EXACT-GRP-438,306194,"TABBUAC,FLINT XAVIER",2022-03-19,Male,"San Julian Norte","City of Vigan",1,2026-09-26T17:03:58.134301+00:00,MERGE SERVICES TO PRIMARY
EXACT_MATCH,EXACT-GRP-439,136037,"FERIDO, ENRICO",2022-08-10,Male,"San Julian Norte","City of Vigan",1,2026-05-24T00:51:13.425653+00:00,KEEP (Primary)
EXACT_MATCH,EXACT-GRP-439,306212,"FERIDO,ENRICO",2022-08-10,Male,"San Julian Norte","City of Vigan",1,2026-09-26T17:03:58.134301+00:00,MERGE SERVICES TO PRIMARY
EXACT_MATCH,EXACT-GRP-440,136042,"RAFANAN, ZION KRISTOFF",2022-10-06,Male,"San Julian Norte","City of Vigan",1,2026-05-24T00:51:13.425653+00:00,KEEP (Primary)
EXACT_MATCH,EXACT-GRP-440,306054,"RAFANAN,ZION KRISTOFF",2022-10-06,Male,"San Julian Norte","City of Vigan",1,2026-09-26T17:03:58.134301+00:00,MERGE SERVICES TO PRIMARY
EXACT_MATCH,EXACT-GRP-441,136060,"DIZA, RYKER FIO",2023-06-28,Male,"San Julian Norte","City of Vigan",1,2026-05-24T00:51:13.425653+00:00,KEEP (Primary)
EXACT_MATCH,EXACT-GRP-441,306053,"DIZA,RYKER FIO",2023-06-28,Male,"San Julian Norte","City of Vigan",1,2026-09-26T17:03:58.134301+00:00,MERGE SERVICES TO PRIMARY
EXACT_MATCH,EXACT-GRP-442,136072,"DEL CASTILLO, FRANCIS MATTHEW",2023-12-07,Male,"San Julian Norte","City of Vigan",1,2026-05-24T00:51:13.425653+00:00,KEEP (Primary)
EXACT_MATCH,EXACT-GRP-442,306196,"DEL CASTILLO,FRANCIS MATTHEW",2023-12-07,Male,"San Julian Norte","City of Vigan",1,2026-09-26T17:03:58.134301+00:00,MERGE SERVICES TO PRIMARY
EXACT_MATCH,EXACT-GRP-443,136074,"BERNAL, PRINCE ETHAN",2024-02-02,Male,"San Julian Norte","City of Vigan",1,2026-05-24T00:51:13.425653+00:00,KEEP (Primary)
EXACT_MATCH,EXACT-GRP-443,306167,"BERNAL,PRINCE ETHAN",2024-02-02,Male,"San Julian Norte","City of Vigan",1,2026-09-26T17:03:58.134301+00:00,MERGE SERVICES TO PRIMARY
EXACT_MATCH,EXACT-GRP-444,136078,"ALVIEDO, GIEN JOSEPH",2024-06-10,Male,"San Julian Norte","City of Vigan",1,2026-05-24T00:51:13.425653+00:00,KEEP (Primary)
EXACT_MATCH,EXACT-GRP-444,306173,"ALVIEDO,GIEN JOSEPH",2024-06-10,Male,"San Julian Norte","City of Vigan",1,2026-09-26T17:03:58.134301+00:00,MERGE SERVICES TO PRIMARY
EXACT_MATCH,EXACT-GRP-445,136081,"SALES, RAYDEN",2024-07-31,Male,"San Julian Norte","City of Vigan",1,2026-05-24T00:51:13.425653+00:00,KEEP (Primary)
EXACT_MATCH,EXACT-GRP-445,306181,"SALES,RAYDEN",2024-07-31,Male,"San Julian Norte","City of Vigan",1,2026-09-26T17:03:58.134301+00:00,MERGE SERVICES TO PRIMARY
EXACT_MATCH,EXACT-GRP-446,136088,"AMANO, RYZEN RANE ETHAN",2024-11-20,Male,"San Julian Norte","City of Vigan",1,2026-05-24T00:51:13.425653+00:00,KEEP (Primary)
EXACT_MATCH,EXACT-GRP-446,306113,"AMANO,RYZEN RANE ETHAN",2024-11-20,Male,"San Julian Norte","City of Vigan",1,2026-09-26T17:03:58.134301+00:00,MERGE SERVICES TO PRIMARY
EXACT_MATCH,EXACT-GRP-447,136090,"ALIBIN, LUCAS MAVERICK",2023-02-25,Male,"San Julian Norte","City of Vigan",1,2026-05-24T00:51:13.425653+00:00,KEEP (Primary)
EXACT_MATCH,EXACT-GRP-447,306057,"ALIBIN,LUCAS MAVERICK",2023-02-25,Male,"San Julian Norte","City of Vigan",1,2026-09-26T17:03:58.134301+00:00,MERGE SERVICES TO PRIMARY
EXACT_MATCH,EXACT-GRP-448,136133,"CASTRO, ARMEIAH JANAERAH",2022-09-12,Female,"San Julian Norte","City of Vigan",1,2026-05-24T00:51:13.425653+00:00,KEEP (Primary)
EXACT_MATCH,EXACT-GRP-448,306193,"CASTRO,ARMEIAH JANAERAH",2022-09-12,Female,"San Julian Norte","City of Vigan",1,2026-09-26T17:03:58.134301+00:00,MERGE SERVICES TO PRIMARY
EXACT_MATCH,EXACT-GRP-449,136134,"RODILLAS, KATHLENE JOYCE",2022-09-18,Female,"San Julian Norte","City of Vigan",1,2026-05-24T00:51:13.425653+00:00,KEEP (Primary)
EXACT_MATCH,EXACT-GRP-449,306146,"RODILLAS,KATHLENE JOYCE",2022-09-18,Female,"San Julian Norte","City of Vigan",1,2026-09-26T17:03:58.134301+00:00,MERGE SERVICES TO PRIMARY
EXACT_MATCH,EXACT-GRP-450,136141,"PAREL, ARABELLA FAITH",2023-02-12,Female,"San Julian Norte","City of Vigan",1,2026-05-24T00:51:13.425653+00:00,KEEP (Primary)
EXACT_MATCH,EXACT-GRP-450,306189,"PAREL,ARABELLA FAITH",2023-02-12,Female,"San Julian Norte","City of Vigan",1,2026-09-26T17:03:58.134301+00:00,MERGE SERVICES TO PRIMARY
EXACT_MATCH,EXACT-GRP-451,136145,"PERALTA, SHEINMARY ANDRIA",2023-03-28,Female,"San Julian Norte","City of Vigan",1,2026-05-24T00:51:13.425653+00:00,KEEP (Primary)
EXACT_MATCH,EXACT-GRP-451,306177,"PERALTA,SHEINMARY ANDRIA",2023-03-28,Female,"San Julian Norte","City of Vigan",1,2026-09-26T17:03:58.134301+00:00,MERGE SERVICES TO PRIMARY
EXACT_MATCH,EXACT-GRP-452,136153,"BAUTISTA, JHOANNA AMELIE",2023-08-15,Female,"San Julian Norte","City of Vigan",1,2026-05-24T00:51:13.425653+00:00,KEEP (Primary)
EXACT_MATCH,EXACT-GRP-452,306191,"BAUTISTA,JHOANNA AMELIE",2023-08-15,Female,"San Julian Norte","City of Vigan",1,2026-09-26T17:03:58.134301+00:00,MERGE SERVICES TO PRIMARY
EXACT_MATCH,EXACT-GRP-453,136171,"PALACPAC, ALLYANAH JOY",2024-08-25,Female,"San Julian Norte","City of Vigan",1,2026-05-24T00:51:13.425653+00:00,KEEP (Primary)
EXACT_MATCH,EXACT-GRP-453,306180,"PALACPAC,ALLYANAH JOY",2024-08-25,Female,"San Julian Norte","City of Vigan",1,2026-09-26T17:03:58.134301+00:00,MERGE SERVICES TO PRIMARY
EXACT_MATCH,EXACT-GRP-454,136195,"Espejo, Justin",2025-01-24,Male,"San Julian Norte","City of Vigan",1,2026-05-24T00:51:13.425653+00:00,KEEP (Primary)
EXACT_MATCH,EXACT-GRP-454,306202,"ESPEJO,JUSTIN",2025-01-24,Male,"San Julian Norte","City of Vigan",1,2026-09-26T17:03:58.134301+00:00,MERGE SERVICES TO PRIMARY
EXACT_MATCH,EXACT-GRP-455,136268,"De Peralta, Angelique Filarca",2016-07-22,Female,"San Julian Norte","City of Vigan",1,2026-05-24T00:51:15.835019+00:00,KEEP (Primary)
EXACT_MATCH,EXACT-GRP-455,136343,"DE PERALTA,ANGELIQUE, FILARCA",2016-07-22,Female,"San Julian Norte","City of Vigan",1,2026-05-24T00:51:15.835019+00:00,MERGE SERVICES TO PRIMARY
EXACT_MATCH,EXACT-GRP-456,136288,"Dela Rosa, Mary Chelle Apales",2019-02-28,Female,"San Julian Norte","City of Vigan",1,2026-05-24T00:51:15.835019+00:00,KEEP (Primary)
EXACT_MATCH,EXACT-GRP-456,136335,"DELA ROSA,MARY CHELLE, APALES",2019-02-28,Female,"San Julian Norte","City of Vigan",1,2026-05-24T00:51:15.835019+00:00,MERGE SERVICES TO PRIMARY
EXACT_MATCH,EXACT-GRP-457,136336,"GARCIA,RAINNE CATHELINE, URATA",2018-11-25,Female,"San Julian Norte","City of Vigan",1,2026-05-24T00:51:15.835019+00:00,KEEP (Primary)
EXACT_MATCH,EXACT-GRP-457,136670,"GARCIA, RAINNE CATHELINE URATA",2018-11-25,Female,"San Julian Norte","City of Vigan",1,2026-05-24T00:51:15.835019+00:00,MERGE SERVICES TO PRIMARY
EXACT_MATCH,EXACT-GRP-458,136342,"ARCENA,RAVEN KYLA, ORONG",2016-08-27,Female,"San Julian Norte","City of Vigan",1,2026-05-24T00:51:15.835019+00:00,KEEP (Primary)
EXACT_MATCH,EXACT-GRP-458,137778,"ARCENA, RAVEN KYLA ORONG",2016-08-27,Female,"San Julian Norte","City of Vigan",1,2026-05-24T00:51:21.663972+00:00,MERGE SERVICES TO PRIMARY
EXACT_MATCH,EXACT-GRP-459,136349,"SALCEDO,MAZEL EUNICE, PASCUA",2016-01-31,Female,"San Julian Norte","City of Vigan",1,2026-05-24T00:51:15.835019+00:00,KEEP (Primary)
EXACT_MATCH,EXACT-GRP-459,136832,"SALCEDO, MAZEL EUNICE PASCUA",2016-01-31,Female,"San Julian Norte","City of Vigan",1,2026-05-24T00:51:17.863707+00:00,MERGE SERVICES TO PRIMARY
EXACT_MATCH,EXACT-GRP-460,136478,"PERALTA, DANIEL PIANO",1987-08-29,Male,"San Julian Norte","City of Vigan",1,2026-05-24T00:51:15.835019+00:00,KEEP (Primary)
EXACT_MATCH,EXACT-GRP-460,308233,"PERALTA, DANIEL   PIANO",1987-08-29,Male,"Cabalangegan","City of Vigan",1,2026-09-27T02:18:12.589294+00:00,MERGE SERVICES TO PRIMARY
EXACT_MATCH,EXACT-GRP-461,136811,"ULLERO, HARALF HADJI PASCUA",1979-01-03,Male,"San Julian Norte","City of Vigan",3,2026-05-24T00:51:17.863707+00:00,KEEP (Primary)
EXACT_MATCH,EXACT-GRP-461,226258,"Ullero Haralf Hadji Pascua",1979-01-03,Male,"Barangay VII","City of Vigan",2,2026-06-25T11:13:45.270667+00:00,MERGE SERVICES TO PRIMARY
EXACT_MATCH,EXACT-GRP-462,136812,"ULLERO, MARILENE ESPIRITU",1978-04-23,Female,"San Julian Norte","City of Vigan",2,2026-05-24T00:51:17.863707+00:00,KEEP (Primary)
EXACT_MATCH,EXACT-GRP-462,226066,"Ullero Marilene Espiritu",1978-04-23,Female,"Barangay VII","City of Vigan",2,2026-06-25T11:13:45.270667+00:00,MERGE SERVICES TO PRIMARY
EXACT_MATCH,EXACT-GRP-463,136814,"ULLERO, ARIUS JANIEL ESPIRITU",2007-08-09,Female,"San Julian Norte","City of Vigan",2,2026-05-24T00:51:17.863707+00:00,KEEP (Primary)
EXACT_MATCH,EXACT-GRP-463,226167,"Ullero Arius Janiel Espiritu",2007-08-09,Male,"Barangay VII","City of Vigan",2,2026-06-25T11:13:45.270667+00:00,MERGE SERVICES TO PRIMARY
EXACT_MATCH,EXACT-GRP-464,136829,"PASCUA , LOYD PERALTA",1995-06-04,Male,"San Julian Norte","City of Vigan",1,2026-05-24T00:51:17.863707+00:00,KEEP (Primary)
EXACT_MATCH,EXACT-GRP-464,308235,"PASCUA, LOYD PERALTA",1995-06-04,Male,"Cabalangegan","City of Vigan",1,2026-09-27T02:18:12.589294+00:00,MERGE SERVICES TO PRIMARY
EXACT_MATCH,EXACT-GRP-465,158364,"Barroga Augustine Jeff Florendo",2025-08-19,Male,"Purok-a-dackel","City of Vigan",1,2026-05-31T08:17:04.191472+00:00,KEEP (Primary)
EXACT_MATCH,EXACT-GRP-465,304534,"Barroga, Augustine Jeff Florendo",2025-08-19,Male,"Purok-a-dackel","City of Vigan",1,2026-09-26T12:05:01.772409+00:00,MERGE SERVICES TO PRIMARY
EXACT_MATCH,EXACT-GRP-466,158441,"Adame Stephen Luke Fantastico",2022-10-16,Male,"Purok-a-dackel","City of Vigan",1,2026-05-31T08:17:04.191472+00:00,KEEP (Primary)
EXACT_MATCH,EXACT-GRP-466,304517,"Adame, Stephen Luke Fantastico",2022-10-16,Male,"Purok-a-dackel","City of Vigan",1,2026-09-26T12:05:01.772409+00:00,MERGE SERVICES TO PRIMARY
EXACT_MATCH,EXACT-GRP-467,220314,"Caypuno, Jairus Caleb Castaneda",2025-05-09,Male,"Purok-a-dackel","City of Vigan",2,2026-06-23T20:11:55.722429+00:00,KEEP (Primary)
EXACT_MATCH,EXACT-GRP-467,158508,"Caypuno Jairus Caleb Castaneda",2025-05-09,Male,"Purok-a-dackel","City of Vigan",1,2026-05-31T08:17:04.191472+00:00,MERGE SERVICES TO PRIMARY
EXACT_MATCH,EXACT-GRP-468,220313,"Raboy, Gideon Marius Castaneda",2025-04-27,Male,"Purok-a-dackel","City of Vigan",2,2026-06-23T20:11:55.722429+00:00,KEEP (Primary)
EXACT_MATCH,EXACT-GRP-468,158640,"Raboy Gideon Marius Castaneda",2025-04-27,Male,"Purok-a-dackel","City of Vigan",1,2026-05-31T08:17:04.191472+00:00,MERGE SERVICES TO PRIMARY
EXACT_MATCH,EXACT-GRP-469,158644,"Dela Rosa Zymon Ethan Benzon",2022-09-30,Male,"Purok-a-dackel","City of Vigan",1,2026-05-31T08:17:04.191472+00:00,KEEP (Primary)
EXACT_MATCH,EXACT-GRP-469,304516,"Dela Rosa, Zymon Ethan Benzon",2022-09-30,Male,"Purok-a-dackel","City of Vigan",1,2026-09-26T12:05:01.772409+00:00,MERGE SERVICES TO PRIMARY
EXACT_MATCH,EXACT-GRP-470,219659,"Pinto, Rose Valerie Bautista",1997-04-14,Female,"San Pedro","City of Vigan",1,2026-06-23T19:39:09.228885+00:00,KEEP (Primary)
EXACT_MATCH,EXACT-GRP-470,317444,"Pinto , Rose Valerie Bautista",1997-04-14,Female,"Barangay VII","City of Vigan",1,2026-09-28T13:16:39.771769+00:00,MERGE SERVICES TO PRIMARY
EXACT_MATCH,EXACT-GRP-471,222932,"Aquino, Ley-ann Blanes",1997-09-15,Female,"Salindeg","City of Vigan",2,2026-06-24T07:51:24.475842+00:00,KEEP (Primary)
EXACT_MATCH,EXACT-GRP-471,224565,"Aquino, Ley Ann Blanes",1997-09-15,Female,"Salindeg","City of Vigan",1,2026-06-25T02:02:47.604419+00:00,MERGE SERVICES TO PRIMARY
EXACT_MATCH,EXACT-GRP-472,224441,"Benzon, January Pascua",2008-01-01,Female,"Salindeg","City of Vigan",2,2026-06-25T02:02:47.604419+00:00,KEEP (Primary)
EXACT_MATCH,EXACT-GRP-472,225970,"Benzon January Pascua",2008-01-01,Female,"Barangay VII","City of Vigan",2,2026-06-25T11:13:45.270667+00:00,MERGE SERVICES TO PRIMARY
EXACT_MATCH,EXACT-GRP-473,225931,"De Peralta Siera Dione Antiquera",2024-02-05,Female,"Barangay VII","City of Vigan",1,2026-06-25T11:13:45.270667+00:00,KEEP (Primary)
EXACT_MATCH,EXACT-GRP-473,317219,"DE PERALTA, SIERA DIONE ANTIQUERA",2024-02-05,Female,"Barangay VII","City of Vigan",1,2026-09-28T13:16:39.771769+00:00,MERGE SERVICES TO PRIMARY
EXACT_MATCH,EXACT-GRP-474,225933,"Rabino Anaiah Zenice Sales",2023-09-04,Female,"Barangay VII","City of Vigan",2,2026-06-25T11:13:45.270667+00:00,KEEP (Primary)
EXACT_MATCH,EXACT-GRP-474,317147,"RABINO, ANAIAH ZENICE SALES",2023-09-04,Female,"Barangay VII","City of Vigan",1,2026-09-28T13:16:39.771769+00:00,MERGE SERVICES TO PRIMARY
EXACT_MATCH,EXACT-GRP-475,225934,"Reg Yolla Astreed Manayan",2023-03-12,Female,"Barangay VII","City of Vigan",2,2026-06-25T11:13:45.270667+00:00,KEEP (Primary)
EXACT_MATCH,EXACT-GRP-475,317247,"REG, YOLLA ASTREED  MANAYAN",2023-03-12,Female,"Barangay VII","City of Vigan",1,2026-09-28T13:16:39.771769+00:00,MERGE SERVICES TO PRIMARY
EXACT_MATCH,EXACT-GRP-476,225935,"Marquez Zanne Edelisse Fernandez",2022-11-27,Female,"Barangay VII","City of Vigan",2,2026-06-25T11:13:45.270667+00:00,KEEP (Primary)
EXACT_MATCH,EXACT-GRP-476,317179,"MARQUEZ, ZANNE EDELISSE FERNANDEZ",2022-11-27,Female,"Barangay VII","City of Vigan",1,2026-09-28T13:16:39.771769+00:00,MERGE SERVICES TO PRIMARY
EXACT_MATCH,EXACT-GRP-477,225936,"Espiritu Stella Ivy Pantaleon",2021-10-17,Female,"Barangay VII","City of Vigan",2,2026-06-25T11:13:45.270667+00:00,KEEP (Primary)
EXACT_MATCH,EXACT-GRP-477,317165,"ESPIRITU, STELLA IVY PANTALEON",2021-10-17,Female,"Barangay VII","City of Vigan",1,2026-09-28T13:16:39.771769+00:00,MERGE SERVICES TO PRIMARY
EXACT_MATCH,EXACT-GRP-478,225937,"Alingod Kian Aaliyah Diego",2020-10-10,Female,"Barangay VII","City of Vigan",2,2026-06-25T11:13:45.270667+00:00,KEEP (Primary)
EXACT_MATCH,EXACT-GRP-478,317239,"ALINGOD, KIAN AALIYAH DIEGO",2020-10-10,Female,"Barangay VII","City of Vigan",1,2026-09-28T13:16:39.771769+00:00,MERGE SERVICES TO PRIMARY
EXACT_MATCH,EXACT-GRP-479,225938,"Almo Shanara Louise Espiritu",2020-08-28,Female,"Barangay VII","City of Vigan",2,2026-06-25T11:13:45.270667+00:00,KEEP (Primary)
EXACT_MATCH,EXACT-GRP-479,317176,"ALMO, SHANARA LOUISE ESPIRITU",2020-08-28,Female,"Barangay VII","City of Vigan",1,2026-09-28T13:16:39.771769+00:00,MERGE SERVICES TO PRIMARY
EXACT_MATCH,EXACT-GRP-480,225939,"Arconado Sophia Kate Alcid",2020-01-05,Female,"Barangay VII","City of Vigan",2,2026-06-25T11:13:45.270667+00:00,KEEP (Primary)
EXACT_MATCH,EXACT-GRP-480,317184,"ARCONADO, SOPHIA KATE ALCID",2020-01-05,Female,"Barangay VII","City of Vigan",1,2026-09-28T13:16:39.771769+00:00,MERGE SERVICES TO PRIMARY
EXACT_MATCH,EXACT-GRP-481,225940,"Arconado Celline Ronada",2019-05-22,Female,"Barangay VII","City of Vigan",2,2026-06-25T11:13:45.270667+00:00,KEEP (Primary)
EXACT_MATCH,EXACT-GRP-481,317188,"ARCONADO, CELLINE RONADA",2019-05-22,Female,"Barangay VII","City of Vigan",1,2026-09-28T13:16:39.771769+00:00,MERGE SERVICES TO PRIMARY
EXACT_MATCH,EXACT-GRP-482,225941,"Suyat Aldriana Jane",2018-10-15,Female,"Barangay VII","City of Vigan",2,2026-06-25T11:13:45.270667+00:00,KEEP (Primary)
EXACT_MATCH,EXACT-GRP-482,317152,"SUYAT, ALDRIANA JANE",2018-10-15,Female,"Barangay VII","City of Vigan",1,2026-09-28T13:16:39.771769+00:00,MERGE SERVICES TO PRIMARY
EXACT_MATCH,EXACT-GRP-483,225942,"Palas Alexa Denielle",2018-04-21,Female,"Barangay VII","City of Vigan",1,2026-06-25T11:13:45.270667+00:00,KEEP (Primary)
EXACT_MATCH,EXACT-GRP-483,317130,"PALAS, ALEXA DENIELLE",2018-04-21,Female,"Barangay VII","City of Vigan",1,2026-09-28T13:16:39.771769+00:00,MERGE SERVICES TO PRIMARY
EXACT_MATCH,EXACT-GRP-484,225943,"Viuya Leerra Carta",2018-01-09,Female,"Barangay VII","City of Vigan",2,2026-06-25T11:13:45.270667+00:00,KEEP (Primary)
EXACT_MATCH,EXACT-GRP-484,317172,"VIUYA, LEERRA CARTA",2018-01-09,Female,"Barangay VII","City of Vigan",1,2026-09-28T13:16:39.771769+00:00,MERGE SERVICES TO PRIMARY
EXACT_MATCH,EXACT-GRP-485,225944,"Almo Amara Nicole Espiritu",2017-12-08,Female,"Barangay VII","City of Vigan",2,2026-06-25T11:13:45.270667+00:00,KEEP (Primary)
EXACT_MATCH,EXACT-GRP-485,317175,"ALMO, AMARA NICOLE ESPIRITU",2017-12-08,Female,"Barangay VII","City of Vigan",1,2026-09-28T13:16:39.771769+00:00,MERGE SERVICES TO PRIMARY
EXACT_MATCH,EXACT-GRP-486,225945,"Baracao Jhensen Joy Arcena",2017-06-17,Female,"Barangay VII","City of Vigan",1,2026-06-25T11:13:45.270667+00:00,KEEP (Primary)
EXACT_MATCH,EXACT-GRP-486,317114,"BARACAO, JHENSEN JOY ARCENA",2017-06-17,Female,"Barangay VII","City of Vigan",1,2026-09-28T13:16:39.771769+00:00,MERGE SERVICES TO PRIMARY
EXACT_MATCH,EXACT-GRP-487,225946,"Villegas Alexandra Mia Bajet",2017-04-04,Female,"Barangay VII","City of Vigan",2,2026-06-25T11:13:45.270667+00:00,KEEP (Primary)
EXACT_MATCH,EXACT-GRP-487,317230,"VILLEGAS, ALEXANDRA MIA BAJET",2017-04-04,Female,"Barangay VII","City of Vigan",1,2026-09-28T13:16:39.771769+00:00,MERGE SERVICES TO PRIMARY
EXACT_MATCH,EXACT-GRP-488,225947,"Suyat Zoey Jaden Reintar",2016-10-17,Female,"Barangay VII","City of Vigan",2,2026-06-25T11:13:45.270667+00:00,KEEP (Primary)
EXACT_MATCH,EXACT-GRP-488,317154,"SUYAT, ZOEY JADEN REINTAR",2016-10-17,Female,"Barangay VII","City of Vigan",1,2026-09-28T13:16:39.771769+00:00,MERGE SERVICES TO PRIMARY
EXACT_MATCH,EXACT-GRP-489,225948,"Agsalud Kate Edren Omaҋa",2016-09-14,Female,"Barangay VII","City of Vigan",2,2026-06-25T11:13:45.270667+00:00,KEEP (Primary)
EXACT_MATCH,EXACT-GRP-489,317206,"AGSALUD, KATE EDREN OMAҊA",2016-09-14,Female,"Barangay VII","City of Vigan",1,2026-09-28T13:16:39.771769+00:00,MERGE SERVICES TO PRIMARY
EXACT_MATCH,EXACT-GRP-490,225949,"Tacud Allysa Kyle Guzman",2015-10-05,Female,"Barangay VII","City of Vigan",1,2026-06-25T11:13:45.270667+00:00,KEEP (Primary)
EXACT_MATCH,EXACT-GRP-490,317109,"TACUD, ALLYSA KYLE GUZMAN",2015-10-05,Female,"Barangay VII","City of Vigan",1,2026-09-28T13:16:39.771769+00:00,MERGE SERVICES TO PRIMARY
EXACT_MATCH,EXACT-GRP-491,225950,"Agsalud Princess Barbie Laila",2015-04-19,Female,"Barangay VII","City of Vigan",1,2026-06-25T11:13:45.270667+00:00,KEEP (Primary)
EXACT_MATCH,EXACT-GRP-491,317203,"AGSALUD, PRINCESS BARBIE LAILA",2015-04-19,Female,"Barangay VII","City of Vigan",1,2026-09-28T13:16:39.771769+00:00,MERGE SERVICES TO PRIMARY
EXACT_MATCH,EXACT-GRP-492,225951,"Ragudo Danela Tacal",2014-09-14,Female,"Barangay VII","City of Vigan",1,2026-06-25T11:13:45.270667+00:00,KEEP (Primary)
EXACT_MATCH,EXACT-GRP-492,317221,"RAGUDO, DANELA TACAL",2014-09-14,Female,"Barangay VII","City of Vigan",1,2026-09-28T13:16:39.771769+00:00,MERGE SERVICES TO PRIMARY
EXACT_MATCH,EXACT-GRP-493,225952,"Pipo Mikayla Alexandra Ponce",2013-04-24,Female,"Barangay VII","City of Vigan",1,2026-06-25T11:13:45.270667+00:00,KEEP (Primary)
EXACT_MATCH,EXACT-GRP-493,317094,"PIPO, MIKAYLA ALEXANDRA PONCE",2013-04-24,Female,"Barangay VII","City of Vigan",1,2026-09-28T13:16:39.771769+00:00,MERGE SERVICES TO PRIMARY
EXACT_MATCH,EXACT-GRP-494,225953,"Esta Armea Cassandra Espinosa",2012-12-21,Female,"Barangay VII","City of Vigan",2,2026-06-25T11:13:45.270667+00:00,KEEP (Primary)
EXACT_MATCH,EXACT-GRP-494,317235,"ESTA, ARMEA CASSANDRA ESPINOSA",2012-12-21,Female,"Barangay VII","City of Vigan",1,2026-09-28T13:16:39.771769+00:00,MERGE SERVICES TO PRIMARY
EXACT_MATCH,EXACT-GRP-495,225954,"Agsalud Keesha Omaҋa",2012-07-22,Female,"Barangay VII","City of Vigan",2,2026-06-25T11:13:45.270667+00:00,KEEP (Primary)
EXACT_MATCH,EXACT-GRP-495,317205,"AGSALUD, KEESHA OMAҊA",2012-07-22,Female,"Barangay VII","City of Vigan",1,2026-09-28T13:16:39.771769+00:00,MERGE SERVICES TO PRIMARY
EXACT_MATCH,EXACT-GRP-496,225955,"De Guzman Adrielle Elyze Navarro",2012-02-28,Female,"Barangay VII","City of Vigan",1,2026-06-25T11:13:45.270667+00:00,KEEP (Primary)
EXACT_MATCH,EXACT-GRP-496,317089,"DE GUZMAN, ADRIELLE ELYZE NAVARRO",2012-02-28,Female,"Barangay VII","City of Vigan",1,2026-09-28T13:16:39.771769+00:00,MERGE SERVICES TO PRIMARY
EXACT_MATCH,EXACT-GRP-497,225956,"Martinez Rheinangel Kate Navarro",2011-09-28,Female,"Barangay VII","City of Vigan",1,2026-06-25T11:13:45.270667+00:00,KEEP (Primary)
EXACT_MATCH,EXACT-GRP-497,317086,"MARTINEZ, RHEINANGEL KATE NAVARRO",2011-09-28,Female,"Barangay VII","City of Vigan",1,2026-09-28T13:16:39.771769+00:00,MERGE SERVICES TO PRIMARY
EXACT_MATCH,EXACT-GRP-498,225957,"Palas Ghatzie Xyrey",2011-06-16,Female,"Barangay VII","City of Vigan",1,2026-06-25T11:13:45.270667+00:00,KEEP (Primary)
EXACT_MATCH,EXACT-GRP-498,317129,"PALAS, GHATZIE XYREY",2011-06-16,Female,"Barangay VII","City of Vigan",1,2026-09-28T13:16:39.771769+00:00,MERGE SERVICES TO PRIMARY
EXACT_MATCH,EXACT-GRP-499,225958,"Reyes Jezzel Lamki",2011-05-10,Female,"Barangay VII","City of Vigan",1,2026-06-25T11:13:45.270667+00:00,KEEP (Primary)
EXACT_MATCH,EXACT-GRP-499,317105,"REYES, JEZZEL LAMKI",2011-05-10,Female,"Barangay VII","City of Vigan",1,2026-09-28T13:16:39.771769+00:00,MERGE SERVICES TO PRIMARY
EXACT_MATCH,EXACT-GRP-500,225959,"Arconado Cyren Kaye Ronada",2011-03-07,Female,"Barangay VII","City of Vigan",2,2026-06-25T11:13:45.270667+00:00,KEEP (Primary)
EXACT_MATCH,EXACT-GRP-500,317187,"ARCONADO, CYREN KAYE RONADA",2011-03-07,Female,"Barangay VII","City of Vigan",1,2026-09-28T13:16:39.771769+00:00,MERGE SERVICES TO PRIMARY
EXACT_MATCH,EXACT-GRP-501,225960,"Laurente Hannah Heiko Pe Benito",2010-12-16,Female,"Barangay VII","City of Vigan",1,2026-06-25T11:13:45.270667+00:00,KEEP (Primary)
EXACT_MATCH,EXACT-GRP-501,317119,"LAURENTE, HANNAH HEIKO PE BENITO",2010-12-16,Female,"Barangay VII","City of Vigan",1,2026-09-28T13:16:39.771769+00:00,MERGE SERVICES TO PRIMARY
EXACT_MATCH,EXACT-GRP-502,225961,"Garcia Shiela Ann Riveta",2010-09-25,Female,"Barangay VII","City of Vigan",2,2026-06-25T11:13:45.270667+00:00,KEEP (Primary)
EXACT_MATCH,EXACT-GRP-502,317210,"GARCIA, SHIELA ANN RIVETA",2010-09-25,Female,"Barangay VII","City of Vigan",1,2026-09-28T13:16:39.771769+00:00,MERGE SERVICES TO PRIMARY
EXACT_MATCH,EXACT-GRP-503,225962,"Dy Jewel Kaylen Pipo",2010-08-26,Female,"Barangay VII","City of Vigan",1,2026-06-25T11:13:45.270667+00:00,KEEP (Primary)
EXACT_MATCH,EXACT-GRP-503,317098,"DY, JEWEL KAYLEN PIPO",2010-08-26,Female,"Barangay VII","City of Vigan",1,2026-09-28T13:16:39.771769+00:00,MERGE SERVICES TO PRIMARY
EXACT_MATCH,EXACT-GRP-504,225963,"Botanes Mhaesias Jeffel Espiritu",2010-01-24,Female,"Barangay VII","City of Vigan",2,2026-06-25T11:13:45.270667+00:00,KEEP (Primary)
EXACT_MATCH,EXACT-GRP-504,317158,"BOTANES, MHAESIAS JEFFEL ESPIRITU",2010-01-24,Female,"Barangay VII","City of Vigan",1,2026-09-28T13:16:39.771769+00:00,MERGE SERVICES TO PRIMARY
EXACT_MATCH,EXACT-GRP-505,225964,"Monzon Krislyn Arcena",2009-07-31,Female,"Barangay VII","City of Vigan",1,2026-06-25T11:13:45.270667+00:00,KEEP (Primary)
EXACT_MATCH,EXACT-GRP-505,317112,"MONZON, KRISLYN ARCENA",2009-07-31,Female,"Barangay VII","City of Vigan",1,2026-09-28T13:16:39.771769+00:00,MERGE SERVICES TO PRIMARY
EXACT_MATCH,EXACT-GRP-506,225965,"King Rhia Maxine Ganaban",2009-06-08,Female,"Barangay VII","City of Vigan",1,2026-06-25T11:13:45.270667+00:00,KEEP (Primary)
EXACT_MATCH,EXACT-GRP-506,317140,"KING, RHIA MAXINE GANABAN",2009-06-08,Female,"Barangay VII","City of Vigan",1,2026-09-28T13:16:39.771769+00:00,MERGE SERVICES TO PRIMARY
EXACT_MATCH,EXACT-GRP-507,225966,"Tacud Chloe Kate Guzman",2009-04-29,Female,"Barangay VII","City of Vigan",1,2026-06-25T11:13:45.270667+00:00,KEEP (Primary)
EXACT_MATCH,EXACT-GRP-507,317108,"TACUD, CHLOE KATE GUZMAN",2009-04-29,Female,"Barangay VII","City of Vigan",1,2026-09-28T13:16:39.771769+00:00,MERGE SERVICES TO PRIMARY
EXACT_MATCH,EXACT-GRP-508,225967,"Alimay Ana Carlota Empleo",2008-07-22,Female,"Barangay VII","City of Vigan",2,2026-06-25T11:13:45.270667+00:00,KEEP (Primary)
EXACT_MATCH,EXACT-GRP-508,317225,"ALIMAY, ANA CARLOTA EMPLEO",2008-07-22,Female,"Barangay VII","City of Vigan",1,2026-09-28T13:16:39.771769+00:00,MERGE SERVICES TO PRIMARY
EXACT_MATCH,EXACT-GRP-509,225968,"Cortez Clangeline Alimay",2008-04-08,Female,"Barangay VII","City of Vigan",1,2026-06-25T11:13:45.270667+00:00,KEEP (Primary)
EXACT_MATCH,EXACT-GRP-509,317201,"CORTEZ, CLANGELINE ALIMAY",2008-04-08,Female,"Barangay VII","City of Vigan",1,2026-09-28T13:16:39.771769+00:00,MERGE SERVICES TO PRIMARY
EXACT_MATCH,EXACT-GRP-510,225969,"Mendoza Princess Hyra Senen",2008-03-07,Female,"Barangay VII","City of Vigan",2,2026-06-25T11:13:45.270667+00:00,KEEP (Primary)
EXACT_MATCH,EXACT-GRP-510,317149,"MENDOZA, PRINCESS HYRA SENEN",2008-03-07,Female,"Barangay VII","City of Vigan",1,2026-09-28T13:16:39.771769+00:00,MERGE SERVICES TO PRIMARY
EXACT_MATCH,EXACT-GRP-511,225971,"Acoba Jamie Alexa Espiritu",2007-12-04,Female,"Barangay VII","City of Vigan",2,2026-06-25T11:13:45.270667+00:00,KEEP (Primary)
EXACT_MATCH,EXACT-GRP-511,317180,"ACOBA, JAMIE ALEXA ESPIRITU",2007-12-04,Female,"Barangay VII","City of Vigan",1,2026-09-28T13:16:39.771769+00:00,MERGE SERVICES TO PRIMARY
EXACT_MATCH,EXACT-GRP-512,225972,"Dy Katlyn Pipo",2007-11-29,Female,"Barangay VII","City of Vigan",1,2026-06-25T11:13:45.270667+00:00,KEEP (Primary)
EXACT_MATCH,EXACT-GRP-512,317097,"DY, KATLYN PIPO",2007-11-29,Female,"Barangay VII","City of Vigan",1,2026-09-28T13:16:39.771769+00:00,MERGE SERVICES TO PRIMARY
EXACT_MATCH,EXACT-GRP-513,225973,"Pacpaco Jhasley Faye Paroligan",2007-10-20,Female,"Barangay VII","City of Vigan",1,2026-06-25T11:13:45.270667+00:00,KEEP (Primary)
EXACT_MATCH,EXACT-GRP-513,317083,"PACPACO, JHASLEY FAYE PAROLIGAN",2007-10-20,Female,"Barangay VII","City of Vigan",1,2026-09-28T13:16:39.771769+00:00,MERGE SERVICES TO PRIMARY
EXACT_MATCH,EXACT-GRP-514,225974,"Antiporda Khian Zhane Fontano",2007-07-20,Female,"Barangay VII","City of Vigan",1,2026-06-25T11:13:45.270667+00:00,KEEP (Primary)
EXACT_MATCH,EXACT-GRP-514,317101,"ANTIPORDA, KHIAN ZHANE FONTANO",2007-07-20,Female,"Barangay VII","City of Vigan",1,2026-09-28T13:16:39.771769+00:00,MERGE SERVICES TO PRIMARY
EXACT_MATCH,EXACT-GRP-515,225975,"Garcia Zaira Riveta",2007-07-18,Female,"Barangay VII","City of Vigan",2,2026-06-25T11:13:45.270667+00:00,KEEP (Primary)
EXACT_MATCH,EXACT-GRP-515,317209,"GARCIA, ZAIRA RIVETA",2007-07-18,Female,"Barangay VII","City of Vigan",1,2026-09-28T13:16:39.771769+00:00,MERGE SERVICES TO PRIMARY
EXACT_MATCH,EXACT-GRP-516,225976,"Dizon Alguien Lheyden Dizon Espiritu",2007-06-14,Female,"Barangay VII","City of Vigan",2,2026-06-25T11:13:45.270667+00:00,KEEP (Primary)
EXACT_MATCH,EXACT-GRP-516,317162,"DIZON, ALGUIEN LHEYDEN DIZON ESPIRITU",2007-06-14,Female,"Barangay VII","City of Vigan",1,2026-09-28T13:16:39.771769+00:00,MERGE SERVICES TO PRIMARY
EXACT_MATCH,EXACT-GRP-517,225978,"Tacud Mary Keira Guzman",2007-06-04,Female,"Barangay VII","City of Vigan",1,2026-06-25T11:13:45.270667+00:00,KEEP (Primary)
EXACT_MATCH,EXACT-GRP-517,317107,"TACUD, MARY KEIRA GUZMAN",2007-06-04,Female,"Barangay VII","City of Vigan",1,2026-09-28T13:16:39.771769+00:00,MERGE SERVICES TO PRIMARY
EXACT_MATCH,EXACT-GRP-518,225979,"Fabian Julie Ann Carta",2007-01-10,Female,"Barangay VII","City of Vigan",2,2026-06-25T11:13:45.270667+00:00,KEEP (Primary)
EXACT_MATCH,EXACT-GRP-518,317170,"FABIAN, JULIE ANN CARTA",2007-01-10,Female,"Barangay VII","City of Vigan",1,2026-09-28T13:16:39.771769+00:00,MERGE SERVICES TO PRIMARY
EXACT_MATCH,EXACT-GRP-519,225980,"Alimay Ashley Kate Empleo",2006-08-01,Female,"Barangay VII","City of Vigan",2,2026-06-25T11:13:45.270667+00:00,KEEP (Primary)
EXACT_MATCH,EXACT-GRP-519,317224,"ALIMAY, ASHLEY KATE EMPLEO",2006-08-01,Female,"Barangay VII","City of Vigan",1,2026-09-28T13:16:39.771769+00:00,MERGE SERVICES TO PRIMARY
EXACT_MATCH,EXACT-GRP-520,225981,"Corpuz Ma. Zhanalia",2006-03-09,Female,"Barangay VII","City of Vigan",1,2026-06-25T11:13:45.270667+00:00,KEEP (Primary)
EXACT_MATCH,EXACT-GRP-520,317111,"CORPUZ, MA. ZHANALIA",2006-03-09,Female,"Barangay VII","City of Vigan",1,2026-09-28T13:16:39.771769+00:00,MERGE SERVICES TO PRIMARY
EXACT_MATCH,EXACT-GRP-521,225982,"Fabian Jennifer Carta",2006-02-20,Female,"Barangay VII","City of Vigan",2,2026-06-25T11:13:45.270667+00:00,KEEP (Primary)
EXACT_MATCH,EXACT-GRP-521,317169,"FABIAN, JENNIFER CARTA",2006-02-20,Female,"Barangay VII","City of Vigan",1,2026-09-28T13:16:39.771769+00:00,MERGE SERVICES TO PRIMARY
EXACT_MATCH,EXACT-GRP-522,225983,"Aguirre Rema Mabanta",2005-10-14,Female,"Barangay VII","City of Vigan",1,2026-06-25T11:13:45.270667+00:00,KEEP (Primary)
EXACT_MATCH,EXACT-GRP-522,317133,"AGUIRRE, REMA MABANTA",2005-10-14,Female,"Barangay VII","City of Vigan",1,2026-09-28T13:16:39.771769+00:00,MERGE SERVICES TO PRIMARY
EXACT_MATCH,EXACT-GRP-523,225984,"Dy Julia Kyzer Pipo",2005-10-11,Female,"Barangay VII","City of Vigan",1,2026-06-25T11:13:45.270667+00:00,KEEP (Primary)
EXACT_MATCH,EXACT-GRP-523,317096,"DY, JULIA KYZER PIPO",2005-10-11,Female,"Barangay VII","City of Vigan",1,2026-09-28T13:16:39.771769+00:00,MERGE SERVICES TO PRIMARY
EXACT_MATCH,EXACT-GRP-524,225985,"King Juliana",2005-01-30,Female,"Barangay VII","City of Vigan",1,2026-06-25T11:13:45.270667+00:00,KEEP (Primary)
EXACT_MATCH,EXACT-GRP-524,317137,"KING, JULIANA",2005-01-30,Female,"Barangay VII","City of Vigan",1,2026-09-28T13:16:39.771769+00:00,MERGE SERVICES TO PRIMARY
EXACT_MATCH,EXACT-GRP-525,225986,"Pacpaco Glen Gwyneth Sales",2004-11-27,Female,"Barangay VII","City of Vigan",1,2026-06-25T11:13:45.270667+00:00,KEEP (Primary)
EXACT_MATCH,EXACT-GRP-525,317199,"PACPACO, GLEN GWYNETH SALES",2004-11-27,Female,"Barangay VII","City of Vigan",1,2026-09-28T13:16:39.771769+00:00,MERGE SERVICES TO PRIMARY
EXACT_MATCH,EXACT-GRP-526,225988,"Campit Jasmine Pagulayan",2004-07-06,Female,"Barangay VII","City of Vigan",2,2026-06-25T11:13:45.270667+00:00,KEEP (Primary)
EXACT_MATCH,EXACT-GRP-526,317156,"CAMPIT, JASMINE PAGULAYAN",2004-07-06,Female,"Barangay VII","City of Vigan",1,2026-09-28T13:16:39.771769+00:00,MERGE SERVICES TO PRIMARY
EXACT_MATCH,EXACT-GRP-527,225989,"Mabanta Rhea May Manlangit",2004-05-06,Female,"Barangay VII","City of Vigan",1,2026-06-25T11:13:45.270667+00:00,KEEP (Primary)
EXACT_MATCH,EXACT-GRP-527,317132,"MABANTA, RHEA MAY MANLANGIT",2004-05-06,Female,"Barangay VII","City of Vigan",1,2026-09-28T13:16:39.771769+00:00,MERGE SERVICES TO PRIMARY
EXACT_MATCH,EXACT-GRP-528,225990,"Riveta Ernestina Somejo",2004-02-07,Female,"Barangay VII","City of Vigan",2,2026-06-25T11:13:45.270667+00:00,KEEP (Primary)
EXACT_MATCH,EXACT-GRP-528,317213,"RIVETA, ERNESTINA SOMEJO",2004-02-07,Female,"Barangay VII","City of Vigan",1,2026-09-28T13:16:39.771769+00:00,MERGE SERVICES TO PRIMARY
EXACT_MATCH,EXACT-GRP-529,225991,"Ronda Venus Tacud",2003-12-16,Female,"Barangay VII","City of Vigan",1,2026-06-25T11:13:45.270667+00:00,KEEP (Primary)
EXACT_MATCH,EXACT-GRP-529,317110,"RONDA, VENUS TACUD",2003-12-16,Female,"Barangay VII","City of Vigan",1,2026-09-28T13:16:39.771769+00:00,MERGE SERVICES TO PRIMARY
EXACT_MATCH,EXACT-GRP-530,225992,"Dizon Althea Colleen Espiritu",2002-12-02,Female,"Barangay VII","City of Vigan",2,2026-06-25T11:13:45.270667+00:00,KEEP (Primary)
EXACT_MATCH,EXACT-GRP-530,317161,"DIZON, ALTHEA COLLEEN ESPIRITU",2002-12-02,Female,"Barangay VII","City of Vigan",1,2026-09-28T13:16:39.771769+00:00,MERGE SERVICES TO PRIMARY
EXACT_MATCH,EXACT-GRP-531,225993,"Pacpaco Glen Genesis Sales",2002-08-05,Female,"Barangay VII","City of Vigan",1,2026-06-25T11:13:45.270667+00:00,KEEP (Primary)
EXACT_MATCH,EXACT-GRP-531,317198,"PACPACO, GLEN GENESIS SALES",2002-08-05,Female,"Barangay VII","City of Vigan",1,2026-09-28T13:16:39.771769+00:00,MERGE SERVICES TO PRIMARY
EXACT_MATCH,EXACT-GRP-532,225995,"Jasa Hervie Lean Parel",2000-11-25,Female,"Barangay VII","City of Vigan",1,2026-06-25T11:13:45.270667+00:00,KEEP (Primary)
EXACT_MATCH,EXACT-GRP-532,317077,"JASA, HERVIE LEAN PAREL",2000-11-25,Female,"Barangay VII","City of Vigan",1,2026-09-28T13:16:39.771769+00:00,MERGE SERVICES TO PRIMARY
EXACT_MATCH,EXACT-GRP-533,225996,"De Leon Trizha Yannah Nicole Navarro",2000-10-29,Female,"Barangay VII","City of Vigan",1,2026-06-25T11:13:45.270667+00:00,KEEP (Primary)
EXACT_MATCH,EXACT-GRP-533,317085,"DE LEON, TRIZHA YANNAH NICOLE NAVARRO",2000-10-29,Female,"Barangay VII","City of Vigan",1,2026-09-28T13:16:39.771769+00:00,MERGE SERVICES TO PRIMARY
EXACT_MATCH,EXACT-GRP-534,225997,"Ullero Halen Nicole Espiritu",2000-05-30,Female,"Barangay VII","City of Vigan",2,2026-06-25T11:13:45.270667+00:00,KEEP (Primary)
EXACT_MATCH,EXACT-GRP-534,317163,"ULLERO, HALEN NICOLE ESPIRITU",2000-05-30,Female,"Barangay VII","City of Vigan",1,2026-09-28T13:16:39.771769+00:00,MERGE SERVICES TO PRIMARY
EXACT_MATCH,EXACT-GRP-535,225998,"Go Khristine Jane Lorenzana",2000-03-26,Female,"Barangay VII","City of Vigan",2,2026-06-25T11:13:45.270667+00:00,KEEP (Primary)
EXACT_MATCH,EXACT-GRP-535,317148,"GO, KHRISTINE JANE LORENZANA",2000-03-26,Female,"Barangay VII","City of Vigan",1,2026-09-28T13:16:39.771769+00:00,MERGE SERVICES TO PRIMARY
EXACT_MATCH,EXACT-GRP-536,225999,"Dizon Sharinel Espiritu",1998-10-30,Female,"Barangay VII","City of Vigan",2,2026-06-25T11:13:45.270667+00:00,KEEP (Primary)
EXACT_MATCH,EXACT-GRP-536,317160,"DIZON, SHARINEL ESPIRITU",1998-10-30,Female,"Barangay VII","City of Vigan",1,2026-09-28T13:16:39.771769+00:00,MERGE SERVICES TO PRIMARY
EXACT_MATCH,EXACT-GRP-537,226000,"Rabara Erika",1998-03-01,Female,"Barangay VII","City of Vigan",1,2026-06-25T11:13:45.270667+00:00,KEEP (Primary)
EXACT_MATCH,EXACT-GRP-537,317123,"RABARA, ERIKA",1998-03-01,Female,"Barangay VII","City of Vigan",1,2026-09-28T13:16:39.771769+00:00,MERGE SERVICES TO PRIMARY
EXACT_MATCH,EXACT-GRP-538,226001,"Reg Darlene Kate Raquepo",1997-10-24,Female,"Barangay VII","City of Vigan",2,2026-06-25T11:13:45.270667+00:00,KEEP (Primary)
EXACT_MATCH,EXACT-GRP-538,317246,"REG, DARLENE KATE RAQUEPO",1997-10-24,Female,"Barangay VII","City of Vigan",1,2026-09-28T13:16:39.771769+00:00,MERGE SERVICES TO PRIMARY
EXACT_MATCH,EXACT-GRP-539,226002,"Antiquera Rea Mikee Encinas",1997-09-30,Female,"Barangay VII","City of Vigan",1,2026-06-25T11:13:45.270667+00:00,KEEP (Primary)
EXACT_MATCH,EXACT-GRP-539,317218,"ANTIQUERA, REA MIKEE ENCINAS",1997-09-30,Female,"Barangay VII","City of Vigan",1,2026-09-28T13:16:39.771769+00:00,MERGE SERVICES TO PRIMARY
EXACT_MATCH,EXACT-GRP-540,226004,"Suyat Joan Amor Ponce",1997-02-09,Female,"Barangay VII","City of Vigan",2,2026-06-25T11:13:45.270667+00:00,KEEP (Primary)
EXACT_MATCH,EXACT-GRP-540,317150,"SUYAT, JOAN AMOR PONCE",1997-02-09,Female,"Barangay VII","City of Vigan",1,2026-09-28T13:16:39.771769+00:00,MERGE SERVICES TO PRIMARY
EXACT_MATCH,EXACT-GRP-541,226006,"Rabino Mary Pauline Sales",1995-01-25,Female,"Barangay VII","City of Vigan",2,2026-06-25T11:13:45.270667+00:00,KEEP (Primary)
EXACT_MATCH,EXACT-GRP-541,317146,"RABINO, MARY PAULINE SALES",1995-01-25,Female,"Barangay VII","City of Vigan",1,2026-09-28T13:16:39.771769+00:00,MERGE SERVICES TO PRIMARY
EXACT_MATCH,EXACT-GRP-542,226007,"Baracao Jacqueline Arcena",1994-12-19,Female,"Barangay VII","City of Vigan",1,2026-06-25T11:13:45.270667+00:00,KEEP (Primary)
EXACT_MATCH,EXACT-GRP-542,317113,"BARACAO, JACQUELINE  ARCENA",1994-12-19,Female,"Barangay VII","City of Vigan",1,2026-09-28T13:16:39.771769+00:00,MERGE SERVICES TO PRIMARY
EXACT_MATCH,EXACT-GRP-543,226008,"Fernandez Angelica Arconado",1994-12-09,Female,"Barangay VII","City of Vigan",2,2026-06-25T11:13:45.270667+00:00,KEEP (Primary)
EXACT_MATCH,EXACT-GRP-543,317193,"FERNANDEZ, ANGELICA ARCONADO",1994-12-09,Female,"Barangay VII","City of Vigan",1,2026-09-28T13:16:39.771769+00:00,MERGE SERVICES TO PRIMARY
EXACT_MATCH,EXACT-GRP-544,226009,"De Guzman Jeddyzel Apostol",1994-11-14,Female,"Barangay VII","City of Vigan",2,2026-06-25T11:13:45.270667+00:00,KEEP (Primary)
EXACT_MATCH,EXACT-GRP-544,317244,"DE GUZMAN, JEDDYZEL APOSTOL",1994-11-14,Female,"Barangay VII","City of Vigan",1,2026-09-28T13:16:39.771769+00:00,MERGE SERVICES TO PRIMARY
EXACT_MATCH,EXACT-GRP-545,226010,"Cerdeña Bernard Militante",1994-02-27,Female,"Barangay VII","City of Vigan",2,2026-06-25T11:13:45.270667+00:00,KEEP (Primary)
EXACT_MATCH,EXACT-GRP-545,317228,"CERDEÑA, BERNARD MILITANTE",1994-02-27,Female,"Barangay VII","City of Vigan",1,2026-09-28T13:16:39.771769+00:00,MERGE SERVICES TO PRIMARY
EXACT_MATCH,EXACT-GRP-546,226011,"Fernandez Caroline Arconado",1994-02-14,Female,"Barangay VII","City of Vigan",2,2026-06-25T11:13:45.270667+00:00,KEEP (Primary)
EXACT_MATCH,EXACT-GRP-546,317192,"FERNANDEZ, CAROLINE  ARCONADO",1994-02-14,Female,"Barangay VII","City of Vigan",1,2026-09-28T13:16:39.771769+00:00,MERGE SERVICES TO PRIMARY
EXACT_MATCH,EXACT-GRP-547,226012,"Arconado Jhoy Avila",1993-12-25,Female,"Barangay VII","City of Vigan",2,2026-06-25T11:13:45.270667+00:00,KEEP (Primary)
EXACT_MATCH,EXACT-GRP-547,317191,"ARCONADO, JHOY AVILA",1993-12-25,Female,"Barangay VII","City of Vigan",1,2026-09-28T13:16:39.771769+00:00,MERGE SERVICES TO PRIMARY
EXACT_MATCH,EXACT-GRP-548,226013,"Carta Arve Monsour Repotula",1993-09-10,Female,"Barangay VII","City of Vigan",2,2026-06-25T11:13:45.270667+00:00,KEEP (Primary)
EXACT_MATCH,EXACT-GRP-548,317168,"CARTA, ARVE MONSOUR REPOTULA",1993-09-10,Female,"Barangay VII","City of Vigan",1,2026-09-28T13:16:39.771769+00:00,MERGE SERVICES TO PRIMARY
EXACT_MATCH,EXACT-GRP-549,226014,"Almo Shiella Marie Espiritu",1992-03-03,Female,"Barangay VII","City of Vigan",2,2026-06-25T11:13:45.270667+00:00,KEEP (Primary)
EXACT_MATCH,EXACT-GRP-549,317174,"ALMO, SHIELLA MARIE ESPIRITU",1992-03-03,Female,"Barangay VII","City of Vigan",1,2026-09-28T13:16:39.771769+00:00,MERGE SERVICES TO PRIMARY
EXACT_MATCH,EXACT-GRP-550,226015,"Santiago Cristina",1991-11-18,Female,"Barangay VII","City of Vigan",1,2026-06-25T11:13:45.270667+00:00,KEEP (Primary)
EXACT_MATCH,EXACT-GRP-550,317144,"SANTIAGO, CRISTINA",1991-11-18,Female,"Barangay VII","City of Vigan",1,2026-09-28T13:16:39.771769+00:00,MERGE SERVICES TO PRIMARY
EXACT_MATCH,EXACT-GRP-551,226016,"Espinosa Margie Guzman",1991-11-06,Female,"Barangay VII","City of Vigan",2,2026-06-25T11:13:45.270667+00:00,KEEP (Primary)
EXACT_MATCH,EXACT-GRP-551,317232,"ESPINOSA, MARGIE GUZMAN",1991-11-06,Female,"Barangay VII","City of Vigan",1,2026-09-28T13:16:39.771769+00:00,MERGE SERVICES TO PRIMARY
EXACT_MATCH,EXACT-GRP-552,226017,"Suyat Nova Jane",1991-11-02,Female,"Barangay VII","City of Vigan",2,2026-06-25T11:13:45.270667+00:00,KEEP (Primary)
EXACT_MATCH,EXACT-GRP-552,317151,"SUYAT, NOVA JANE",1991-11-02,Female,"Barangay VII","City of Vigan",1,2026-09-28T13:16:39.771769+00:00,MERGE SERVICES TO PRIMARY
EXACT_MATCH,EXACT-GRP-553,226019,"Arconado Rochelle Alcid",1991-09-22,Female,"Barangay VII","City of Vigan",2,2026-06-25T11:13:45.270667+00:00,KEEP (Primary)
EXACT_MATCH,EXACT-GRP-553,317183,"ARCONADO, ROCHELLE ALCID",1991-09-22,Female,"Barangay VII","City of Vigan",1,2026-09-28T13:16:39.771769+00:00,MERGE SERVICES TO PRIMARY
EXACT_MATCH,EXACT-GRP-554,226020,"Reyes Marissa Estoesta",1991-02-20,Female,"Barangay VII","City of Vigan",1,2026-06-25T11:13:45.270667+00:00,KEEP (Primary)
EXACT_MATCH,EXACT-GRP-554,317103,"REYES, MARISSA ESTOESTA",1991-02-20,Female,"Barangay VII","City of Vigan",1,2026-09-28T13:16:39.771769+00:00,MERGE SERVICES TO PRIMARY
EXACT_MATCH,EXACT-GRP-555,226021,"Cabbat Dianne Tabbuac",1991-02-13,Female,"Barangay VII","City of Vigan",2,2026-06-25T11:13:45.270667+00:00,KEEP (Primary)
EXACT_MATCH,EXACT-GRP-555,317194,"CABBAT, DIANNE TABBUAC",1991-02-13,Female,"Barangay VII","City of Vigan",1,2026-09-28T13:16:39.771769+00:00,MERGE SERVICES TO PRIMARY
EXACT_MATCH,EXACT-GRP-556,226022,"Alingod Mary Joy Diego",1991-01-20,Female,"Barangay VII","City of Vigan",2,2026-06-25T11:13:45.270667+00:00,KEEP (Primary)
EXACT_MATCH,EXACT-GRP-556,317238,"ALINGOD, MARY JOY DIEGO",1991-01-20,Female,"Barangay VII","City of Vigan",1,2026-09-28T13:16:39.771769+00:00,MERGE SERVICES TO PRIMARY
EXACT_MATCH,EXACT-GRP-557,226023,"Rabara Elyzel",1990-11-26,Female,"Barangay VII","City of Vigan",1,2026-06-25T11:13:45.270667+00:00,KEEP (Primary)
EXACT_MATCH,EXACT-GRP-557,317122,"RABARA, ELYZEL",1990-11-26,Female,"Barangay VII","City of Vigan",1,2026-09-28T13:16:39.771769+00:00,MERGE SERVICES TO PRIMARY
EXACT_MATCH,EXACT-GRP-558,226024,"Fontano Honey Faye Tacud",1990-10-26,Female,"Barangay VII","City of Vigan",1,2026-06-25T11:13:45.270667+00:00,KEEP (Primary)
EXACT_MATCH,EXACT-GRP-558,317099,"FONTANO, HONEY FAYE TACUD",1990-10-26,Female,"Barangay VII","City of Vigan",1,2026-09-28T13:16:39.771769+00:00,MERGE SERVICES TO PRIMARY
EXACT_MATCH,EXACT-GRP-559,226025,"Marquez Roxanne Fernandez",1990-07-14,Female,"Barangay VII","City of Vigan",2,2026-06-25T11:13:45.270667+00:00,KEEP (Primary)
EXACT_MATCH,EXACT-GRP-559,317178,"MARQUEZ, ROXANNE FERNANDEZ",1990-07-14,Female,"Barangay VII","City of Vigan",1,2026-09-28T13:16:39.771769+00:00,MERGE SERVICES TO PRIMARY
EXACT_MATCH,EXACT-GRP-560,226026,"Ragudo Mylene Tacal",1990-05-15,Female,"Barangay VII","City of Vigan",1,2026-06-25T11:13:45.270667+00:00,KEEP (Primary)
EXACT_MATCH,EXACT-GRP-560,317220,"RAGUDO, MYLENE TACAL",1990-05-15,Female,"Barangay VII","City of Vigan",1,2026-09-28T13:16:39.771769+00:00,MERGE SERVICES TO PRIMARY
EXACT_MATCH,EXACT-GRP-561,226027,"Ragudo Shyanne Alimay",1990-03-09,Female,"Barangay VII","City of Vigan",1,2026-06-25T11:13:45.270667+00:00,KEEP (Primary)
EXACT_MATCH,EXACT-GRP-561,317222,"RAGUDO, SHYANNE ALIMAY",1990-03-09,Female,"Barangay VII","City of Vigan",1,2026-09-28T13:16:39.771769+00:00,MERGE SERVICES TO PRIMARY
EXACT_MATCH,EXACT-GRP-562,226028,"Alimay Marie Grace Empleo",1989-08-19,Female,"Barangay VII","City of Vigan",1,2026-06-25T11:13:45.270667+00:00,KEEP (Primary)
EXACT_MATCH,EXACT-GRP-562,317223,"ALIMAY, MARIE GRACE EMPLEO",1989-08-19,Female,"Barangay VII","City of Vigan",1,2026-09-28T13:16:39.771769+00:00,MERGE SERVICES TO PRIMARY
EXACT_MATCH,EXACT-GRP-563,226029,"Alingod Mary Joy Pilot",1989-08-19,Female,"Barangay VII","City of Vigan",2,2026-06-25T11:13:45.270667+00:00,KEEP (Primary)
EXACT_MATCH,EXACT-GRP-563,317236,"ALINGOD, MARY JOY PILOT",1989-08-19,Female,"Barangay VII","City of Vigan",1,2026-09-28T13:16:39.771769+00:00,MERGE SERVICES TO PRIMARY
EXACT_MATCH,EXACT-GRP-564,226030,"Pacpaco Ma Joan",1989-03-06,Female,"Barangay VII","City of Vigan",1,2026-06-25T11:13:45.270667+00:00,KEEP (Primary)
EXACT_MATCH,EXACT-GRP-564,317079,"PACPACO, MA JOAN",1989-03-06,Female,"Barangay VII","City of Vigan",1,2026-09-28T13:16:39.771769+00:00,MERGE SERVICES TO PRIMARY
EXACT_MATCH,EXACT-GRP-565,226031,"Abelardo Sharleen Nyx Alagar",1988-12-26,Female,"Barangay VII","City of Vigan",1,2026-06-25T11:13:45.270667+00:00,KEEP (Primary)
EXACT_MATCH,EXACT-GRP-565,317142,"ABELARDO, SHARLEEN NYX ALAGAR",1988-12-26,Female,"Barangay VII","City of Vigan",1,2026-09-28T13:16:39.771769+00:00,MERGE SERVICES TO PRIMARY
EXACT_MATCH,EXACT-GRP-566,226032,"Espiritu Ginalyn Pantaleon",1988-11-26,Female,"Barangay VII","City of Vigan",2,2026-06-25T11:13:45.270667+00:00,KEEP (Primary)
EXACT_MATCH,EXACT-GRP-566,317164,"ESPIRITU, GINALYN PANTALEON",1988-11-26,Female,"Barangay VII","City of Vigan",1,2026-09-28T13:16:39.771769+00:00,MERGE SERVICES TO PRIMARY
EXACT_MATCH,EXACT-GRP-567,226033,"De Guzman Adrienne Eunice Navarro",1988-08-28,Female,"Barangay VII","City of Vigan",1,2026-06-25T11:13:45.270667+00:00,KEEP (Primary)
EXACT_MATCH,EXACT-GRP-567,317088,"DE GUZMAN , ADRIENNE EUNICE NAVARRO",1988-08-28,Female,"Barangay VII","City of Vigan",1,2026-09-28T13:16:39.771769+00:00,MERGE SERVICES TO PRIMARY
EXACT_MATCH,EXACT-GRP-568,226034,"Agsalud Karen Omaҋa",1988-08-11,Female,"Barangay VII","City of Vigan",1,2026-06-25T11:13:45.270667+00:00,KEEP (Primary)
EXACT_MATCH,EXACT-GRP-568,317204,"AGSALUD, KAREN OMAҊA",1988-08-11,Female,"Barangay VII","City of Vigan",1,2026-09-28T13:16:39.771769+00:00,MERGE SERVICES TO PRIMARY
EXACT_MATCH,EXACT-GRP-569,226035,"Irorita Mylene Espiritu",1988-02-22,Female,"Barangay VII","City of Vigan",2,2026-06-25T11:13:45.270667+00:00,KEEP (Primary)
EXACT_MATCH,EXACT-GRP-569,317166,"IRORITA, MYLENE ESPIRITU",1988-02-22,Female,"Barangay VII","City of Vigan",1,2026-09-28T13:16:39.771769+00:00,MERGE SERVICES TO PRIMARY
EXACT_MATCH,EXACT-GRP-570,226036,"Riveta Venus Laya",1986-12-21,Female,"Barangay VII","City of Vigan",2,2026-06-25T11:13:45.270667+00:00,KEEP (Primary)
EXACT_MATCH,EXACT-GRP-570,317211,"RIVETA, VENUS LAYA",1986-12-21,Female,"Barangay VII","City of Vigan",1,2026-09-28T13:16:39.771769+00:00,MERGE SERVICES TO PRIMARY
EXACT_MATCH,EXACT-GRP-571,226037,"King Maricon Ganaban",1986-12-09,Female,"Barangay VII","City of Vigan",1,2026-06-25T11:13:45.270667+00:00,KEEP (Primary)
EXACT_MATCH,EXACT-GRP-571,317139,"KING, MARICON GANABAN",1986-12-09,Female,"Barangay VII","City of Vigan",1,2026-09-28T13:16:39.771769+00:00,MERGE SERVICES TO PRIMARY
EXACT_MATCH,EXACT-GRP-572,226038,"Pacpaco Charlotte Paroligan",1986-09-13,Female,"Barangay VII","City of Vigan",1,2026-06-25T11:13:45.270667+00:00,KEEP (Primary)
EXACT_MATCH,EXACT-GRP-572,317082,"PACPACO, CHARLOTTE PAROLIGAN",1986-09-13,Female,"Barangay VII","City of Vigan",1,2026-09-28T13:16:39.771769+00:00,MERGE SERVICES TO PRIMARY
EXACT_MATCH,EXACT-GRP-573,226039,"Reyes Hazel Lamki",1986-09-07,Female,"Barangay VII","City of Vigan",1,2026-06-25T11:13:45.270667+00:00,KEEP (Primary)
EXACT_MATCH,EXACT-GRP-573,317104,"REYES, HAZEL LAMKI",1986-09-07,Female,"Barangay VII","City of Vigan",1,2026-09-28T13:16:39.771769+00:00,MERGE SERVICES TO PRIMARY
EXACT_MATCH,EXACT-GRP-574,226040,"Sales Melody Dela Cruz",1986-06-15,Female,"Barangay VII","City of Vigan",2,2026-06-25T11:13:45.270667+00:00,KEEP (Primary)
EXACT_MATCH,EXACT-GRP-574,317196,"SALES, MELODY DELA CRUZ",1986-06-15,Female,"Barangay VII","City of Vigan",1,2026-09-28T13:16:39.771769+00:00,MERGE SERVICES TO PRIMARY
EXACT_MATCH,EXACT-GRP-575,226041,"Alban Rovie Rosa",1985-10-15,Female,"Barangay VII","City of Vigan",1,2026-06-25T11:13:45.270667+00:00,KEEP (Primary)
EXACT_MATCH,EXACT-GRP-575,317145,"ALBAN, ROVIE ROSA",1985-10-15,Female,"Barangay VII","City of Vigan",1,2026-09-28T13:16:39.771769+00:00,MERGE SERVICES TO PRIMARY
EXACT_MATCH,EXACT-GRP-576,226042,"Larroza Joanne Lovelee Espejo",1985-08-19,Female,"Barangay VII","City of Vigan",1,2026-06-25T11:13:45.270667+00:00,KEEP (Primary)
EXACT_MATCH,EXACT-GRP-576,317080,"LARROZA, JOANNE LOVELEE ESPEJO",1985-08-19,Female,"Barangay VII","City of Vigan",1,2026-09-28T13:16:39.771769+00:00,MERGE SERVICES TO PRIMARY
EXACT_MATCH,EXACT-GRP-577,226043,"Carta Rosemarie Repotola",1984-10-22,Female,"Barangay VII","City of Vigan",2,2026-06-25T11:13:45.270667+00:00,KEEP (Primary)
EXACT_MATCH,EXACT-GRP-577,317171,"CARTA, ROSEMARIE REPOTOLA",1984-10-22,Female,"Barangay VII","City of Vigan",1,2026-09-28T13:16:39.771769+00:00,MERGE SERVICES TO PRIMARY
EXACT_MATCH,EXACT-GRP-578,226044,"Espiritu Madelyn Espejo",1984-08-03,Female,"Barangay VII","City of Vigan",2,2026-06-25T11:13:45.270667+00:00,KEEP (Primary)
EXACT_MATCH,EXACT-GRP-578,317157,"ESPIRITU, MADELYN ESPEJO",1984-08-03,Female,"Barangay VII","City of Vigan",1,2026-09-28T13:16:39.771769+00:00,MERGE SERVICES TO PRIMARY
EXACT_MATCH,EXACT-GRP-579,226045,"Alimay Aileen Parungao",1984-07-07,Female,"Barangay VII","City of Vigan",2,2026-06-25T11:13:45.270667+00:00,KEEP (Primary)
EXACT_MATCH,EXACT-GRP-579,317227,"ALIMAY, AILEEN PARUNGAO",1984-07-07,Female,"Barangay VII","City of Vigan",1,2026-09-28T13:16:39.771769+00:00,MERGE SERVICES TO PRIMARY
EXACT_MATCH,EXACT-GRP-580,226046,"Guerreo Charriza Bianca Bajet",1984-06-07,Female,"Barangay VII","City of Vigan",2,2026-06-25T11:13:45.270667+00:00,KEEP (Primary)
EXACT_MATCH,EXACT-GRP-580,317231,"GUERREO, CHARRIZA BIANCA BAJET",1984-06-07,Female,"Barangay VII","City of Vigan",1,2026-09-28T13:16:39.771769+00:00,MERGE SERVICES TO PRIMARY
EXACT_MATCH,EXACT-GRP-581,226047,"Laforteza Jaymelyn Mallari",1984-05-23,Female,"Barangay VII","City of Vigan",1,2026-06-25T11:13:45.270667+00:00,KEEP (Primary)
EXACT_MATCH,EXACT-GRP-581,317091,"LAFORTEZA, JAYMELYN MALLARI",1984-05-23,Female,"Barangay VII","City of Vigan",1,2026-09-28T13:16:39.771769+00:00,MERGE SERVICES TO PRIMARY
EXACT_MATCH,EXACT-GRP-582,226050,"Pipo Leila Marie Ponce",1983-05-18,Female,"Barangay VII","City of Vigan",1,2026-06-25T11:13:45.270667+00:00,KEEP (Primary)
EXACT_MATCH,EXACT-GRP-582,317093,"PIPO, LEILA MARIE PONCE",1983-05-18,Female,"Barangay VII","City of Vigan",1,2026-09-28T13:16:39.771769+00:00,MERGE SERVICES TO PRIMARY
EXACT_MATCH,EXACT-GRP-583,226051,"Pascua Janice Alingod",1983-01-15,Female,"Barangay VII","City of Vigan",2,2026-06-25T11:13:45.270667+00:00,KEEP (Primary)
EXACT_MATCH,EXACT-GRP-583,317240,"PASCUA, JANICE ALINGOD",1983-01-15,Female,"Barangay VII","City of Vigan",1,2026-09-28T13:16:39.771769+00:00,MERGE SERVICES TO PRIMARY
EXACT_MATCH,EXACT-GRP-584,226052,"Arconado Sharon Ronada",1982-11-28,Female,"Barangay VII","City of Vigan",2,2026-06-25T11:13:45.270667+00:00,KEEP (Primary)
EXACT_MATCH,EXACT-GRP-584,317186,"ARCONADO, SHARON RONADA",1982-11-28,Female,"Barangay VII","City of Vigan",1,2026-09-28T13:16:39.771769+00:00,MERGE SERVICES TO PRIMARY
EXACT_MATCH,EXACT-GRP-585,226054,"Villegas Diana Bajet",1981-09-06,Female,"Barangay VII","City of Vigan",2,2026-06-25T11:13:45.270667+00:00,KEEP (Primary)
EXACT_MATCH,EXACT-GRP-585,317229,"VILLEGAS, DIANA BAJET",1981-09-06,Female,"Barangay VII","City of Vigan",1,2026-09-28T13:16:39.771769+00:00,MERGE SERVICES TO PRIMARY
EXACT_MATCH,EXACT-GRP-586,226055,"Fontano Jennifer Tacud",1981-08-17,Female,"Barangay VII","City of Vigan",1,2026-06-25T11:13:45.270667+00:00,KEEP (Primary)
EXACT_MATCH,EXACT-GRP-586,317100,"FONTANO, JENNIFER TACUD",1981-08-17,Female,"Barangay VII","City of Vigan",1,2026-09-28T13:16:39.771769+00:00,MERGE SERVICES TO PRIMARY
EXACT_MATCH,EXACT-GRP-587,226056,"Espinosa Maricel De Peralta",1981-04-05,Female,"Barangay VII","City of Vigan",2,2026-06-25T11:13:45.270667+00:00,KEEP (Primary)
EXACT_MATCH,EXACT-GRP-587,317233,"ESPINOSA, MARICEL DE PERALTA",1981-04-05,Female,"Barangay VII","City of Vigan",1,2026-09-28T13:16:39.771769+00:00,MERGE SERVICES TO PRIMARY
EXACT_MATCH,EXACT-GRP-588,226057,"Esta Maricel Espinosa",1980-12-06,Female,"Barangay VII","City of Vigan",2,2026-06-25T11:13:45.270667+00:00,KEEP (Primary)
EXACT_MATCH,EXACT-GRP-588,317234,"ESTA, MARICEL ESPINOSA",1980-12-06,Female,"Barangay VII","City of Vigan",1,2026-09-28T13:16:39.771769+00:00,MERGE SERVICES TO PRIMARY
EXACT_MATCH,EXACT-GRP-589,308642,"Navarro, Kathryn Pilorin",1980-11-21,Female,"Barangay VII","City of Vigan",2,2026-09-27T02:29:08.993192+00:00,KEEP (Primary)
EXACT_MATCH,EXACT-GRP-589,226058,"Navarro Kathryn Pilorin",1980-11-21,Female,"Barangay VII","City of Vigan",1,2026-06-25T11:13:45.270667+00:00,MERGE SERVICES TO PRIMARY
EXACT_MATCH,EXACT-GRP-590,226060,"Lao Rachelle Ramos",1979-07-21,Female,"Barangay VII","City of Vigan",1,2026-06-25T11:13:45.270667+00:00,KEEP (Primary)
EXACT_MATCH,EXACT-GRP-590,317126,"LAO, RACHELLE RAMOS",1979-07-21,Female,"Barangay VII","City of Vigan",1,2026-09-28T13:16:39.771769+00:00,MERGE SERVICES TO PRIMARY
EXACT_MATCH,EXACT-GRP-591,226061,"De Leon Kristine Navarro",1979-07-01,Female,"Barangay VII","City of Vigan",1,2026-06-25T11:13:45.270667+00:00,KEEP (Primary)
EXACT_MATCH,EXACT-GRP-591,317084,"DE LEON, KRISTINE NAVARRO",1979-07-01,Female,"Barangay VII","City of Vigan",1,2026-09-28T13:16:39.771769+00:00,MERGE SERVICES TO PRIMARY
EXACT_MATCH,EXACT-GRP-592,226062,"Dizon Marites Espiritu",1979-07-01,Female,"Barangay VII","City of Vigan",2,2026-06-25T11:13:45.270667+00:00,KEEP (Primary)
EXACT_MATCH,EXACT-GRP-592,317159,"DIZON, MARITES ESPIRITU",1979-07-01,Female,"Barangay VII","City of Vigan",1,2026-09-28T13:16:39.771769+00:00,MERGE SERVICES TO PRIMARY
EXACT_MATCH,EXACT-GRP-593,226063,"King Reina Bigonia",1979-02-14,Female,"Barangay VII","City of Vigan",1,2026-06-25T11:13:45.270667+00:00,KEEP (Primary)
EXACT_MATCH,EXACT-GRP-593,317138,"KING, REINA BIGONIA",1979-02-14,Female,"Barangay VII","City of Vigan",1,2026-09-28T13:16:39.771769+00:00,MERGE SERVICES TO PRIMARY
EXACT_MATCH,EXACT-GRP-594,226064,"Dy Maria Catherine Pipo",1978-09-15,Female,"Barangay VII","City of Vigan",1,2026-06-25T11:13:45.270667+00:00,KEEP (Primary)
EXACT_MATCH,EXACT-GRP-594,317095,"DY, MARIA CATHERINE PIPO",1978-09-15,Female,"Barangay VII","City of Vigan",1,2026-09-28T13:16:39.771769+00:00,MERGE SERVICES TO PRIMARY
EXACT_MATCH,EXACT-GRP-595,226065,"Laurente Rubelyn Pe Benito",1978-07-04,Female,"Barangay VII","City of Vigan",1,2026-06-25T11:13:45.270667+00:00,KEEP (Primary)
EXACT_MATCH,EXACT-GRP-595,317118,"LAURENTE, RUBELYN  PE BENITO",1978-07-04,Female,"Barangay VII","City of Vigan",1,2026-09-28T13:16:39.771769+00:00,MERGE SERVICES TO PRIMARY
EXACT_MATCH,EXACT-GRP-596,226067,"Noriega Almarose Apostol",1977-09-08,Female,"Barangay VII","City of Vigan",2,2026-06-25T11:13:45.270667+00:00,KEEP (Primary)
EXACT_MATCH,EXACT-GRP-596,317241,"NORIEGA, ALMAROSE APOSTOL",1977-09-08,Female,"Barangay VII","City of Vigan",1,2026-09-28T13:16:39.771769+00:00,MERGE SERVICES TO PRIMARY
EXACT_MATCH,EXACT-GRP-597,226068,"Mabanta Marife Manlangit",1977-06-08,Female,"Barangay VII","City of Vigan",1,2026-06-25T11:13:45.270667+00:00,KEEP (Primary)
EXACT_MATCH,EXACT-GRP-597,317131,"MABANTA, MARIFE MANLANGIT",1977-06-08,Female,"Barangay VII","City of Vigan",1,2026-09-28T13:16:39.771769+00:00,MERGE SERVICES TO PRIMARY
EXACT_MATCH,EXACT-GRP-598,226070,"Alimay Florentina Valdez",1977-02-24,Female,"Barangay VII","City of Vigan",1,2026-06-25T11:13:45.270667+00:00,KEEP (Primary)
EXACT_MATCH,EXACT-GRP-598,317202,"ALIMAY, FLORENTINA VALDEZ",1977-02-24,Female,"Barangay VII","City of Vigan",1,2026-09-28T13:16:39.771769+00:00,MERGE SERVICES TO PRIMARY
EXACT_MATCH,EXACT-GRP-599,226071,"De Guzman Lilibeth Navarro",1976-07-26,Female,"Barangay VII","City of Vigan",1,2026-06-25T11:13:45.270667+00:00,KEEP (Primary)
EXACT_MATCH,EXACT-GRP-599,317087,"DE GUZMAN, LILIBETH NAVARRO",1976-07-26,Female,"Barangay VII","City of Vigan",1,2026-09-28T13:16:39.771769+00:00,MERGE SERVICES TO PRIMARY
EXACT_MATCH,EXACT-GRP-600,226072,"Tadena Rose Marie Ramos",1975-11-06,Female,"Barangay VII","City of Vigan",1,2026-06-25T11:13:45.270667+00:00,KEEP (Primary)
EXACT_MATCH,EXACT-GRP-600,317127,"TADENA, ROSE MARIE RAMOS",1975-11-06,Female,"Barangay VII","City of Vigan",1,2026-09-28T13:16:39.771769+00:00,MERGE SERVICES TO PRIMARY
EXACT_MATCH,EXACT-GRP-601,226073,"Benzon Mary Ann Pascua",1975-03-08,Female,"Barangay VII","City of Vigan",2,2026-06-25T11:13:45.270667+00:00,KEEP (Primary)
EXACT_MATCH,EXACT-GRP-601,317181,"BENZON, MARY ANN PASCUA",1975-03-08,Female,"Barangay VII","City of Vigan",1,2026-09-28T13:16:39.771769+00:00,MERGE SERVICES TO PRIMARY
EXACT_MATCH,EXACT-GRP-602,226074,"Cortez Mylene Alimay",1975-01-05,Female,"Barangay VII","City of Vigan",1,2026-06-25T11:13:45.270667+00:00,KEEP (Primary)
EXACT_MATCH,EXACT-GRP-602,317200,"CORTEZ, MYLENE ALIMAY",1975-01-05,Female,"Barangay VII","City of Vigan",1,2026-09-28T13:16:39.771769+00:00,MERGE SERVICES TO PRIMARY
EXACT_MATCH,EXACT-GRP-603,226075,"Recaido Catherine Riveta",1974-11-25,Female,"Barangay VII","City of Vigan",2,2026-06-25T11:13:45.270667+00:00,KEEP (Primary)
EXACT_MATCH,EXACT-GRP-603,317216,"RECAIDO , CATHERINE RIVETA",1974-11-25,Female,"Barangay VII","City of Vigan",1,2026-09-28T13:16:39.771769+00:00,MERGE SERVICES TO PRIMARY
EXACT_MATCH,EXACT-GRP-604,226076,"Pacpaco Debbie Cheryl Sales",1973-10-03,Female,"Barangay VII","City of Vigan",1,2026-06-25T11:13:45.270667+00:00,KEEP (Primary)
EXACT_MATCH,EXACT-GRP-604,317197,"PACPACO, DEBBIE CHERYL SALES",1973-10-03,Female,"Barangay VII","City of Vigan",1,2026-09-28T13:16:39.771769+00:00,MERGE SERVICES TO PRIMARY
EXACT_MATCH,EXACT-GRP-605,226077,"Campit Ignacia Pagulayan",1973-03-25,Female,"Barangay VII","City of Vigan",2,2026-06-25T11:13:45.270667+00:00,KEEP (Primary)
EXACT_MATCH,EXACT-GRP-605,317155,"CAMPIT, IGNACIA PAGULAYAN",1973-03-25,Female,"Barangay VII","City of Vigan",1,2026-09-28T13:16:39.771769+00:00,MERGE SERVICES TO PRIMARY
EXACT_MATCH,EXACT-GRP-606,226078,"Tacud Luzviminda Guzman",1973-02-02,Female,"Barangay VII","City of Vigan",1,2026-06-25T11:13:45.270667+00:00,KEEP (Primary)
EXACT_MATCH,EXACT-GRP-606,317106,"TACUD, LUZVIMINDA GUZMAN",1973-02-02,Female,"Barangay VII","City of Vigan",1,2026-09-28T13:16:39.771769+00:00,MERGE SERVICES TO PRIMARY
EXACT_MATCH,EXACT-GRP-607,226079,"Osalvo Evangeline Padre",1972-12-21,Female,"Barangay VII","City of Vigan",1,2026-06-25T11:13:45.270667+00:00,KEEP (Primary)
EXACT_MATCH,EXACT-GRP-607,317143,"OSALVO, EVANGELINE PADRE",1972-12-21,Female,"Barangay VII","City of Vigan",1,2026-09-28T13:16:39.771769+00:00,MERGE SERVICES TO PRIMARY
EXACT_MATCH,EXACT-GRP-608,226080,"De Peralta Analyn Riveta",1971-07-24,Female,"Barangay VII","City of Vigan",2,2026-06-25T11:13:45.270667+00:00,KEEP (Primary)
EXACT_MATCH,EXACT-GRP-608,317217,"DE PERALTA, ANALYN RIVETA",1971-07-24,Female,"Barangay VII","City of Vigan",1,2026-09-28T13:16:39.771769+00:00,MERGE SERVICES TO PRIMARY
EXACT_MATCH,EXACT-GRP-609,226081,"Cuenta Flordeliza Riveta",1971-03-22,Female,"Barangay VII","City of Vigan",2,2026-06-25T11:13:45.270667+00:00,KEEP (Primary)
EXACT_MATCH,EXACT-GRP-609,317208,"CUENTA, FLORDELIZA RIVETA",1971-03-22,Female,"Barangay VII","City of Vigan",1,2026-09-28T13:16:39.771769+00:00,MERGE SERVICES TO PRIMARY
EXACT_MATCH,EXACT-GRP-610,226082,"De Guzman Elizabeth Apostol",1971-02-02,Female,"Barangay VII","City of Vigan",2,2026-06-25T11:13:45.270667+00:00,KEEP (Primary)
EXACT_MATCH,EXACT-GRP-610,317243,"DE GUZMAN, ELIZABETH APOSTOL",1971-02-02,Female,"Barangay VII","City of Vigan",1,2026-09-28T13:16:39.771769+00:00,MERGE SERVICES TO PRIMARY
EXACT_MATCH,EXACT-GRP-611,226083,"Jasa Mary Rose Parel",1969-12-26,Female,"Barangay VII","City of Vigan",1,2026-06-25T11:13:45.270667+00:00,KEEP (Primary)
EXACT_MATCH,EXACT-GRP-611,317076,"JASA, MARY ROSE PAREL",1969-12-26,Female,"Barangay VII","City of Vigan",1,2026-09-28T13:16:39.771769+00:00,MERGE SERVICES TO PRIMARY
EXACT_MATCH,EXACT-GRP-612,226084,"Reg Visitacion Yolanda Raquepo",1968-07-02,Female,"Barangay VII","City of Vigan",2,2026-06-25T11:13:45.270667+00:00,KEEP (Primary)
EXACT_MATCH,EXACT-GRP-612,317245,"REG, VISITACION YOLANDA RAQUEPO",1968-07-02,Female,"Barangay VII","City of Vigan",1,2026-09-28T13:16:39.771769+00:00,MERGE SERVICES TO PRIMARY
EXACT_MATCH,EXACT-GRP-613,226086,"Sales Leilani Alimay",1968-02-17,Female,"Barangay VII","City of Vigan",2,2026-06-25T11:13:45.270667+00:00,KEEP (Primary)
EXACT_MATCH,EXACT-GRP-613,317195,"SALES, LEILANI ALIMAY",1968-02-17,Female,"Barangay VII","City of Vigan",1,2026-09-28T13:16:39.771769+00:00,MERGE SERVICES TO PRIMARY
EXACT_MATCH,EXACT-GRP-614,226087,"Arconado Julirt Silvino",1966-07-17,Female,"Barangay VII","City of Vigan",2,2026-06-25T11:13:45.270667+00:00,KEEP (Primary)
EXACT_MATCH,EXACT-GRP-614,317182,"ARCONADO, JULIRT SILVINO",1966-07-17,Female,"Barangay VII","City of Vigan",1,2026-09-28T13:16:39.771769+00:00,MERGE SERVICES TO PRIMARY
EXACT_MATCH,EXACT-GRP-615,226088,"Sales Ever Nimfa Alimay",1965-05-21,Female,"Barangay VII","City of Vigan",2,2026-06-25T11:13:45.270667+00:00,KEEP (Primary)
EXACT_MATCH,EXACT-GRP-615,308596,"Sales, Ever Nimfa Alimay",1965-05-21,Female,"Barangay VII","City of Vigan",2,2026-09-27T02:29:08.993192+00:00,MERGE SERVICES TO PRIMARY
EXACT_MATCH,EXACT-GRP-616,226089,"Tacud Cristina",1963-07-24,Female,"Barangay VII","City of Vigan",1,2026-06-25T11:13:45.270667+00:00,KEEP (Primary)
EXACT_MATCH,EXACT-GRP-616,317117,"TACUD, CRISTINA",1963-07-24,Female,"Barangay VII","City of Vigan",1,2026-09-28T13:16:39.771769+00:00,MERGE SERVICES TO PRIMARY
EXACT_MATCH,EXACT-GRP-617,226090,"Arcena Justina Tacud",1963-05-14,Female,"Barangay VII","City of Vigan",1,2026-06-25T11:13:45.270667+00:00,KEEP (Primary)
EXACT_MATCH,EXACT-GRP-617,317115,"ARCENA, JUSTINA TACUD",1963-05-14,Female,"Barangay VII","City of Vigan",1,2026-09-28T13:16:39.771769+00:00,MERGE SERVICES TO PRIMARY
EXACT_MATCH,EXACT-GRP-618,226091,"Alimay Reynalita Parungao",1962-11-09,Female,"Barangay VII","City of Vigan",2,2026-06-25T11:13:45.270667+00:00,KEEP (Primary)
EXACT_MATCH,EXACT-GRP-618,317226,"ALIMAY, REYNALITA PARUNGAO",1962-11-09,Female,"Barangay VII","City of Vigan",1,2026-09-28T13:16:39.771769+00:00,MERGE SERVICES TO PRIMARY
EXACT_MATCH,EXACT-GRP-619,226092,"Bayuca Erlinda",1962-10-10,Female,"Barangay VII","City of Vigan",1,2026-06-25T11:13:45.270667+00:00,KEEP (Primary)
EXACT_MATCH,EXACT-GRP-619,317135,"BAYUCA, ERLINDA",1962-10-10,Female,"Barangay VII","City of Vigan",1,2026-09-28T13:16:39.771769+00:00,MERGE SERVICES TO PRIMARY
EXACT_MATCH,EXACT-GRP-620,226093,"Sales Melvin Alimay",1960-11-19,Female,"Barangay VII","City of Vigan",2,2026-06-25T11:13:45.270667+00:00,KEEP (Primary)
EXACT_MATCH,EXACT-GRP-620,308595,"Sales, Melvin Alimay",1960-11-19,Female,"Barangay VII","City of Vigan",2,2026-09-27T02:29:08.993192+00:00,MERGE SERVICES TO PRIMARY
EXACT_MATCH,EXACT-GRP-621,226094,"Rabara Elizabeth",1960-11-12,Female,"Barangay VII","City of Vigan",1,2026-06-25T11:13:45.270667+00:00,KEEP (Primary)
EXACT_MATCH,EXACT-GRP-621,317121,"RABARA, ELIZABETH",1960-11-12,Female,"Barangay VII","City of Vigan",1,2026-09-28T13:16:39.771769+00:00,MERGE SERVICES TO PRIMARY
EXACT_MATCH,EXACT-GRP-622,226095,"Fernandez Susan Espiritu",1960-07-06,Female,"Barangay VII","City of Vigan",2,2026-06-25T11:13:45.270667+00:00,KEEP (Primary)
EXACT_MATCH,EXACT-GRP-622,317177,"FERNANDEZ, SUSAN ESPIRITU",1960-07-06,Female,"Barangay VII","City of Vigan",1,2026-09-28T13:16:39.771769+00:00,MERGE SERVICES TO PRIMARY
EXACT_MATCH,EXACT-GRP-623,226097,"Reyes Josefina Tacud",1958-03-19,Female,"Barangay VII","City of Vigan",1,2026-06-25T11:13:45.270667+00:00,KEEP (Primary)
EXACT_MATCH,EXACT-GRP-623,317102,"REYES, JOSEFINA TACUD",1958-03-19,Female,"Barangay VII","City of Vigan",1,2026-09-28T13:16:39.771769+00:00,MERGE SERVICES TO PRIMARY
EXACT_MATCH,EXACT-GRP-624,226100,"Carta Mary Rose Repotula",1957-10-06,Female,"Barangay VII","City of Vigan",2,2026-06-25T11:13:45.270667+00:00,KEEP (Primary)
EXACT_MATCH,EXACT-GRP-624,317167,"CARTA, MARY ROSE REPOTULA",1957-10-06,Female,"Barangay VII","City of Vigan",1,2026-09-28T13:16:39.771769+00:00,MERGE SERVICES TO PRIMARY
EXACT_MATCH,EXACT-GRP-625,226101,"Tacud Leticia Pascua",1957-09-24,Female,"Barangay VII","City of Vigan",1,2026-06-25T11:13:45.270667+00:00,KEEP (Primary)
EXACT_MATCH,EXACT-GRP-625,317116,"TACUD, LETICIA PASCUA",1957-09-24,Female,"Barangay VII","City of Vigan",1,2026-09-28T13:16:39.771769+00:00,MERGE SERVICES TO PRIMARY
EXACT_MATCH,EXACT-GRP-626,226102,"Alagar Maria Theresa King",1956-09-18,Female,"Barangay VII","City of Vigan",1,2026-06-25T11:13:45.270667+00:00,KEEP (Primary)
EXACT_MATCH,EXACT-GRP-626,317141,"ALAGAR, MARIA THERESA KING",1956-09-18,Female,"Barangay VII","City of Vigan",1,2026-09-28T13:16:39.771769+00:00,MERGE SERVICES TO PRIMARY
EXACT_MATCH,EXACT-GRP-627,226103,"King Florida Bigonia",1956-02-21,Female,"Barangay VII","City of Vigan",1,2026-06-25T11:13:45.270667+00:00,KEEP (Primary)
EXACT_MATCH,EXACT-GRP-627,317136,"KING, FLORIDA BIGONIA",1956-02-21,Female,"Barangay VII","City of Vigan",1,2026-09-28T13:16:39.771769+00:00,MERGE SERVICES TO PRIMARY
EXACT_MATCH,EXACT-GRP-628,226105,"Alingod Elma Go",1955-05-29,Female,"Barangay VII","City of Vigan",2,2026-06-25T11:13:45.270667+00:00,KEEP (Primary)
EXACT_MATCH,EXACT-GRP-628,317237,"ALINGOD, ELMA GO",1955-05-29,Female,"Barangay VII","City of Vigan",1,2026-09-28T13:16:39.771769+00:00,MERGE SERVICES TO PRIMARY
EXACT_MATCH,EXACT-GRP-629,226106,"Pe Benito Evie",1955-04-25,Female,"Barangay VII","City of Vigan",1,2026-06-25T11:13:45.270667+00:00,KEEP (Primary)
EXACT_MATCH,EXACT-GRP-629,317120,"PE BENITO, EVIE",1955-04-25,Female,"Barangay VII","City of Vigan",1,2026-09-28T13:16:39.771769+00:00,MERGE SERVICES TO PRIMARY
EXACT_MATCH,EXACT-GRP-630,226107,"Riveta Emilia Zamora",1954-08-09,Female,"Barangay VII","City of Vigan",2,2026-06-25T11:13:45.270667+00:00,KEEP (Primary)
EXACT_MATCH,EXACT-GRP-630,317215,"RIVETA, EMILIA ZAMORA",1954-08-09,Female,"Barangay VII","City of Vigan",1,2026-09-28T13:16:39.771769+00:00,MERGE SERVICES TO PRIMARY
EXACT_MATCH,EXACT-GRP-631,226108,"Laforteza Rosario",1953-08-16,Female,"Barangay VII","City of Vigan",1,2026-06-25T11:13:45.270667+00:00,KEEP (Primary)
EXACT_MATCH,EXACT-GRP-631,317090,"LAFORTEZA, ROSARIO",1953-08-16,Female,"Barangay VII","City of Vigan",1,2026-09-28T13:16:39.771769+00:00,MERGE SERVICES TO PRIMARY
EXACT_MATCH,EXACT-GRP-632,226109,"Camacho Ma. Victoria Prodencio",1952-10-17,Female,"Barangay VII","City of Vigan",1,2026-06-25T11:13:45.270667+00:00,KEEP (Primary)
EXACT_MATCH,EXACT-GRP-632,317078,"CAMACHO, MA. VICTORIA PRODENCIO",1952-10-17,Female,"Barangay VII","City of Vigan",1,2026-09-28T13:16:39.771769+00:00,MERGE SERVICES TO PRIMARY
EXACT_MATCH,EXACT-GRP-633,226111,"Arconado Carmen Bien",1952-02-05,Female,"Barangay VII","City of Vigan",2,2026-06-25T11:13:45.270667+00:00,KEEP (Primary)
EXACT_MATCH,EXACT-GRP-633,317189,"ARCONADO, CARMEN BIEN",1952-02-05,Female,"Barangay VII","City of Vigan",1,2026-09-28T13:16:39.771769+00:00,MERGE SERVICES TO PRIMARY
EXACT_MATCH,EXACT-GRP-634,226113,"Riveta Lucia Raquepo",1950-12-13,Female,"Barangay VII","City of Vigan",2,2026-06-25T11:13:45.270667+00:00,KEEP (Primary)
EXACT_MATCH,EXACT-GRP-634,317207,"RIVETA, LUCIA RAQUEPO",1950-12-13,Female,"Barangay VII","City of Vigan",1,2026-09-28T13:16:39.771769+00:00,MERGE SERVICES TO PRIMARY
EXACT_MATCH,EXACT-GRP-635,226114,"Pipo Conchita Ante",1950-08-24,Female,"Barangay VII","City of Vigan",1,2026-06-25T11:13:45.270667+00:00,KEEP (Primary)
EXACT_MATCH,EXACT-GRP-635,317092,"PIPO, CONCHITA ANTE",1950-08-24,Female,"Barangay VII","City of Vigan",1,2026-09-28T13:16:39.771769+00:00,MERGE SERVICES TO PRIMARY
EXACT_MATCH,EXACT-GRP-636,226115,"Arconado Clarita Ruiria",1950-01-09,Female,"Barangay VII","City of Vigan",2,2026-06-25T11:13:45.270667+00:00,KEEP (Primary)
EXACT_MATCH,EXACT-GRP-636,317185,"ARCONADO, CLARITA RUIRIA",1950-01-09,Female,"Barangay VII","City of Vigan",1,2026-09-28T13:16:39.771769+00:00,MERGE SERVICES TO PRIMARY
EXACT_MATCH,EXACT-GRP-637,226116,"Ramos Teresita Rodiris",1949-10-22,Female,"Barangay VII","City of Vigan",1,2026-06-25T11:13:45.270667+00:00,KEEP (Primary)
EXACT_MATCH,EXACT-GRP-637,317125,"RAMOS, TERESITA RODIRIS",1949-10-22,Female,"Barangay VII","City of Vigan",1,2026-09-28T13:16:39.771769+00:00,MERGE SERVICES TO PRIMARY
EXACT_MATCH,EXACT-GRP-638,226118,"Riveta Mary Zamora",1949-04-04,Female,"Barangay VII","City of Vigan",2,2026-06-25T11:13:45.270667+00:00,KEEP (Primary)
EXACT_MATCH,EXACT-GRP-638,317214,"RIVETA, MARY ZAMORA",1949-04-04,Female,"Barangay VII","City of Vigan",1,2026-09-28T13:16:39.771769+00:00,MERGE SERVICES TO PRIMARY
EXACT_MATCH,EXACT-GRP-639,226119,"Umutoy Estrella Rouelos",1947-11-01,Female,"Barangay VII","City of Vigan",1,2026-06-25T11:13:45.270667+00:00,KEEP (Primary)
EXACT_MATCH,EXACT-GRP-639,317134,"UMUTOY, ESTRELLA ROUELOS",1947-11-01,Female,"Barangay VII","City of Vigan",1,2026-09-28T13:16:39.771769+00:00,MERGE SERVICES TO PRIMARY
EXACT_MATCH,EXACT-GRP-640,226120,"Palas Lilia Del Castillo",1945-02-22,Female,"Barangay VII","City of Vigan",1,2026-06-25T11:13:45.270667+00:00,KEEP (Primary)
EXACT_MATCH,EXACT-GRP-640,317128,"PALAS, LILIA DEL CASTILLO",1945-02-22,Female,"Barangay VII","City of Vigan",1,2026-09-28T13:16:39.771769+00:00,MERGE SERVICES TO PRIMARY
EXACT_MATCH,EXACT-GRP-641,308643,"Navarro, Loreto Pilorin",1944-04-19,Female,"Barangay VII","City of Vigan",2,2026-09-27T02:29:08.993192+00:00,KEEP (Primary)
EXACT_MATCH,EXACT-GRP-641,226121,"Navarro Loreto Pilorin",1944-04-19,Female,"Barangay VII","City of Vigan",1,2026-06-25T11:13:45.270667+00:00,MERGE SERVICES TO PRIMARY
EXACT_MATCH,EXACT-GRP-642,226123,"Arconado Melita Bien",1942-03-10,Female,"Barangay VII","City of Vigan",2,2026-06-25T11:13:45.270667+00:00,KEEP (Primary)
EXACT_MATCH,EXACT-GRP-642,317190,"ARCONADO, MELITA BIEN",1942-03-10,Female,"Barangay VII","City of Vigan",1,2026-09-28T13:16:39.771769+00:00,MERGE SERVICES TO PRIMARY
EXACT_MATCH,EXACT-GRP-643,226124,"Rabara Claudia",1931-05-18,Female,"Barangay VII","City of Vigan",1,2026-06-25T11:13:45.270667+00:00,KEEP (Primary)
EXACT_MATCH,EXACT-GRP-643,317124,"RABARA, CLAUDIA",1931-05-18,Female,"Barangay VII","City of Vigan",1,2026-09-28T13:16:39.771769+00:00,MERGE SERVICES TO PRIMARY
EXACT_MATCH,EXACT-GRP-644,226125,"Sales Maverick Anthony Go",2024-07-19,Male,"Barangay VII","City of Vigan",2,2026-06-25T11:13:45.270667+00:00,KEEP (Primary)
EXACT_MATCH,EXACT-GRP-644,306802,"SALES, MAVERICK ANTHONY GO",2024-07-19,Male,"Barangay VII","City of Vigan",2,2026-09-27T00:36:35.948237+00:00,MERGE SERVICES TO PRIMARY
EXACT_MATCH,EXACT-GRP-645,226127,"Viuya John Mark Carta",2022-07-27,Male,"Barangay VII","City of Vigan",2,2026-06-25T11:13:45.270667+00:00,KEEP (Primary)
EXACT_MATCH,EXACT-GRP-645,317896,"VIUYA, JOHN MARK CARTA",2022-07-27,Male,"Barangay VII","City of Vigan",1,2026-09-28T13:16:44.993661+00:00,MERGE SERVICES TO PRIMARY
EXACT_MATCH,EXACT-GRP-646,226128,"San Jose King Jaimiel De Guzman",2022-06-02,Male,"Barangay VII","City of Vigan",2,2026-06-25T11:13:45.270667+00:00,KEEP (Primary)
EXACT_MATCH,EXACT-GRP-646,317977,"SAN JOSE, KING JAIMIEL DE GUZMAN",2022-06-02,Male,"Barangay VII","City of Vigan",1,2026-09-28T13:16:44.993661+00:00,MERGE SERVICES TO PRIMARY
EXACT_MATCH,EXACT-GRP-647,226129,"Sales Joash Dela Cruz",2021-04-20,Male,"Barangay VII","City of Vigan",2,2026-06-25T11:13:45.270667+00:00,KEEP (Primary)
EXACT_MATCH,EXACT-GRP-647,317925,"SALES, JOASH DELA CRUZ",2021-04-20,Male,"Barangay VII","City of Vigan",1,2026-09-28T13:16:44.993661+00:00,MERGE SERVICES TO PRIMARY
EXACT_MATCH,EXACT-GRP-648,226130,"Agsalud Kerwin Omaҋa",2020-10-14,Male,"Barangay VII","City of Vigan",2,2026-06-25T11:13:45.270667+00:00,KEEP (Primary)
EXACT_MATCH,EXACT-GRP-648,317936,"AGSALUD, KERWIN OMAҊA",2020-10-14,Male,"Barangay VII","City of Vigan",1,2026-09-28T13:16:44.993661+00:00,MERGE SERVICES TO PRIMARY
EXACT_MATCH,EXACT-GRP-649,226131,"Guerreo Alfonso Jose Bajet",2020-09-01,Male,"Barangay VII","City of Vigan",2,2026-06-25T11:13:45.270667+00:00,KEEP (Primary)
EXACT_MATCH,EXACT-GRP-649,317958,"GUERREO, ALFONSO JOSE BAJET",2020-09-01,Male,"Barangay VII","City of Vigan",1,2026-09-28T13:16:44.993661+00:00,MERGE SERVICES TO PRIMARY
EXACT_MATCH,EXACT-GRP-650,226132,"Llanes Samuel",2020-08-16,Male,"Barangay VII","City of Vigan",1,2026-06-25T11:13:45.270667+00:00,KEEP (Primary)
EXACT_MATCH,EXACT-GRP-650,317849,"LLANES, SAMUEL",2020-08-16,Male,"Barangay VII","City of Vigan",1,2026-09-28T13:16:44.993661+00:00,MERGE SERVICES TO PRIMARY
EXACT_MATCH,EXACT-GRP-651,226133,"Baracao Jheansen John Arcena",2020-05-03,Male,"Barangay VII","City of Vigan",1,2026-06-25T11:13:45.270667+00:00,KEEP (Primary)
EXACT_MATCH,EXACT-GRP-651,317852,"BARACAO, JHEANSEN JOHN ARCENA",2020-05-03,Male,"Barangay VII","City of Vigan",1,2026-09-28T13:16:44.993661+00:00,MERGE SERVICES TO PRIMARY
EXACT_MATCH,EXACT-GRP-652,226134,"Rabino Arvin Zadkiel Sales",2019-11-28,Male,"Barangay VII","City of Vigan",2,2026-06-25T11:13:45.270667+00:00,KEEP (Primary)
EXACT_MATCH,EXACT-GRP-652,317874,"RABINO, ARVIN ZADKIEL SALES",2019-11-28,Male,"Barangay VII","City of Vigan",1,2026-09-28T13:16:44.993661+00:00,MERGE SERVICES TO PRIMARY
EXACT_MATCH,EXACT-GRP-653,226135,"Osalvo Prince Kyle Santiago",2019-05-01,Male,"Barangay VII","City of Vigan",1,2026-06-25T11:13:45.270667+00:00,KEEP (Primary)
EXACT_MATCH,EXACT-GRP-653,317872,"OSALVO, PRINCE KYLE SANTIAGO",2019-05-01,Male,"Barangay VII","City of Vigan",1,2026-09-28T13:16:44.993661+00:00,MERGE SERVICES TO PRIMARY
EXACT_MATCH,EXACT-GRP-654,226136,"Alingod Zeph Asher Pilot",2019-04-10,Male,"Barangay VII","City of Vigan",2,2026-06-25T11:13:45.270667+00:00,KEEP (Primary)
EXACT_MATCH,EXACT-GRP-654,317966,"ALINGOD, ZEPH ASHER PILOT",2019-04-10,Male,"Barangay VII","City of Vigan",1,2026-09-28T13:16:44.993661+00:00,MERGE SERVICES TO PRIMARY
EXACT_MATCH,EXACT-GRP-655,226137,"Laforteza Marquize Renzo Mallari",2019-03-15,Male,"Barangay VII","City of Vigan",1,2026-06-25T11:13:45.270667+00:00,KEEP (Primary)
EXACT_MATCH,EXACT-GRP-655,317837,"LAFORTEZA, MARQUIZE RENZO MALLARI",2019-03-15,Male,"Barangay VII","City of Vigan",1,2026-09-28T13:16:44.993661+00:00,MERGE SERVICES TO PRIMARY
EXACT_MATCH,EXACT-GRP-656,226138,"Marquez John Cedrick Fernandez",2019-03-12,Male,"Barangay VII","City of Vigan",2,2026-06-25T11:13:45.270667+00:00,KEEP (Primary)
EXACT_MATCH,EXACT-GRP-656,317902,"MARQUEZ, JOHN CEDRICK FERNANDEZ",2019-03-12,Male,"Barangay VII","City of Vigan",1,2026-09-28T13:16:44.993661+00:00,MERGE SERVICES TO PRIMARY
EXACT_MATCH,EXACT-GRP-657,226139,"Espiritu Mark Daniel Pantaleon",2018-08-15,Male,"Barangay VII","City of Vigan",2,2026-06-25T11:13:45.270667+00:00,KEEP (Primary)
EXACT_MATCH,EXACT-GRP-657,317889,"ESPIRITU, MARK DANIEL PANTALEON",2018-08-15,Male,"Barangay VII","City of Vigan",1,2026-09-28T13:16:44.993661+00:00,MERGE SERVICES TO PRIMARY
EXACT_MATCH,EXACT-GRP-658,226140,"Reyes Xian Axel Estoesta",2018-03-11,Male,"Barangay VII","City of Vigan",1,2026-06-25T11:13:45.270667+00:00,KEEP (Primary)
EXACT_MATCH,EXACT-GRP-658,317845,"REYES, XIAN AXEL ESTOESTA",2018-03-11,Male,"Barangay VII","City of Vigan",1,2026-09-28T13:16:44.993661+00:00,MERGE SERVICES TO PRIMARY
EXACT_MATCH,EXACT-GRP-659,226141,"Fontano Klayden Jazz Tacud",2018-02-10,Male,"Barangay VII","City of Vigan",1,2026-06-25T11:13:45.270667+00:00,KEEP (Primary)
EXACT_MATCH,EXACT-GRP-659,317841,"FONTANO, KLAYDEN JAZZ TACUD",2018-02-10,Male,"Barangay VII","City of Vigan",1,2026-09-28T13:16:44.993661+00:00,MERGE SERVICES TO PRIMARY
EXACT_MATCH,EXACT-GRP-660,226142,"Llanes Sanjoe",2017-11-18,Male,"Barangay VII","City of Vigan",1,2026-06-25T11:13:45.270667+00:00,KEEP (Primary)
EXACT_MATCH,EXACT-GRP-660,317848,"LLANES, SANJOE",2017-11-18,Male,"Barangay VII","City of Vigan",1,2026-09-28T13:16:44.993661+00:00,MERGE SERVICES TO PRIMARY
EXACT_MATCH,EXACT-GRP-661,226143,"Viuya Mark Anthony Carta",2016-09-15,Male,"Barangay VII","City of Vigan",2,2026-06-25T11:13:45.270667+00:00,KEEP (Primary)
EXACT_MATCH,EXACT-GRP-661,317895,"VIUYA, MARK ANTHONY CARTA",2016-09-15,Male,"Barangay VII","City of Vigan",1,2026-09-28T13:16:44.993661+00:00,MERGE SERVICES TO PRIMARY
EXACT_MATCH,EXACT-GRP-662,226144,"Marquez Zyren Grei Fernandez",2016-06-05,Male,"Barangay VII","City of Vigan",2,2026-06-25T11:13:45.270667+00:00,KEEP (Primary)
EXACT_MATCH,EXACT-GRP-662,317901,"MARQUEZ, ZYREN GREI FERNANDEZ",2016-06-05,Male,"Barangay VII","City of Vigan",1,2026-09-28T13:16:44.993661+00:00,MERGE SERVICES TO PRIMARY
EXACT_MATCH,EXACT-GRP-663,226145,"Ancheta Juan Miguel Das",2015-11-10,Male,"Barangay VII","City of Vigan",1,2026-06-25T11:13:45.270667+00:00,KEEP (Primary)
EXACT_MATCH,EXACT-GRP-663,317826,"ANCHETA, JUAN MIGUEL DAS",2015-11-10,Male,"Barangay VII","City of Vigan",1,2026-09-28T13:16:44.993661+00:00,MERGE SERVICES TO PRIMARY
EXACT_MATCH,EXACT-GRP-664,226146,"Baracao Jansen Jay Arcena",2014-10-01,Male,"Barangay VII","City of Vigan",1,2026-06-25T11:13:45.270667+00:00,KEEP (Primary)
EXACT_MATCH,EXACT-GRP-664,317851,"BARACAO, JANSEN JAY ARCENA",2014-10-01,Male,"Barangay VII","City of Vigan",1,2026-09-28T13:16:44.993661+00:00,MERGE SERVICES TO PRIMARY
EXACT_MATCH,EXACT-GRP-665,226147,"Fabian Mathew Carta",2014-08-17,Male,"Barangay VII","City of Vigan",2,2026-06-25T11:13:45.270667+00:00,KEEP (Primary)
EXACT_MATCH,EXACT-GRP-665,317893,"FABIAN, MATHEW CARTA",2014-08-17,Male,"Barangay VII","City of Vigan",1,2026-09-28T13:16:44.993661+00:00,MERGE SERVICES TO PRIMARY
EXACT_MATCH,EXACT-GRP-666,226148,"Laurente Harish Hamiko Pe Benito",2014-07-14,Male,"Barangay VII","City of Vigan",1,2026-06-25T11:13:45.270667+00:00,KEEP (Primary)
EXACT_MATCH,EXACT-GRP-666,317857,"LAURENTE, HARISH HAMIKO PE BENITO",2014-07-14,Male,"Barangay VII","City of Vigan",1,2026-09-28T13:16:44.993661+00:00,MERGE SERVICES TO PRIMARY
EXACT_MATCH,EXACT-GRP-667,226150,"Alingod Drew Ethan Diego",2013-12-07,Male,"Barangay VII","City of Vigan",2,2026-06-25T11:13:45.270667+00:00,KEEP (Primary)
EXACT_MATCH,EXACT-GRP-667,317969,"ALINGOD, DREW ETHAN DIEGO",2013-12-07,Male,"Barangay VII","City of Vigan",1,2026-09-28T13:16:44.993661+00:00,MERGE SERVICES TO PRIMARY
EXACT_MATCH,EXACT-GRP-668,226153,"Reyes Rojon Derick Tacud",2011-10-12,Male,"Barangay VII","City of Vigan",1,2026-06-25T11:13:45.270667+00:00,KEEP (Primary)
EXACT_MATCH,EXACT-GRP-668,317843,"REYES, ROJON DERICK TACUD",2011-10-12,Male,"Barangay VII","City of Vigan",1,2026-09-28T13:16:44.993661+00:00,MERGE SERVICES TO PRIMARY
EXACT_MATCH,EXACT-GRP-669,226154,"Arconado Aljhobier Avila",2011-09-24,Male,"Barangay VII","City of Vigan",2,2026-06-25T11:13:45.270667+00:00,KEEP (Primary)
EXACT_MATCH,EXACT-GRP-669,317916,"ARCONADO, ALJHOBIER AVILA",2011-09-24,Male,"Barangay VII","City of Vigan",1,2026-09-28T13:16:44.993661+00:00,MERGE SERVICES TO PRIMARY
EXACT_MATCH,EXACT-GRP-670,226155,"Riveta Lance Soriel Laya",2011-06-04,Male,"Barangay VII","City of Vigan",2,2026-06-25T11:13:45.270667+00:00,KEEP (Primary)
EXACT_MATCH,EXACT-GRP-670,317942,"RIVETA, LANCE SORIEL LAYA",2011-06-04,Male,"Barangay VII","City of Vigan",1,2026-09-28T13:16:44.993661+00:00,MERGE SERVICES TO PRIMARY
EXACT_MATCH,EXACT-GRP-671,226156,"Ricanor Kurt Jimnush De Guzman",2011-02-23,Male,"Barangay VII","City of Vigan",2,2026-06-25T11:13:45.270667+00:00,KEEP (Primary)
EXACT_MATCH,EXACT-GRP-671,317976,"RICANOR, KURT JIMNUSH DE GUZMAN",2011-02-23,Male,"Barangay VII","City of Vigan",1,2026-09-28T13:16:44.993661+00:00,MERGE SERVICES TO PRIMARY
EXACT_MATCH,EXACT-GRP-672,226157,"Navarro Ethan Jules",2011-01-12,Male,"Barangay VII","City of Vigan",1,2026-06-25T11:13:45.270667+00:00,KEEP (Primary)
EXACT_MATCH,EXACT-GRP-672,317832,"NAVARRO, ETHAN JULES",2011-01-12,Male,"Barangay VII","City of Vigan",1,2026-09-28T13:16:44.993661+00:00,MERGE SERVICES TO PRIMARY
EXACT_MATCH,EXACT-GRP-673,226158,"Alingod Kyle Xavier Pilot",2010-12-02,Male,"Barangay VII","City of Vigan",2,2026-06-25T11:13:45.270667+00:00,KEEP (Primary)
EXACT_MATCH,EXACT-GRP-673,317965,"ALINGOD, KYLE XAVIER PILOT",2010-12-02,Male,"Barangay VII","City of Vigan",1,2026-09-28T13:16:44.993661+00:00,MERGE SERVICES TO PRIMARY
EXACT_MATCH,EXACT-GRP-674,226159,"Esta Kym Xandrei Espinosa",2010-10-05,Male,"Barangay VII","City of Vigan",2,2026-06-25T11:13:45.270667+00:00,KEEP (Primary)
EXACT_MATCH,EXACT-GRP-674,317963,"ESTA, KYM XANDREI ESPINOSA",2010-10-05,Male,"Barangay VII","City of Vigan",1,2026-09-28T13:16:44.993661+00:00,MERGE SERVICES TO PRIMARY
EXACT_MATCH,EXACT-GRP-675,226160,"Irorita Lil Saint Espiritu",2010-03-16,Male,"Barangay VII","City of Vigan",2,2026-06-25T11:13:45.270667+00:00,KEEP (Primary)
EXACT_MATCH,EXACT-GRP-675,317890,"IRORITA, LIL SAINT ESPIRITU",2010-03-16,Male,"Barangay VII","City of Vigan",1,2026-09-28T13:16:44.993661+00:00,MERGE SERVICES TO PRIMARY
EXACT_MATCH,EXACT-GRP-676,226161,"Fernandez Jeremac Seanne Arconado",2009-12-17,Male,"Barangay VII","City of Vigan",2,2026-06-25T11:13:45.270667+00:00,KEEP (Primary)
EXACT_MATCH,EXACT-GRP-676,317920,"FERNANDEZ, JEREMAC SEANNE ARCONADO",2009-12-17,Male,"Barangay VII","City of Vigan",1,2026-09-28T13:16:44.993661+00:00,MERGE SERVICES TO PRIMARY
EXACT_MATCH,EXACT-GRP-677,226162,"King Stephen Karl Ganaban",2008-06-21,Male,"Barangay VII","City of Vigan",1,2026-06-25T11:13:45.270667+00:00,KEEP (Primary)
EXACT_MATCH,EXACT-GRP-677,317868,"KING, STEPHEN KARL GANABAN",2008-06-21,Male,"Barangay VII","City of Vigan",1,2026-09-28T13:16:44.993661+00:00,MERGE SERVICES TO PRIMARY
EXACT_MATCH,EXACT-GRP-678,226163,"Mendoza Prince Hiro Senen",2008-03-07,Male,"Barangay VII","City of Vigan",2,2026-06-25T11:13:45.270667+00:00,KEEP (Primary)
EXACT_MATCH,EXACT-GRP-678,317881,"MENDOZA, PRINCE HIRO SENEN",2008-03-07,Male,"Barangay VII","City of Vigan",1,2026-09-28T13:16:44.993661+00:00,MERGE SERVICES TO PRIMARY
EXACT_MATCH,EXACT-GRP-679,226164,"Fabian Arthur Carta",2008-02-27,Male,"Barangay VII","City of Vigan",2,2026-06-25T11:13:45.270667+00:00,KEEP (Primary)
EXACT_MATCH,EXACT-GRP-679,317892,"FABIAN, ARTHUR CARTA",2008-02-27,Male,"Barangay VII","City of Vigan",1,2026-09-28T13:16:44.993661+00:00,MERGE SERVICES TO PRIMARY
EXACT_MATCH,EXACT-GRP-680,226165,"Campit Jan Kirby Pagulayan",2008-01-09,Male,"Barangay VII","City of Vigan",2,2026-06-25T11:13:45.270667+00:00,KEEP (Primary)
EXACT_MATCH,EXACT-GRP-680,317887,"CAMPIT, JAN KIRBY PAGULAYAN",2008-01-09,Male,"Barangay VII","City of Vigan",1,2026-09-28T13:16:44.993661+00:00,MERGE SERVICES TO PRIMARY
EXACT_MATCH,EXACT-GRP-681,226166,"Corpuz Wragne Phoenix",2007-12-25,Male,"Barangay VII","City of Vigan",1,2026-06-25T11:13:45.270667+00:00,KEEP (Primary)
EXACT_MATCH,EXACT-GRP-681,317847,"CORPUZ, WRAGNE PHOENIX",2007-12-25,Male,"Barangay VII","City of Vigan",1,2026-09-28T13:16:44.993661+00:00,MERGE SERVICES TO PRIMARY
EXACT_MATCH,EXACT-GRP-682,226168,"Agsalud Karl Enzo Omaҋa",2007-05-12,Male,"Barangay VII","City of Vigan",1,2026-06-25T11:13:45.270667+00:00,KEEP (Primary)
EXACT_MATCH,EXACT-GRP-682,317935,"AGSALUD, KARL ENZO OMAҊA",2007-05-12,Male,"Barangay VII","City of Vigan",1,2026-09-28T13:16:44.993661+00:00,MERGE SERVICES TO PRIMARY
EXACT_MATCH,EXACT-GRP-683,226169,"Agsalud Mark Lowie Laila",2006-09-08,Male,"Barangay VII","City of Vigan",1,2026-06-25T11:13:45.270667+00:00,KEEP (Primary)
EXACT_MATCH,EXACT-GRP-683,317933,"AGSALUD, MARK LOWIE LAILA",2006-09-08,Male,"Barangay VII","City of Vigan",1,2026-09-28T13:16:44.993661+00:00,MERGE SERVICES TO PRIMARY
EXACT_MATCH,EXACT-GRP-684,226170,"Arconado Cyrus Kim Ronada",2006-06-15,Male,"Barangay VII","City of Vigan",2,2026-06-25T11:13:45.270667+00:00,KEEP (Primary)
EXACT_MATCH,EXACT-GRP-684,317910,"ARCONADO, CYRUS KIM RONADA",2006-06-15,Male,"Barangay VII","City of Vigan",1,2026-09-28T13:16:44.993661+00:00,MERGE SERVICES TO PRIMARY
EXACT_MATCH,EXACT-GRP-685,226171,"Fernandez Genesis Arconado",2006-05-17,Male,"Barangay VII","City of Vigan",2,2026-06-25T11:13:45.270667+00:00,KEEP (Primary)
EXACT_MATCH,EXACT-GRP-685,317919,"FERNANDEZ, GENESIS ARCONADO",2006-05-17,Male,"Barangay VII","City of Vigan",1,2026-09-28T13:16:44.993661+00:00,MERGE SERVICES TO PRIMARY
EXACT_MATCH,EXACT-GRP-686,226173,"Riveta Nexus Bryan Somejo",2006-03-19,Male,"Barangay VII","City of Vigan",2,2026-06-25T11:13:45.270667+00:00,KEEP (Primary)
EXACT_MATCH,EXACT-GRP-686,317944,"RIVETA, NEXUS BRYAN SOMEJO",2006-03-19,Male,"Barangay VII","City of Vigan",1,2026-09-28T13:16:44.993661+00:00,MERGE SERVICES TO PRIMARY
EXACT_MATCH,EXACT-GRP-687,226174,"Mendoza Jefferson Senen",2005-11-07,Male,"Barangay VII","City of Vigan",2,2026-06-25T11:13:45.270667+00:00,KEEP (Primary)
EXACT_MATCH,EXACT-GRP-687,317880,"MENDOZA, JEFFERSON SENEN",2005-11-07,Male,"Barangay VII","City of Vigan",1,2026-09-28T13:16:44.993661+00:00,MERGE SERVICES TO PRIMARY
EXACT_MATCH,EXACT-GRP-688,226175,"Alimay Adam Benedict Empleo",2005-05-10,Male,"Barangay VII","City of Vigan",2,2026-06-25T11:13:45.270667+00:00,KEEP (Primary)
EXACT_MATCH,EXACT-GRP-688,317950,"ALIMAY, ADAM BENEDICT EMPLEO",2005-05-10,Male,"Barangay VII","City of Vigan",1,2026-09-28T13:16:44.993661+00:00,MERGE SERVICES TO PRIMARY
EXACT_MATCH,EXACT-GRP-689,226176,"Mendoza Mc Lawrence Senen",2004-04-20,Male,"Barangay VII","City of Vigan",2,2026-06-25T11:13:45.270667+00:00,KEEP (Primary)
EXACT_MATCH,EXACT-GRP-689,317879,"MENDOZA, MC LAWRENCE SENEN",2004-04-20,Male,"Barangay VII","City of Vigan",1,2026-09-28T13:16:44.993661+00:00,MERGE SERVICES TO PRIMARY
EXACT_MATCH,EXACT-GRP-690,226177,"Fernandez Clyde Jerd Arconado",2004-02-16,Male,"Barangay VII","City of Vigan",2,2026-06-25T11:13:45.270667+00:00,KEEP (Primary)
EXACT_MATCH,EXACT-GRP-690,317918,"FERNANDEZ, CLYDE JERD ARCONADO",2004-02-16,Male,"Barangay VII","City of Vigan",1,2026-09-28T13:16:44.993661+00:00,MERGE SERVICES TO PRIMARY
EXACT_MATCH,EXACT-GRP-691,226178,"Arconado Keith Reinnier Bien",2004-01-17,Male,"Barangay VII","City of Vigan",2,2026-06-25T11:13:45.270667+00:00,KEEP (Primary)
EXACT_MATCH,EXACT-GRP-691,317914,"ARCONADO, KEITH REINNIER BIEN",2004-01-17,Male,"Barangay VII","City of Vigan",1,2026-09-28T13:16:44.993661+00:00,MERGE SERVICES TO PRIMARY
EXACT_MATCH,EXACT-GRP-692,226179,"De Guzman James David Apostol",2003-12-18,Male,"Barangay VII","City of Vigan",2,2026-06-25T11:13:45.270667+00:00,KEEP (Primary)
EXACT_MATCH,EXACT-GRP-692,317974,"DE GUZMAN, JAMES DAVID APOSTOL",2003-12-18,Male,"Barangay VII","City of Vigan",1,2026-09-28T13:16:44.993661+00:00,MERGE SERVICES TO PRIMARY
EXACT_MATCH,EXACT-GRP-693,226180,"Go Angelo Niño Valdez",2003-11-04,Male,"Barangay VII","City of Vigan",2,2026-06-25T11:13:45.270667+00:00,KEEP (Primary)
EXACT_MATCH,EXACT-GRP-693,317979,"GO, ANGELO NIÑO VALDEZ",2003-11-04,Male,"Barangay VII","City of Vigan",1,2026-09-28T13:16:44.993661+00:00,MERGE SERVICES TO PRIMARY
EXACT_MATCH,EXACT-GRP-694,226181,"Noriega Jerick Apostol",2003-05-27,Male,"Barangay VII","City of Vigan",2,2026-06-25T11:13:45.270667+00:00,KEEP (Primary)
EXACT_MATCH,EXACT-GRP-694,317972,"NORIEGA, JERICK APOSTOL",2003-05-27,Male,"Barangay VII","City of Vigan",1,2026-09-28T13:16:44.993661+00:00,MERGE SERVICES TO PRIMARY
EXACT_MATCH,EXACT-GRP-695,226182,"Go Judd Rushan Tabios",2003-02-24,Male,"Barangay VII","City of Vigan",2,2026-06-25T11:13:45.270667+00:00,KEEP (Primary)
EXACT_MATCH,EXACT-GRP-695,317883,"GO, JUDD RUSHAN TABIOS",2003-02-24,Male,"Barangay VII","City of Vigan",1,2026-09-28T13:16:44.993661+00:00,MERGE SERVICES TO PRIMARY
EXACT_MATCH,EXACT-GRP-696,226183,"Mendoza Michael Senen",2002-11-25,Male,"Barangay VII","City of Vigan",2,2026-06-25T11:13:45.270667+00:00,KEEP (Primary)
EXACT_MATCH,EXACT-GRP-696,317878,"MENDOZA, MICHAEL SENEN",2002-11-25,Male,"Barangay VII","City of Vigan",1,2026-09-28T13:16:44.993661+00:00,MERGE SERVICES TO PRIMARY
EXACT_MATCH,EXACT-GRP-697,226184,"Antiporda Kenny Clyde Fontano",2002-09-20,Male,"Barangay VII","City of Vigan",1,2026-06-25T11:13:45.270667+00:00,KEEP (Primary)
EXACT_MATCH,EXACT-GRP-697,317840,"ANTIPORDA, KENNY CLYDE FONTANO",2002-09-20,Male,"Barangay VII","City of Vigan",1,2026-09-28T13:16:44.993661+00:00,MERGE SERVICES TO PRIMARY
EXACT_MATCH,EXACT-GRP-698,226185,"De Guzman Jim Dariel Apostol",2001-09-10,Male,"Barangay VII","City of Vigan",2,2026-06-25T11:13:45.270667+00:00,KEEP (Primary)
EXACT_MATCH,EXACT-GRP-698,317973,"DE GUZMAN, JIM DARIEL APOSTOL",2001-09-10,Male,"Barangay VII","City of Vigan",1,2026-09-28T13:16:44.993661+00:00,MERGE SERVICES TO PRIMARY
EXACT_MATCH,EXACT-GRP-699,226187,"Pacpaco Glen Gabriel Sales",2001-06-15,Male,"Barangay VII","City of Vigan",1,2026-06-25T11:13:45.270667+00:00,KEEP (Primary)
EXACT_MATCH,EXACT-GRP-699,317927,"PACPACO, GLEN GABRIEL SALES",2001-06-15,Male,"Barangay VII","City of Vigan",1,2026-09-28T13:16:44.993661+00:00,MERGE SERVICES TO PRIMARY
EXACT_MATCH,EXACT-GRP-700,226188,"Go Josh Rhian Tabios",2001-05-31,Male,"Barangay VII","City of Vigan",2,2026-06-25T11:13:45.270667+00:00,KEEP (Primary)
EXACT_MATCH,EXACT-GRP-700,317882,"GO, JOSH RHIAN TABIOS",2001-05-31,Male,"Barangay VII","City of Vigan",1,2026-09-28T13:16:44.993661+00:00,MERGE SERVICES TO PRIMARY
EXACT_MATCH,EXACT-GRP-701,226189,"Cortez John Michael Alimay",2001-03-24,Male,"Barangay VII","City of Vigan",1,2026-06-25T11:13:45.270667+00:00,KEEP (Primary)
EXACT_MATCH,EXACT-GRP-701,317930,"CORTEZ, JOHN MICHAEL ALIMAY",2001-03-24,Male,"Barangay VII","City of Vigan",1,2026-09-28T13:16:44.993661+00:00,MERGE SERVICES TO PRIMARY
EXACT_MATCH,EXACT-GRP-702,226190,"Mendoza Mc Kenneth Senen",2000-12-10,Male,"Barangay VII","City of Vigan",2,2026-06-25T11:13:45.270667+00:00,KEEP (Primary)
EXACT_MATCH,EXACT-GRP-702,317877,"MENDOZA, MC KENNETH SENEN",2000-12-10,Male,"Barangay VII","City of Vigan",1,2026-09-28T13:16:44.993661+00:00,MERGE SERVICES TO PRIMARY
EXACT_MATCH,EXACT-GRP-703,226191,"Sales Mark Anthony Senen",1999-06-26,Male,"Barangay VII","City of Vigan",2,2026-06-25T11:13:45.270667+00:00,KEEP (Primary)
EXACT_MATCH,EXACT-GRP-703,317875,"SALES, MARK ANTHONY SENEN",1999-06-26,Male,"Barangay VII","City of Vigan",1,2026-09-28T13:16:44.993661+00:00,MERGE SERVICES TO PRIMARY
EXACT_MATCH,EXACT-GRP-704,226192,"Osalvo Patrick Ace",1998-09-30,Male,"Barangay VII","City of Vigan",1,2026-06-25T11:13:45.270667+00:00,KEEP (Primary)
EXACT_MATCH,EXACT-GRP-704,317871,"OSALVO, PATRICK ACE",1998-09-30,Male,"Barangay VII","City of Vigan",1,2026-09-28T13:16:44.993661+00:00,MERGE SERVICES TO PRIMARY
EXACT_MATCH,EXACT-GRP-705,226193,"Arcena Antero Teddy Tacud",1998-08-02,Male,"Barangay VII","City of Vigan",1,2026-06-25T11:13:45.270667+00:00,KEEP (Primary)
EXACT_MATCH,EXACT-GRP-705,317854,"ARCENA, ANTERO TEDDY TACUD",1998-08-02,Male,"Barangay VII","City of Vigan",1,2026-09-28T13:16:44.993661+00:00,MERGE SERVICES TO PRIMARY
EXACT_MATCH,EXACT-GRP-706,226194,"Almazan Jimboy Agsalud",1998-07-28,Male,"Barangay VII","City of Vigan",1,2026-06-25T11:13:45.270667+00:00,KEEP (Primary)
EXACT_MATCH,EXACT-GRP-706,317934,"ALMAZAN, JIMBOY AGSALUD",1998-07-28,Male,"Barangay VII","City of Vigan",1,2026-09-28T13:16:44.993661+00:00,MERGE SERVICES TO PRIMARY
EXACT_MATCH,EXACT-GRP-707,226195,"Ancheta Joliemar Justo Justine",1998-04-06,Male,"Barangay VII","City of Vigan",1,2026-06-25T11:13:45.270667+00:00,KEEP (Primary)
EXACT_MATCH,EXACT-GRP-707,317825,"ANCHETA, JOLIEMAR JUSTO JUSTINE",1998-04-06,Male,"Barangay VII","City of Vigan",1,2026-09-28T13:16:44.993661+00:00,MERGE SERVICES TO PRIMARY
EXACT_MATCH,EXACT-GRP-708,226196,"Alcantara Rhon Kenneth Avila",1998-01-27,Male,"Barangay VII","City of Vigan",2,2026-06-25T11:13:45.270667+00:00,KEEP (Primary)
EXACT_MATCH,EXACT-GRP-708,308619,"Alcantara, Rhon Kenneth Avila",1998-01-27,Male,"Barangay VII","City of Vigan",2,2026-09-27T02:29:08.993192+00:00,MERGE SERVICES TO PRIMARY
EXACT_MATCH,EXACT-GRP-709,226197,"Fernandez Jade Cesar Arconado",1997-09-20,Male,"Barangay VII","City of Vigan",2,2026-06-25T11:13:45.270667+00:00,KEEP (Primary)
EXACT_MATCH,EXACT-GRP-709,317917,"FERNANDEZ, JADE CESAR ARCONADO",1997-09-20,Male,"Barangay VII","City of Vigan",1,2026-09-28T13:16:44.993661+00:00,MERGE SERVICES TO PRIMARY
EXACT_MATCH,EXACT-GRP-710,226198,"Olida Pugal Samuel",1997-09-19,Male,"Barangay VII","City of Vigan",1,2026-06-25T11:13:45.270667+00:00,KEEP (Primary)
EXACT_MATCH,EXACT-GRP-710,317858,"OLIDA, PUGAL SAMUEL",1997-09-19,Male,"Barangay VII","City of Vigan",1,2026-09-28T13:16:44.993661+00:00,MERGE SERVICES TO PRIMARY
EXACT_MATCH,EXACT-GRP-711,226199,"Cortez Mike Christian Alimay",1997-04-24,Male,"Barangay VII","City of Vigan",1,2026-06-25T11:13:45.270667+00:00,KEEP (Primary)
EXACT_MATCH,EXACT-GRP-711,317929,"CORTEZ, MIKE CHRISTIAN ALIMAY",1997-04-24,Male,"Barangay VII","City of Vigan",1,2026-09-28T13:16:44.993661+00:00,MERGE SERVICES TO PRIMARY
EXACT_MATCH,EXACT-GRP-712,226200,"Suyat Alvin Jade Ponce",1997-01-20,Male,"Barangay VII","City of Vigan",2,2026-06-25T11:13:45.270667+00:00,KEEP (Primary)
EXACT_MATCH,EXACT-GRP-712,308561,"Suyat, Alvin Jade Ponce",1997-01-20,Male,"Barangay VII","City of Vigan",2,2026-09-27T02:29:08.993192+00:00,MERGE SERVICES TO PRIMARY
EXACT_MATCH,EXACT-GRP-713,226201,"De Peralta Patrick Riveta",1995-12-20,Male,"Barangay VII","City of Vigan",2,2026-06-25T11:13:45.270667+00:00,KEEP (Primary)
EXACT_MATCH,EXACT-GRP-713,317947,"DE PERALTA, PATRICK RIVETA",1995-12-20,Male,"Barangay VII","City of Vigan",1,2026-09-28T13:16:44.993661+00:00,MERGE SERVICES TO PRIMARY
EXACT_MATCH,EXACT-GRP-714,226203,"Reyes Perry",1995-11-11,Male,"Barangay VII","City of Vigan",1,2026-06-25T11:13:45.270667+00:00,KEEP (Primary)
EXACT_MATCH,EXACT-GRP-714,317844,"REYES, PERRY",1995-11-11,Male,"Barangay VII","City of Vigan",1,2026-09-28T13:16:44.993661+00:00,MERGE SERVICES TO PRIMARY
EXACT_MATCH,EXACT-GRP-715,226204,"Suyat Aldrin Jake Ponce",1995-11-08,Male,"Barangay VII","City of Vigan",2,2026-06-25T11:13:45.270667+00:00,KEEP (Primary)
EXACT_MATCH,EXACT-GRP-715,317885,"SUYAT, ALDRIN JAKE PONCE",1995-11-08,Male,"Barangay VII","City of Vigan",1,2026-09-28T13:16:44.993661+00:00,MERGE SERVICES TO PRIMARY
EXACT_MATCH,EXACT-GRP-716,226205,"Arconado Jerome Silvino",1995-03-02,Male,"Barangay VII","City of Vigan",2,2026-06-25T11:13:45.270667+00:00,KEEP (Primary)
EXACT_MATCH,EXACT-GRP-716,317905,"ARCONADO, JEROME SILVINO",1995-03-02,Male,"Barangay VII","City of Vigan",1,2026-09-28T13:16:44.993661+00:00,MERGE SERVICES TO PRIMARY
EXACT_MATCH,EXACT-GRP-717,226206,"Rabara Ben Paolo",1993-08-06,Male,"Barangay VII","City of Vigan",1,2026-06-25T11:13:45.270667+00:00,KEEP (Primary)
EXACT_MATCH,EXACT-GRP-717,317860,"RABARA, BEN PAOLO",1993-08-06,Male,"Barangay VII","City of Vigan",1,2026-09-28T13:16:44.993661+00:00,MERGE SERVICES TO PRIMARY
EXACT_MATCH,EXACT-GRP-718,226207,"Cuenta Ronnie Boy Riveta",1992-12-22,Male,"Barangay VII","City of Vigan",2,2026-06-25T11:13:45.270667+00:00,KEEP (Primary)
EXACT_MATCH,EXACT-GRP-718,317940,"CUENTA, RONNIE BOY RIVETA",1992-12-22,Male,"Barangay VII","City of Vigan",1,2026-09-28T13:16:44.993661+00:00,MERGE SERVICES TO PRIMARY
EXACT_MATCH,EXACT-GRP-719,226208,"Baracao Jensen Gallinan",1992-04-20,Male,"Barangay VII","City of Vigan",1,2026-06-25T11:13:45.270667+00:00,KEEP (Primary)
EXACT_MATCH,EXACT-GRP-719,317850,"BARACAO, JENSEN GALLINAN",1992-04-20,Male,"Barangay VII","City of Vigan",1,2026-09-28T13:16:44.993661+00:00,MERGE SERVICES TO PRIMARY
EXACT_MATCH,EXACT-GRP-720,226209,"Cuenta Rolly Boy Riveta",1992-03-09,Male,"Barangay VII","City of Vigan",2,2026-06-25T11:13:45.270667+00:00,KEEP (Primary)
EXACT_MATCH,EXACT-GRP-720,317939,"CUENTA, ROLLY BOY RIVETA",1992-03-09,Male,"Barangay VII","City of Vigan",1,2026-09-28T13:16:44.993661+00:00,MERGE SERVICES TO PRIMARY
EXACT_MATCH,EXACT-GRP-721,226210,"Arconado Gerald Silvino",1992-01-24,Male,"Barangay VII","City of Vigan",2,2026-06-25T11:13:45.270667+00:00,KEEP (Primary)
EXACT_MATCH,EXACT-GRP-721,317906,"ARCONADO, GERALD SILVINO",1992-01-24,Male,"Barangay VII","City of Vigan",1,2026-09-28T13:16:44.993661+00:00,MERGE SERVICES TO PRIMARY
EXACT_MATCH,EXACT-GRP-722,226211,"Reg Denmark Kevin Go",1991-08-15,Male,"Barangay VII","City of Vigan",2,2026-06-25T11:13:45.270667+00:00,KEEP (Primary)
EXACT_MATCH,EXACT-GRP-722,317981,"REG, DENMARK KEVIN GO",1991-08-15,Male,"Barangay VII","City of Vigan",1,2026-09-28T13:16:44.993661+00:00,MERGE SERVICES TO PRIMARY
EXACT_MATCH,EXACT-GRP-723,226212,"Almo Carlo Rafael Cortez",1991-07-20,Male,"Barangay VII","City of Vigan",2,2026-06-25T11:13:45.270667+00:00,KEEP (Primary)
EXACT_MATCH,EXACT-GRP-723,317898,"ALMO, CARLO RAFAEL CORTEZ",1991-07-20,Male,"Barangay VII","City of Vigan",1,2026-09-28T13:16:44.993661+00:00,MERGE SERVICES TO PRIMARY
EXACT_MATCH,EXACT-GRP-724,226213,"Cabbat Ogie Alimay",1991-01-21,Male,"Barangay VII","City of Vigan",2,2026-06-25T11:13:45.270667+00:00,KEEP (Primary)
EXACT_MATCH,EXACT-GRP-724,317922,"CABBAT, OGIE ALIMAY",1991-01-21,Male,"Barangay VII","City of Vigan",1,2026-09-28T13:16:44.993661+00:00,MERGE SERVICES TO PRIMARY
EXACT_MATCH,EXACT-GRP-725,226214,"Bajet Mark Alimay",1990-12-22,Male,"Barangay VII","City of Vigan",2,2026-06-25T11:13:45.270667+00:00,KEEP (Primary)
EXACT_MATCH,EXACT-GRP-725,317955,"BAJET, MARK ALIMAY",1990-12-22,Male,"Barangay VII","City of Vigan",1,2026-09-28T13:16:44.993661+00:00,MERGE SERVICES TO PRIMARY
EXACT_MATCH,EXACT-GRP-726,226215,"Reyes Jeffrey Tacud",1990-12-19,Male,"Barangay VII","City of Vigan",1,2026-06-25T11:13:45.270667+00:00,KEEP (Primary)
EXACT_MATCH,EXACT-GRP-726,317846,"REYES, JEFFREY TACUD",1990-12-19,Male,"Barangay VII","City of Vigan",1,2026-09-28T13:16:44.993661+00:00,MERGE SERVICES TO PRIMARY
EXACT_MATCH,EXACT-GRP-727,226216,"Viuya Reymark Anthony Oruano",1990-11-15,Male,"Barangay VII","City of Vigan",2,2026-06-25T11:13:45.270667+00:00,KEEP (Primary)
EXACT_MATCH,EXACT-GRP-727,317894,"VIUYA, REYMARK ANTHONY ORUANO",1990-11-15,Male,"Barangay VII","City of Vigan",1,2026-09-28T13:16:44.993661+00:00,MERGE SERVICES TO PRIMARY
EXACT_MATCH,EXACT-GRP-728,226217,"Espinosa Marvin Go",1990-06-04,Male,"Barangay VII","City of Vigan",2,2026-06-25T11:13:45.270667+00:00,KEEP (Primary)
EXACT_MATCH,EXACT-GRP-728,317960,"ESPINOSA, MARVIN GO",1990-06-04,Male,"Barangay VII","City of Vigan",1,2026-09-28T13:16:44.993661+00:00,MERGE SERVICES TO PRIMARY
EXACT_MATCH,EXACT-GRP-729,226218,"Arconado Jayson Silvino",1990-05-17,Male,"Barangay VII","City of Vigan",2,2026-06-25T11:13:45.270667+00:00,KEEP (Primary)
EXACT_MATCH,EXACT-GRP-729,317904,"ARCONADO, JAYSON SILVINO",1990-05-17,Male,"Barangay VII","City of Vigan",1,2026-09-28T13:16:44.993661+00:00,MERGE SERVICES TO PRIMARY
EXACT_MATCH,EXACT-GRP-730,226219,"Marquez Marvin",1989-11-27,Male,"Barangay VII","City of Vigan",2,2026-06-25T11:13:45.270667+00:00,KEEP (Primary)
EXACT_MATCH,EXACT-GRP-730,317900,"MARQUEZ, MARVIN",1989-11-27,Male,"Barangay VII","City of Vigan",1,2026-09-28T13:16:44.993661+00:00,MERGE SERVICES TO PRIMARY
EXACT_MATCH,EXACT-GRP-731,226220,"Quintos Keisler",1989-09-06,Male,"Barangay VII","City of Vigan",2,2026-06-25T11:13:45.270667+00:00,KEEP (Primary)
EXACT_MATCH,EXACT-GRP-731,317884,"QUINTOS, KEISLER",1989-09-06,Male,"Barangay VII","City of Vigan",1,2026-09-28T13:16:44.993661+00:00,MERGE SERVICES TO PRIMARY
EXACT_MATCH,EXACT-GRP-732,226221,"Arconado Arvir John Ayson",1989-03-08,Male,"Barangay VII","City of Vigan",2,2026-06-25T11:13:45.270667+00:00,KEEP (Primary)
EXACT_MATCH,EXACT-GRP-732,317915,"ARCONADO, ARVIR JOHN AYSON",1989-03-08,Male,"Barangay VII","City of Vigan",1,2026-09-28T13:16:44.993661+00:00,MERGE SERVICES TO PRIMARY
EXACT_MATCH,EXACT-GRP-733,226222,"Fernandez Benedict Espiritu",1989-01-04,Male,"Barangay VII","City of Vigan",2,2026-06-25T11:13:45.270667+00:00,KEEP (Primary)
EXACT_MATCH,EXACT-GRP-733,317899,"FERNANDEZ, BENEDICT ESPIRITU",1989-01-04,Male,"Barangay VII","City of Vigan",1,2026-09-28T13:16:44.993661+00:00,MERGE SERVICES TO PRIMARY
EXACT_MATCH,EXACT-GRP-734,226223,"Abelardo Reynaldo",1988-05-02,Male,"Barangay VII","City of Vigan",1,2026-06-25T11:13:45.270667+00:00,KEEP (Primary)
EXACT_MATCH,EXACT-GRP-734,317870,"ABELARDO, REYNALDO",1988-05-02,Male,"Barangay VII","City of Vigan",1,2026-09-28T13:16:44.993661+00:00,MERGE SERVICES TO PRIMARY
EXACT_MATCH,EXACT-GRP-735,226224,"Ragudo John Paul Alimay",1988-01-25,Male,"Barangay VII","City of Vigan",1,2026-06-25T11:13:45.270667+00:00,KEEP (Primary)
EXACT_MATCH,EXACT-GRP-735,317948,"RAGUDO, JOHN PAUL ALIMAY",1988-01-25,Male,"Barangay VII","City of Vigan",1,2026-09-28T13:16:44.993661+00:00,MERGE SERVICES TO PRIMARY
EXACT_MATCH,EXACT-GRP-736,226225,"Alingod Jeffrey Go",1988-01-23,Male,"Barangay VII","City of Vigan",2,2026-06-25T11:13:45.270667+00:00,KEEP (Primary)
EXACT_MATCH,EXACT-GRP-736,317967,"ALINGOD, JEFFREY GO",1988-01-23,Male,"Barangay VII","City of Vigan",1,2026-09-28T13:16:44.993661+00:00,MERGE SERVICES TO PRIMARY
EXACT_MATCH,EXACT-GRP-737,226226,"San Jose King Allen",1988-01-06,Male,"Barangay VII","City of Vigan",2,2026-06-25T11:13:45.270667+00:00,KEEP (Primary)
EXACT_MATCH,EXACT-GRP-737,317975,"SAN JOSE, KING ALLEN",1988-01-06,Male,"Barangay VII","City of Vigan",1,2026-09-28T13:16:44.993661+00:00,MERGE SERVICES TO PRIMARY
EXACT_MATCH,EXACT-GRP-738,226227,"Alimay Arvin Parungao",1987-04-18,Male,"Barangay VII","City of Vigan",1,2026-06-25T11:13:45.270667+00:00,KEEP (Primary)
EXACT_MATCH,EXACT-GRP-738,317949,"ALIMAY, ARVIN PARUNGAO",1987-04-18,Male,"Barangay VII","City of Vigan",1,2026-09-28T13:16:44.993661+00:00,MERGE SERVICES TO PRIMARY
EXACT_MATCH,EXACT-GRP-739,226228,"Pacpaco Jay-Ar Camacho",1986-12-30,Male,"Barangay VII","City of Vigan",1,2026-06-25T11:13:45.270667+00:00,KEEP (Primary)
EXACT_MATCH,EXACT-GRP-739,317829,"PACPACO, JAY-AR CAMACHO",1986-12-30,Male,"Barangay VII","City of Vigan",1,2026-09-28T13:16:44.993661+00:00,MERGE SERVICES TO PRIMARY
EXACT_MATCH,EXACT-GRP-740,226229,"Arconado Darren Dave Ruiria",1986-12-26,Male,"Barangay VII","City of Vigan",2,2026-06-25T11:13:45.270667+00:00,KEEP (Primary)
EXACT_MATCH,EXACT-GRP-740,317908,"ARCONADO, DARREN DAVE RUIRIA",1986-12-26,Male,"Barangay VII","City of Vigan",1,2026-09-28T13:16:44.993661+00:00,MERGE SERVICES TO PRIMARY
EXACT_MATCH,EXACT-GRP-741,226231,"Alingod Mark Go",1986-05-11,Male,"Barangay VII","City of Vigan",2,2026-06-25T11:13:45.270667+00:00,KEEP (Primary)
EXACT_MATCH,EXACT-GRP-741,317968,"ALINGOD, MARK GO",1986-05-11,Male,"Barangay VII","City of Vigan",1,2026-09-28T13:16:44.993661+00:00,MERGE SERVICES TO PRIMARY
EXACT_MATCH,EXACT-GRP-742,226232,"Cabbat Frederick Alimay",1986-01-18,Male,"Barangay VII","City of Vigan",2,2026-06-25T11:13:45.270667+00:00,KEEP (Primary)
EXACT_MATCH,EXACT-GRP-742,317923,"CABBAT, FREDERICK ALIMAY",1986-01-18,Male,"Barangay VII","City of Vigan",1,2026-09-28T13:16:44.993661+00:00,MERGE SERVICES TO PRIMARY
EXACT_MATCH,EXACT-GRP-743,226233,"Agsalud Fernando Aganon",1985-10-31,Male,"Barangay VII","City of Vigan",1,2026-06-25T11:13:45.270667+00:00,KEEP (Primary)
EXACT_MATCH,EXACT-GRP-743,317932,"AGSALUD, FERNANDO AGANON",1985-10-31,Male,"Barangay VII","City of Vigan",1,2026-09-28T13:16:44.993661+00:00,MERGE SERVICES TO PRIMARY
EXACT_MATCH,EXACT-GRP-744,226234,"Riveta Froilan Raquepo",1985-10-03,Male,"Barangay VII","City of Vigan",2,2026-06-25T11:13:45.270667+00:00,KEEP (Primary)
EXACT_MATCH,EXACT-GRP-744,317941,"RIVETA, FROILAN RAQUEPO",1985-10-03,Male,"Barangay VII","City of Vigan",1,2026-09-28T13:16:44.993661+00:00,MERGE SERVICES TO PRIMARY
EXACT_MATCH,EXACT-GRP-745,226235,"Alingod Stephen Go",1985-09-21,Male,"Barangay VII","City of Vigan",2,2026-06-25T11:13:45.270667+00:00,KEEP (Primary)
EXACT_MATCH,EXACT-GRP-745,317964,"ALINGOD, STEPHEN GO",1985-09-21,Male,"Barangay VII","City of Vigan",1,2026-09-28T13:16:44.993661+00:00,MERGE SERVICES TO PRIMARY
EXACT_MATCH,EXACT-GRP-746,226236,"King Prince Anthony Bigonia",1985-09-13,Male,"Barangay VII","City of Vigan",1,2026-06-25T11:13:45.270667+00:00,KEEP (Primary)
EXACT_MATCH,EXACT-GRP-746,317867,"KING, PRINCE ANTHONY BIGONIA",1985-09-13,Male,"Barangay VII","City of Vigan",1,2026-09-28T13:16:44.993661+00:00,MERGE SERVICES TO PRIMARY
EXACT_MATCH,EXACT-GRP-747,226237,"Sales Jonas Alimay",1985-06-19,Male,"Barangay VII","City of Vigan",2,2026-06-25T11:13:45.270667+00:00,KEEP (Primary)
EXACT_MATCH,EXACT-GRP-747,317924,"SALES, JONAS ALIMAY",1985-06-19,Male,"Barangay VII","City of Vigan",1,2026-09-28T13:16:44.993661+00:00,MERGE SERVICES TO PRIMARY
EXACT_MATCH,EXACT-GRP-748,226238,"Naag Jimbe Buenaflor",1985-01-31,Male,"Barangay VII","City of Vigan",2,2026-06-25T11:13:45.270667+00:00,KEEP (Primary)
EXACT_MATCH,EXACT-GRP-748,317953,"NAAG, JIMBE BUENAFLOR",1985-01-31,Male,"Barangay VII","City of Vigan",1,2026-09-28T13:16:44.993661+00:00,MERGE SERVICES TO PRIMARY
EXACT_MATCH,EXACT-GRP-749,226240,"Guerreo Arnel Arriola",1983-11-10,Male,"Barangay VII","City of Vigan",2,2026-06-25T11:13:45.270667+00:00,KEEP (Primary)
EXACT_MATCH,EXACT-GRP-749,317957,"GUERREO, ARNEL ARRIOLA",1983-11-10,Male,"Barangay VII","City of Vigan",1,2026-09-28T13:16:44.993661+00:00,MERGE SERVICES TO PRIMARY
EXACT_MATCH,EXACT-GRP-750,226241,"Laforteza Marius",1983-07-20,Male,"Barangay VII","City of Vigan",1,2026-06-25T11:13:45.270667+00:00,KEEP (Primary)
EXACT_MATCH,EXACT-GRP-750,317836,"LAFORTEZA, MARIUS",1983-07-20,Male,"Barangay VII","City of Vigan",1,2026-09-28T13:16:44.993661+00:00,MERGE SERVICES TO PRIMARY
EXACT_MATCH,EXACT-GRP-751,226242,"Arconado Darwin Ruiria",1983-04-13,Male,"Barangay VII","City of Vigan",2,2026-06-25T11:13:45.270667+00:00,KEEP (Primary)
EXACT_MATCH,EXACT-GRP-751,317909,"ARCONADO, DARWIN RUIRIA",1983-04-13,Male,"Barangay VII","City of Vigan",1,2026-09-28T13:16:44.993661+00:00,MERGE SERVICES TO PRIMARY
EXACT_MATCH,EXACT-GRP-752,226243,"Villegas Bernardo Pre",1983-03-05,Male,"Barangay VII","City of Vigan",2,2026-06-25T11:13:45.270667+00:00,KEEP (Primary)
EXACT_MATCH,EXACT-GRP-752,317956,"VILLEGAS, BERNARDO PRE",1983-03-05,Male,"Barangay VII","City of Vigan",1,2026-09-28T13:16:44.993661+00:00,MERGE SERVICES TO PRIMARY
EXACT_MATCH,EXACT-GRP-753,226245,"Navarro Brando",1982-11-16,Male,"Barangay VII","City of Vigan",1,2026-06-25T11:13:45.270667+00:00,KEEP (Primary)
EXACT_MATCH,EXACT-GRP-753,317835,"NAVARRO, BRANDO",1982-11-16,Male,"Barangay VII","City of Vigan",1,2026-09-28T13:16:44.993661+00:00,MERGE SERVICES TO PRIMARY
EXACT_MATCH,EXACT-GRP-754,226246,"Ancheta Wryly Jiff Camacho",1982-10-16,Male,"Barangay VII","City of Vigan",1,2026-06-25T11:13:45.270667+00:00,KEEP (Primary)
EXACT_MATCH,EXACT-GRP-754,317827,"ANCHETA, WRYLY JIFF CAMACHO",1982-10-16,Male,"Barangay VII","City of Vigan",1,2026-09-28T13:16:44.993661+00:00,MERGE SERVICES TO PRIMARY
EXACT_MATCH,EXACT-GRP-755,226247,"Alimay Rey Melvin Valdez",1982-10-10,Male,"Barangay VII","City of Vigan",1,2026-06-25T11:13:45.270667+00:00,KEEP (Primary)
EXACT_MATCH,EXACT-GRP-755,317931,"ALIMAY, REY MELVIN VALDEZ",1982-10-10,Male,"Barangay VII","City of Vigan",1,2026-09-28T13:16:44.993661+00:00,MERGE SERVICES TO PRIMARY
EXACT_MATCH,EXACT-GRP-756,226248,"Recaido Ronald Sunio",1982-09-16,Male,"Barangay VII","City of Vigan",2,2026-06-25T11:13:45.270667+00:00,KEEP (Primary)
EXACT_MATCH,EXACT-GRP-756,317946,"RECAIDO , RONALD SUNIO",1982-09-16,Male,"Barangay VII","City of Vigan",1,2026-09-28T13:16:44.993661+00:00,MERGE SERVICES TO PRIMARY
EXACT_MATCH,EXACT-GRP-757,226249,"Pipo Mark Ante",1982-07-07,Male,"Barangay VII","City of Vigan",1,2026-06-25T11:13:45.270667+00:00,KEEP (Primary)
EXACT_MATCH,EXACT-GRP-757,317838,"PIPO, MARK ANTE",1982-07-07,Male,"Barangay VII","City of Vigan",1,2026-09-28T13:16:44.993661+00:00,MERGE SERVICES TO PRIMARY
EXACT_MATCH,EXACT-GRP-758,226250,"Palas Reynor Del Castillo",1982-02-28,Male,"Barangay VII","City of Vigan",1,2026-06-25T11:13:45.270667+00:00,KEEP (Primary)
EXACT_MATCH,EXACT-GRP-758,317863,"PALAS, REYNOR DEL CASTILLO",1982-02-28,Male,"Barangay VII","City of Vigan",1,2026-09-28T13:16:44.993661+00:00,MERGE SERVICES TO PRIMARY
EXACT_MATCH,EXACT-GRP-759,226251,"Pascua Jeffrey Rabena",1982-01-10,Male,"Barangay VII","City of Vigan",2,2026-06-25T11:13:45.270667+00:00,KEEP (Primary)
EXACT_MATCH,EXACT-GRP-759,317970,"PASCUA, JEFFREY RABENA",1982-01-10,Male,"Barangay VII","City of Vigan",1,2026-09-28T13:16:44.993661+00:00,MERGE SERVICES TO PRIMARY
EXACT_MATCH,EXACT-GRP-760,226252,"Go Niño Raquepo",1981-12-24,Male,"Barangay VII","City of Vigan",2,2026-06-25T11:13:45.270667+00:00,KEEP (Primary)
EXACT_MATCH,EXACT-GRP-760,317978,"GO, NIÑO RAQUEPO",1981-12-24,Male,"Barangay VII","City of Vigan",1,2026-09-28T13:16:44.993661+00:00,MERGE SERVICES TO PRIMARY
EXACT_MATCH,EXACT-GRP-761,226253,"Espinosa Marlon Go",1981-12-18,Male,"Barangay VII","City of Vigan",2,2026-06-25T11:13:45.270667+00:00,KEEP (Primary)
EXACT_MATCH,EXACT-GRP-761,317961,"ESPINOSA, MARLON GO",1981-12-18,Male,"Barangay VII","City of Vigan",1,2026-09-28T13:16:44.993661+00:00,MERGE SERVICES TO PRIMARY
EXACT_MATCH,EXACT-GRP-762,308616,"Agsalud, Edward Aganon",1981-07-23,Male,"Barangay VII","City of Vigan",2,2026-09-27T02:29:08.993192+00:00,KEEP (Primary)
EXACT_MATCH,EXACT-GRP-762,226254,"Agsalud Edward Aganon",1981-07-23,Male,"Barangay VII","City of Vigan",1,2026-06-25T11:13:45.270667+00:00,MERGE SERVICES TO PRIMARY
EXACT_MATCH,EXACT-GRP-763,226255,"Riveta Bryan Amano",1980-08-27,Male,"Barangay VII","City of Vigan",2,2026-06-25T11:13:45.270667+00:00,KEEP (Primary)
EXACT_MATCH,EXACT-GRP-763,317943,"RIVETA, BRYAN AMANO",1980-08-27,Male,"Barangay VII","City of Vigan",1,2026-09-28T13:16:44.993661+00:00,MERGE SERVICES TO PRIMARY
EXACT_MATCH,EXACT-GRP-764,226256,"Mendoza Mc Lawrence",1980-04-12,Male,"Barangay VII","City of Vigan",2,2026-06-25T11:13:45.270667+00:00,KEEP (Primary)
EXACT_MATCH,EXACT-GRP-764,317876,"MENDOZA, MC LAWRENCE",1980-04-12,Male,"Barangay VII","City of Vigan",1,2026-09-28T13:16:44.993661+00:00,MERGE SERVICES TO PRIMARY
EXACT_MATCH,EXACT-GRP-765,226257,"Alonzo Eric Parel",1979-10-04,Male,"Barangay VII","City of Vigan",1,2026-06-25T11:13:45.270667+00:00,KEEP (Primary)
EXACT_MATCH,EXACT-GRP-765,317828,"ALONZO, ERIC PAREL",1979-10-04,Male,"Barangay VII","City of Vigan",1,2026-09-28T13:16:44.993661+00:00,MERGE SERVICES TO PRIMARY
EXACT_MATCH,EXACT-GRP-766,226259,"Dy Glenn Co",1978-07-14,Male,"Barangay VII","City of Vigan",1,2026-06-25T11:13:45.270667+00:00,KEEP (Primary)
EXACT_MATCH,EXACT-GRP-766,317839,"DY, GLENN CO",1978-07-14,Male,"Barangay VII","City of Vigan",1,2026-09-28T13:16:44.993661+00:00,MERGE SERVICES TO PRIMARY
EXACT_MATCH,EXACT-GRP-767,226260,"Arconado Jeffrey Bien",1977-08-03,Male,"Barangay VII","City of Vigan",2,2026-06-25T11:13:45.270667+00:00,KEEP (Primary)
EXACT_MATCH,EXACT-GRP-767,317913,"ARCONADO, JEFFREY BIEN",1977-08-03,Male,"Barangay VII","City of Vigan",1,2026-09-28T13:16:44.993661+00:00,MERGE SERVICES TO PRIMARY
EXACT_MATCH,EXACT-GRP-768,226261,"De Leon Bernardino",1977-06-20,Male,"Barangay VII","City of Vigan",1,2026-06-25T11:13:45.270667+00:00,KEEP (Primary)
EXACT_MATCH,EXACT-GRP-768,317833,"DE LEON, BERNARDINO",1977-06-20,Male,"Barangay VII","City of Vigan",1,2026-09-28T13:16:44.993661+00:00,MERGE SERVICES TO PRIMARY
EXACT_MATCH,EXACT-GRP-769,226263,"Navarro Julius Pilorin",1977-03-01,Male,"Barangay VII","City of Vigan",1,2026-06-25T11:13:45.270667+00:00,KEEP (Primary)
EXACT_MATCH,EXACT-GRP-769,317831,"NAVARRO, JULIUS PILORIN",1977-03-01,Male,"Barangay VII","City of Vigan",1,2026-09-28T13:16:44.993661+00:00,MERGE SERVICES TO PRIMARY
EXACT_MATCH,EXACT-GRP-770,226264,"Reyes Joven Devilles",1976-07-25,Male,"Barangay VII","City of Vigan",2,2026-06-25T11:13:45.270667+00:00,KEEP (Primary)
EXACT_MATCH,EXACT-GRP-770,317984,"REYES, JOVEN DEVILLES",1976-07-25,Male,"Barangay VII","City of Vigan",1,2026-09-28T13:16:44.993661+00:00,MERGE SERVICES TO PRIMARY
EXACT_MATCH,EXACT-GRP-771,226265,"Esta Michael Abalos",1976-02-04,Male,"Barangay VII","City of Vigan",2,2026-06-25T11:13:45.270667+00:00,KEEP (Primary)
EXACT_MATCH,EXACT-GRP-771,317962,"ESTA, MICHAEL ABALOS",1976-02-04,Male,"Barangay VII","City of Vigan",1,2026-09-28T13:16:44.993661+00:00,MERGE SERVICES TO PRIMARY
EXACT_MATCH,EXACT-GRP-772,226266,"Laurente Hilario Patubo",1976-01-13,Male,"Barangay VII","City of Vigan",1,2026-06-25T11:13:45.270667+00:00,KEEP (Primary)
EXACT_MATCH,EXACT-GRP-772,317856,"LAURENTE, HILARIO PATUBO",1976-01-13,Male,"Barangay VII","City of Vigan",1,2026-09-28T13:16:44.993661+00:00,MERGE SERVICES TO PRIMARY
EXACT_MATCH,EXACT-GRP-773,226267,"Cortez Cresencio Michael Lopez",1975-09-14,Male,"Barangay VII","City of Vigan",1,2026-06-25T11:13:45.270667+00:00,KEEP (Primary)
EXACT_MATCH,EXACT-GRP-773,317928,"CORTEZ, CRESENCIO MICHAEL LOPEZ",1975-09-14,Male,"Barangay VII","City of Vigan",1,2026-09-28T13:16:44.993661+00:00,MERGE SERVICES TO PRIMARY
EXACT_MATCH,EXACT-GRP-774,226268,"Palas Rodel Del Castillo",1974-08-23,Male,"Barangay VII","City of Vigan",1,2026-06-25T11:13:45.270667+00:00,KEEP (Primary)
EXACT_MATCH,EXACT-GRP-774,317864,"PALAS, RODEL DEL CASTILLO",1974-08-23,Male,"Barangay VII","City of Vigan",1,2026-09-28T13:16:44.993661+00:00,MERGE SERVICES TO PRIMARY
EXACT_MATCH,EXACT-GRP-775,226269,"Noriega Jerry Puerto",1974-07-31,Male,"Barangay VII","City of Vigan",2,2026-06-25T11:13:45.270667+00:00,KEEP (Primary)
EXACT_MATCH,EXACT-GRP-775,317971,"NORIEGA, JERRY PUERTO",1974-07-31,Male,"Barangay VII","City of Vigan",1,2026-09-28T13:16:44.993661+00:00,MERGE SERVICES TO PRIMARY
EXACT_MATCH,EXACT-GRP-776,226270,"Pacpaco Glen Ramos",1974-02-03,Male,"Barangay VII","City of Vigan",1,2026-06-25T11:13:45.270667+00:00,KEEP (Primary)
EXACT_MATCH,EXACT-GRP-776,317926,"PACPACO, GLEN RAMOS",1974-02-03,Male,"Barangay VII","City of Vigan",1,2026-09-28T13:16:44.993661+00:00,MERGE SERVICES TO PRIMARY
EXACT_MATCH,EXACT-GRP-777,226271,"Dizon Joseph Bercasil",1973-12-20,Male,"Barangay VII","City of Vigan",2,2026-06-25T11:13:45.270667+00:00,KEEP (Primary)
EXACT_MATCH,EXACT-GRP-777,317888,"DIZON, JOSEPH BERCASIL",1973-12-20,Male,"Barangay VII","City of Vigan",1,2026-09-28T13:16:44.993661+00:00,MERGE SERVICES TO PRIMARY
EXACT_MATCH,EXACT-GRP-778,226273,"De Guzman Rollan Quilenderino",1973-10-28,Male,"Barangay VII","City of Vigan",1,2026-06-25T11:13:45.270667+00:00,KEEP (Primary)
EXACT_MATCH,EXACT-GRP-778,317834,"DE GUZMAN, ROLLAN QUILENDERINO",1973-10-28,Male,"Barangay VII","City of Vigan",1,2026-09-28T13:16:44.993661+00:00,MERGE SERVICES TO PRIMARY
EXACT_MATCH,EXACT-GRP-779,226274,"Riveta Arnold Cabebe",1973-04-10,Male,"Barangay VII","City of Vigan",2,2026-06-25T11:13:45.270667+00:00,KEEP (Primary)
EXACT_MATCH,EXACT-GRP-779,317945,"RIVETA, ARNOLD CABEBE",1973-04-10,Male,"Barangay VII","City of Vigan",1,2026-09-28T13:16:44.993661+00:00,MERGE SERVICES TO PRIMARY
EXACT_MATCH,EXACT-GRP-780,226275,"Reyes Frank Devilles",1972-09-18,Male,"Barangay VII","City of Vigan",2,2026-06-25T11:13:45.270667+00:00,KEEP (Primary)
EXACT_MATCH,EXACT-GRP-780,317983,"REYES, FRANK DEVILLES",1972-09-18,Male,"Barangay VII","City of Vigan",1,2026-09-28T13:16:44.993661+00:00,MERGE SERVICES TO PRIMARY
EXACT_MATCH,EXACT-GRP-781,226276,"Aguirre Romel Gabas",1972-07-21,Male,"Barangay VII","City of Vigan",1,2026-06-25T11:13:45.270667+00:00,KEEP (Primary)
EXACT_MATCH,EXACT-GRP-781,317865,"AGUIRRE, ROMEL GABAS",1972-07-21,Male,"Barangay VII","City of Vigan",1,2026-09-28T13:16:44.993661+00:00,MERGE SERVICES TO PRIMARY
EXACT_MATCH,EXACT-GRP-782,226277,"Ramos Russel Rodiris",1972-07-13,Male,"Barangay VII","City of Vigan",1,2026-06-25T11:13:45.270667+00:00,KEEP (Primary)
EXACT_MATCH,EXACT-GRP-782,317862,"RAMOS, RUSSEL RODIRIS",1972-07-13,Male,"Barangay VII","City of Vigan",1,2026-09-28T13:16:44.993661+00:00,MERGE SERVICES TO PRIMARY
EXACT_MATCH,EXACT-GRP-783,226278,"Reyes Alfonso Devilles",1970-10-30,Male,"Barangay VII","City of Vigan",2,2026-06-25T11:13:45.270667+00:00,KEEP (Primary)
EXACT_MATCH,EXACT-GRP-783,317982,"REYES, ALFONSO DEVILLES",1970-10-30,Male,"Barangay VII","City of Vigan",1,2026-09-28T13:16:44.993661+00:00,MERGE SERVICES TO PRIMARY
EXACT_MATCH,EXACT-GRP-784,226279,"Cerdeña Geneva Militante",1970-09-24,Male,"Barangay VII","City of Vigan",2,2026-06-25T11:13:45.270667+00:00,KEEP (Primary)
EXACT_MATCH,EXACT-GRP-784,317952,"CERDEÑA, GENEVA MILITANTE",1970-09-24,Male,"Barangay VII","City of Vigan",1,2026-09-28T13:16:44.993661+00:00,MERGE SERVICES TO PRIMARY
EXACT_MATCH,EXACT-GRP-785,226280,"Jasa Peter Zarasate",1970-06-29,Male,"Barangay VII","City of Vigan",1,2026-06-25T11:13:45.270667+00:00,KEEP (Primary)
EXACT_MATCH,EXACT-GRP-785,317823,"JASA, PETER ZARASATE",1970-06-29,Male,"Barangay VII","City of Vigan",1,2026-09-28T13:16:44.993661+00:00,MERGE SERVICES TO PRIMARY
EXACT_MATCH,EXACT-GRP-786,226281,"Arconado Arsenio Bien",1970-05-18,Male,"Barangay VII","City of Vigan",2,2026-06-25T11:13:45.270667+00:00,KEEP (Primary)
EXACT_MATCH,EXACT-GRP-786,317912,"ARCONADO, ARSENIO BIEN",1970-05-18,Male,"Barangay VII","City of Vigan",1,2026-09-28T13:16:44.993661+00:00,MERGE SERVICES TO PRIMARY
EXACT_MATCH,EXACT-GRP-787,226282,"Sales Antonio Pita",1969-08-16,Male,"Barangay VII","City of Vigan",2,2026-06-25T11:13:45.270667+00:00,KEEP (Primary)
EXACT_MATCH,EXACT-GRP-787,317873,"SALES, ANTONIO PITA",1969-08-16,Male,"Barangay VII","City of Vigan",1,2026-09-28T13:16:44.993661+00:00,MERGE SERVICES TO PRIMARY
EXACT_MATCH,EXACT-GRP-788,226283,"Ponce Nelson Gabbuat",1969-07-17,Male,"Barangay VII","City of Vigan",2,2026-06-25T11:13:45.270667+00:00,KEEP (Primary)
EXACT_MATCH,EXACT-GRP-788,317886,"PONCE, NELSON GABBUAT",1969-07-17,Male,"Barangay VII","City of Vigan",1,2026-09-28T13:16:44.993661+00:00,MERGE SERVICES TO PRIMARY
EXACT_MATCH,EXACT-GRP-789,226284,"Cuenta Rommel Riveta",1969-05-12,Male,"Barangay VII","City of Vigan",2,2026-06-25T11:13:45.270667+00:00,KEEP (Primary)
EXACT_MATCH,EXACT-GRP-789,317938,"CUENTA, ROMMEL RIVETA",1969-05-12,Male,"Barangay VII","City of Vigan",1,2026-09-28T13:16:44.993661+00:00,MERGE SERVICES TO PRIMARY
EXACT_MATCH,EXACT-GRP-790,226285,"Arconado Renato Bien",1968-11-01,Male,"Barangay VII","City of Vigan",2,2026-06-25T11:13:45.270667+00:00,KEEP (Primary)
EXACT_MATCH,EXACT-GRP-790,317903,"ARCONADO, RENATO BIEN",1968-11-01,Male,"Barangay VII","City of Vigan",1,2026-09-28T13:16:44.993661+00:00,MERGE SERVICES TO PRIMARY
EXACT_MATCH,EXACT-GRP-791,226286,"Reg Dennis Razonable",1968-08-05,Male,"Barangay VII","City of Vigan",2,2026-06-25T11:13:45.270667+00:00,KEEP (Primary)
EXACT_MATCH,EXACT-GRP-791,317980,"REG, DENNIS RAZONABLE",1968-08-05,Male,"Barangay VII","City of Vigan",1,2026-09-28T13:16:44.993661+00:00,MERGE SERVICES TO PRIMARY
EXACT_MATCH,EXACT-GRP-792,226287,"Arcena Antero Teddy Paa",1968-01-03,Male,"Barangay VII","City of Vigan",1,2026-06-25T11:13:45.270667+00:00,KEEP (Primary)
EXACT_MATCH,EXACT-GRP-792,317853,"ARCENA, ANTERO TEDDY PAA",1968-01-03,Male,"Barangay VII","City of Vigan",1,2026-09-28T13:16:44.993661+00:00,MERGE SERVICES TO PRIMARY
EXACT_MATCH,EXACT-GRP-793,226289,"Rabara Charles",1961-11-04,Male,"Barangay VII","City of Vigan",1,2026-06-25T11:13:45.270667+00:00,KEEP (Primary)
EXACT_MATCH,EXACT-GRP-793,317859,"RABARA, CHARLES",1961-11-04,Male,"Barangay VII","City of Vigan",1,2026-09-28T13:16:44.993661+00:00,MERGE SERVICES TO PRIMARY
EXACT_MATCH,EXACT-GRP-794,226290,"Reyes Gerardo",1961-02-26,Male,"Barangay VII","City of Vigan",1,2026-06-25T11:13:45.270667+00:00,KEEP (Primary)
EXACT_MATCH,EXACT-GRP-794,317842,"REYES, GERARDO",1961-02-26,Male,"Barangay VII","City of Vigan",1,2026-09-28T13:16:44.993661+00:00,MERGE SERVICES TO PRIMARY
EXACT_MATCH,EXACT-GRP-795,226291,"Alimay Bernard Prando",1960-12-03,Male,"Barangay VII","City of Vigan",2,2026-06-25T11:13:45.270667+00:00,KEEP (Primary)
EXACT_MATCH,EXACT-GRP-795,317951,"ALIMAY, BERNARD PRANDO",1960-12-03,Male,"Barangay VII","City of Vigan",1,2026-09-28T13:16:44.993661+00:00,MERGE SERVICES TO PRIMARY
EXACT_MATCH,EXACT-GRP-796,226292,"King Mario Quines",1958-09-11,Male,"Barangay VII","City of Vigan",1,2026-06-25T11:13:45.270667+00:00,KEEP (Primary)
EXACT_MATCH,EXACT-GRP-796,317866,"KING, MARIO QUINES",1958-09-11,Male,"Barangay VII","City of Vigan",1,2026-09-28T13:16:44.993661+00:00,MERGE SERVICES TO PRIMARY
EXACT_MATCH,EXACT-GRP-797,308566,"Suyat, Juancho Delos Santos",1958-02-04,Male,"Barangay VII","City of Vigan",3,2026-09-27T02:29:08.993192+00:00,KEEP (Primary)
EXACT_MATCH,EXACT-GRP-797,226293,"Suyat Juancho Delos Santos",1958-02-04,Male,"Barangay VII","City of Vigan",2,2026-06-25T11:13:45.270667+00:00,MERGE SERVICES TO PRIMARY
EXACT_MATCH,EXACT-GRP-798,226294,"Montes Manuel",1957-12-09,Male,"Barangay VII","City of Vigan",1,2026-06-25T11:13:45.270667+00:00,KEEP (Primary)
EXACT_MATCH,EXACT-GRP-798,317855,"MONTES, MANUEL",1957-12-09,Male,"Barangay VII","City of Vigan",1,2026-09-28T13:16:44.993661+00:00,MERGE SERVICES TO PRIMARY
EXACT_MATCH,EXACT-GRP-799,226295,"Pacpaco Wilfredo Joven",1956-10-27,Male,"Barangay VII","City of Vigan",1,2026-06-25T11:13:45.270667+00:00,KEEP (Primary)
EXACT_MATCH,EXACT-GRP-799,317824,"PACPACO, WILFREDO JOVEN",1956-10-27,Male,"Barangay VII","City of Vigan",1,2026-09-28T13:16:44.993661+00:00,MERGE SERVICES TO PRIMARY
EXACT_MATCH,EXACT-GRP-800,226296,"Bajet Jose Real",1956-09-11,Male,"Barangay VII","City of Vigan",2,2026-06-25T11:13:45.270667+00:00,KEEP (Primary)
EXACT_MATCH,EXACT-GRP-800,317954,"BAJET, JOSE REAL",1956-09-11,Male,"Barangay VII","City of Vigan",1,2026-09-28T13:16:44.993661+00:00,MERGE SERVICES TO PRIMARY
EXACT_MATCH,EXACT-GRP-801,226297,"Alagar Filomeno",1955-11-29,Male,"Barangay VII","City of Vigan",1,2026-06-25T11:13:45.270667+00:00,KEEP (Primary)
EXACT_MATCH,EXACT-GRP-801,317869,"ALAGAR, FILOMENO",1955-11-29,Male,"Barangay VII","City of Vigan",1,2026-09-28T13:16:44.993661+00:00,MERGE SERVICES TO PRIMARY
EXACT_MATCH,EXACT-GRP-802,226299,"Carta Alfredo",1955-05-20,Male,"Barangay VII","City of Vigan",2,2026-06-25T11:13:45.270667+00:00,KEEP (Primary)
EXACT_MATCH,EXACT-GRP-802,317891,"CARTA, ALFREDO",1955-05-20,Male,"Barangay VII","City of Vigan",1,2026-09-28T13:16:44.993661+00:00,MERGE SERVICES TO PRIMARY
EXACT_MATCH,EXACT-GRP-803,226300,"Riveta Florentino Zamora",1952-09-22,Male,"Barangay VII","City of Vigan",2,2026-06-25T11:13:45.270667+00:00,KEEP (Primary)
EXACT_MATCH,EXACT-GRP-803,317937,"RIVETA, FLORENTINO ZAMORA",1952-09-22,Male,"Barangay VII","City of Vigan",1,2026-09-28T13:16:44.993661+00:00,MERGE SERVICES TO PRIMARY
EXACT_MATCH,EXACT-GRP-804,226301,"Espinosa Antonio Villanueva",1952-07-01,Male,"Barangay VII","City of Vigan",2,2026-06-25T11:13:45.270667+00:00,KEEP (Primary)
EXACT_MATCH,EXACT-GRP-804,317959,"ESPINOSA, ANTONIO VILLANUEVA",1952-07-01,Male,"Barangay VII","City of Vigan",1,2026-09-28T13:16:44.993661+00:00,MERGE SERVICES TO PRIMARY
EXACT_MATCH,EXACT-GRP-805,226302,"Cabbat Pedrito Cabang",1951-02-16,Male,"Barangay VII","City of Vigan",2,2026-06-25T11:13:45.270667+00:00,KEEP (Primary)
EXACT_MATCH,EXACT-GRP-805,317921,"CABBAT, PEDRITO CABANG",1951-02-16,Male,"Barangay VII","City of Vigan",1,2026-09-28T13:16:44.993661+00:00,MERGE SERVICES TO PRIMARY
EXACT_MATCH,EXACT-GRP-806,226303,"Arconado Felipe Lopez",1950-05-01,Male,"Barangay VII","City of Vigan",2,2026-06-25T11:13:45.270667+00:00,KEEP (Primary)
EXACT_MATCH,EXACT-GRP-806,317907,"ARCONADO, FELIPE LOPEZ",1950-05-01,Male,"Barangay VII","City of Vigan",1,2026-09-28T13:16:44.993661+00:00,MERGE SERVICES TO PRIMARY
EXACT_MATCH,EXACT-GRP-807,226305,"Arconado Candido Lopez",1948-09-10,Male,"Barangay VII","City of Vigan",2,2026-06-25T11:13:45.270667+00:00,KEEP (Primary)
EXACT_MATCH,EXACT-GRP-807,317911,"ARCONADO, CANDIDO LOPEZ",1948-09-10,Male,"Barangay VII","City of Vigan",1,2026-09-28T13:16:44.993661+00:00,MERGE SERVICES TO PRIMARY
EXACT_MATCH,EXACT-GRP-808,226306,"Ramos Benigno",1945-11-20,Male,"Barangay VII","City of Vigan",1,2026-06-25T11:13:45.270667+00:00,KEEP (Primary)
EXACT_MATCH,EXACT-GRP-808,317861,"RAMOS, BENIGNO",1945-11-20,Male,"Barangay VII","City of Vigan",1,2026-09-28T13:16:44.993661+00:00,MERGE SERVICES TO PRIMARY
EXACT_MATCH,EXACT-GRP-809,226307,"Navarro Jose Reclusado",1944-06-05,Male,"Barangay VII","City of Vigan",1,2026-06-25T11:13:45.270667+00:00,KEEP (Primary)
EXACT_MATCH,EXACT-GRP-809,317830,"NAVARRO, JOSE RECLUSADO",1944-06-05,Male,"Barangay VII","City of Vigan",1,2026-09-28T13:16:44.993661+00:00,MERGE SERVICES TO PRIMARY
EXACT_MATCH,EXACT-GRP-810,228603,"Lazo, Immanuel Rene Ferino",2025-03-26,Male,"Barangay IX","City of Vigan",2,2026-06-26T13:44:57.046974+00:00,KEEP (Primary)
EXACT_MATCH,EXACT-GRP-810,254067,"Lazo, Immanuel Rene, Ferino",2025-03-26,Male,"Barangay IX","City of Vigan",1,2026-07-21T12:25:15.725005+00:00,MERGE SERVICES TO PRIMARY
EXACT_MATCH,EXACT-GRP-811,254045,"Hernando, Asher Gaille Ferino",2025-10-12,Male,"Barangay IX","City of Vigan",1,2026-07-21T12:25:15.725005+00:00,KEEP (Primary)
EXACT_MATCH,EXACT-GRP-811,254066,"Hernando, Asher Gaille, Ferino",2025-10-12,Male,"Barangay IX","City of Vigan",1,2026-07-21T12:25:15.725005+00:00,MERGE SERVICES TO PRIMARY
EXACT_MATCH,EXACT-GRP-812,254048,"De Leon, Cayden Shawn N/a",2025-10-07,Male,"Barangay IX","City of Vigan",1,2026-07-21T12:25:15.725005+00:00,KEEP (Primary)
EXACT_MATCH,EXACT-GRP-812,254064,"De Leon, Cayden Shawn, N/a",2025-10-07,Male,"Barangay IX","City of Vigan",1,2026-07-21T12:25:15.725005+00:00,MERGE SERVICES TO PRIMARY
EXACT_MATCH,EXACT-GRP-813,254052,"Tacloban, Jake Lucas Rabara",2024-12-01,Male,"Barangay IX","City of Vigan",1,2026-07-21T12:25:15.725005+00:00,KEEP (Primary)
EXACT_MATCH,EXACT-GRP-813,254075,"Tacloban, Jake Lucas, Rabara",2024-12-01,Male,"Barangay IX","City of Vigan",1,2026-07-21T12:25:15.725005+00:00,MERGE SERVICES TO PRIMARY
EXACT_MATCH,EXACT-GRP-814,254063,"Arce, Brylle Axelle Vergara",2024-02-10,Male,"Barangay IX","City of Vigan",2,2026-07-21T12:25:15.725005+00:00,KEEP (Primary)
EXACT_MATCH,EXACT-GRP-814,254076,"Arce, Brylle Axelle, Vergara",2024-02-10,Male,"Barangay IX","City of Vigan",1,2026-07-21T12:25:15.725005+00:00,MERGE SERVICES TO PRIMARY
EXACT_MATCH,EXACT-GRP-815,254068,"Oandasan, Zero Leigh, Alelojo",2024-12-14,Male,"Barangay IX","City of Vigan",1,2026-07-21T12:25:15.725005+00:00,KEEP (Primary)
EXACT_MATCH,EXACT-GRP-815,307927,"Oandasan, Zero Leigh Alelojo",2024-12-14,Male,"Barangay IX","City of Vigan",1,2026-09-27T01:53:20.862627+00:00,MERGE SERVICES TO PRIMARY
EXACT_MATCH,EXACT-GRP-816,254073,"Padua, Adriel Lucas, Abad",2024-10-14,Male,"Barangay IX","City of Vigan",1,2026-07-21T12:25:15.725005+00:00,KEEP (Primary)
EXACT_MATCH,EXACT-GRP-816,307936,"Padua, Adriel Lucas Abad",2024-10-14,Male,"Barangay IX","City of Vigan",1,2026-09-27T01:53:20.862627+00:00,MERGE SERVICES TO PRIMARY
EXACT_MATCH,EXACT-GRP-817,254074,"Pajares, Jimi Ben Kyrie, De Guzman",2024-10-11,Male,"Barangay IX","City of Vigan",1,2026-07-21T12:25:15.725005+00:00,KEEP (Primary)
EXACT_MATCH,EXACT-GRP-817,307886,"Pajares, Jimi Ben Kyrie De Guzman",2024-10-11,Male,"Barangay IX","City of Vigan",1,2026-09-27T01:53:20.862627+00:00,MERGE SERVICES TO PRIMARY
EXACT_MATCH,EXACT-GRP-818,254079,"Paino, Symon, Parto",2024-03-16,Male,"Barangay IX","City of Vigan",1,2026-07-21T12:25:15.725005+00:00,KEEP (Primary)
EXACT_MATCH,EXACT-GRP-818,307939,"Paino, Symon Parto",2024-03-16,Male,"Barangay IX","City of Vigan",1,2026-09-27T01:53:20.862627+00:00,MERGE SERVICES TO PRIMARY
EXACT_MATCH,EXACT-GRP-819,254084,"Ularte, Neo Elijah, Aragoza",2024-01-14,Male,"Barangay IX","City of Vigan",1,2026-07-21T12:25:15.725005+00:00,KEEP (Primary)
EXACT_MATCH,EXACT-GRP-819,307950,"Ularte, Neo Elijah Aragoza",2024-01-14,Male,"Barangay IX","City of Vigan",1,2026-09-27T01:53:20.862627+00:00,MERGE SERVICES TO PRIMARY
EXACT_MATCH,EXACT-GRP-820,307933,"Sagucio, Abrielle Jhudz Cagujas",2024-10-29,Male,"Barangay IX","City of Vigan",3,2026-09-27T01:53:20.862627+00:00,KEEP (Primary)
EXACT_MATCH,EXACT-GRP-820,254087,"Sagucio, Abrielle Jhudz, Cagujas",2024-10-29,Male,"Barangay IX","City of Vigan",1,2026-07-21T12:25:15.725005+00:00,MERGE SERVICES TO PRIMARY
EXACT_MATCH,EXACT-GRP-821,279348,"Artates, Thunder Inigo Tugade",2011-07-10,Male,"Barangay VI","City of Vigan",1,2026-09-02T12:47:14.496177+00:00,KEEP (Primary)
EXACT_MATCH,EXACT-GRP-821,303519,"Artates, Thunder Iñigo Tugade",2011-07-10,Male,"Barangay VI","City of Vigan",1,2026-09-26T05:36:08.072839+00:00,MERGE SERVICES TO PRIMARY
EXACT_MATCH,EXACT-GRP-822,303569,"Rigos, Robert  Bermudez",1988-06-07,Male,"Barangay VI","City of Vigan",1,2026-09-26T05:36:08.072839+00:00,KEEP (Primary)
EXACT_MATCH,EXACT-GRP-822,318282,"RIGOS, ROBERT BERMUDEZ",1988-06-07,Male,"Barangay VII","City of Vigan",1,2026-09-28T13:16:48.28094+00:00,MERGE SERVICES TO PRIMARY
EXACT_MATCH,EXACT-GRP-823,306610,"Umayam Princess Elise  Pugal",2024-06-28,Female,"Beddeng Daya","City of Vigan",1,2026-09-26T20:54:58.42556+00:00,KEEP (Primary)
EXACT_MATCH,EXACT-GRP-823,329869,"Umayam, Princess Elise Pugal",2024-06-28,Female,"Beddeng Daya","City of Vigan",1,2026-10-01T14:32:45.907122+00:00,MERGE SERVICES TO PRIMARY
EXACT_MATCH,EXACT-GRP-824,309981,"Natividad, Ellanica Diaz",2025-03-10,Female,"Beddeng Daya","City of Vigan",2,2026-09-27T05:39:57.820199+00:00,KEEP (Primary)
EXACT_MATCH,EXACT-GRP-824,306612,"Natividad Ellanica Diaz",2025-03-10,Female,"Beddeng Daya","City of Vigan",1,2026-09-26T20:54:58.42556+00:00,MERGE SERVICES TO PRIMARY
EXACT_MATCH,EXACT-GRP-825,306613,"Utanes Whinona Macy Taaca",2025-08-10,Female,"Beddeng Daya","City of Vigan",1,2026-09-26T20:54:58.42556+00:00,KEEP (Primary)
EXACT_MATCH,EXACT-GRP-825,329858,"Utanes, Whinona Macy Taaca",2025-08-10,Female,"Beddeng Daya","City of Vigan",1,2026-10-01T14:32:45.907122+00:00,MERGE SERVICES TO PRIMARY
EXACT_MATCH,EXACT-GRP-826,306620,"Cabreros Nikk Marcus Benzon",2022-06-22,Male,"Beddeng Daya","City of Vigan",1,2026-09-26T20:54:58.42556+00:00,KEEP (Primary)
EXACT_MATCH,EXACT-GRP-826,329824,"Cabreros, Nikk Marcus Benzon",2022-06-22,Male,"Beddeng Daya","City of Vigan",1,2026-10-01T14:32:45.907122+00:00,MERGE SERVICES TO PRIMARY
EXACT_MATCH,EXACT-GRP-827,306626,"Pinol Azriel Jamir Bersalona",2023-09-13,Male,"Beddeng Daya","City of Vigan",1,2026-09-26T20:54:58.42556+00:00,KEEP (Primary)
EXACT_MATCH,EXACT-GRP-827,310025,"Pinol, Azriel Jamir Bersalona",2023-09-13,Male,"Beddeng Daya","City of Vigan",1,2026-09-27T05:39:57.820199+00:00,MERGE SERVICES TO PRIMARY
EXACT_MATCH,EXACT-GRP-828,306627,"Sanchez Ranzel Kurt Cabusao",2023-10-26,Male,"Beddeng Daya","City of Vigan",1,2026-09-26T20:54:58.42556+00:00,KEEP (Primary)
EXACT_MATCH,EXACT-GRP-828,329845,"Sanchez, Ranzel Kurt Cabusao",2023-10-26,Male,"Beddeng Daya","City of Vigan",1,2026-10-01T14:32:45.907122+00:00,MERGE SERVICES TO PRIMARY
EXACT_MATCH,EXACT-GRP-829,329821,"Mateo, Jaice Allieh Paiste",2024-04-22,Male,"Beddeng Daya","City of Vigan",2,2026-10-01T14:32:45.907122+00:00,KEEP (Primary)
EXACT_MATCH,EXACT-GRP-829,306629,"Mateo Jaice Allieh Paiste",2024-04-22,Male,"Beddeng Daya","City of Vigan",1,2026-09-26T20:54:58.42556+00:00,MERGE SERVICES TO PRIMARY
EXACT_MATCH,EXACT-GRP-830,329258,"Almare, Charles Andrew Monces",2021-11-23,Male,"Camanggaan","City of Vigan",2,2026-10-01T13:38:03.636764+00:00,KEEP (Primary)
EXACT_MATCH,EXACT-GRP-830,306647,"ALMARE  CHARLES ANDREW MONCES",2021-11-23,Male,"Camanggaan","City of Vigan",1,2026-09-26T21:17:31.5077+00:00,MERGE SERVICES TO PRIMARY
EXACT_MATCH,EXACT-GRP-831,306664,"QUILANA ZAYN GABRIEL HAGAD",2025-04-26,Male,"Camanggaan","City of Vigan",1,2026-09-26T21:17:31.5077+00:00,KEEP (Primary)
EXACT_MATCH,EXACT-GRP-831,329331,"Quilana, Zayn Gabriel Hagad",2025-04-26,Male,"Camanggaan","City of Vigan",1,2026-10-01T13:38:03.636764+00:00,MERGE SERVICES TO PRIMARY
EXACT_MATCH,EXACT-GRP-832,306666,"AMIDAO NOAH EZEKIEL  QUIBAL",2025-09-18,Male,"Camanggaan","City of Vigan",1,2026-09-26T21:17:31.5077+00:00,KEEP (Primary)
EXACT_MATCH,EXACT-GRP-832,329350,"Amidao, Noah Ezekiel Quibal",2025-09-18,Male,"Camanggaan","City of Vigan",1,2026-10-01T13:38:03.636764+00:00,MERGE SERVICES TO PRIMARY
EXACT_MATCH,EXACT-GRP-833,306668,"PANGILINAN  MJ PITPIT",2025-10-31,Male,"Camanggaan","City of Vigan",1,2026-09-26T21:17:31.5077+00:00,KEEP (Primary)
EXACT_MATCH,EXACT-GRP-833,329386,"Pangilinan, Mj Pitpit",2025-10-31,Male,"Camanggaan","City of Vigan",1,2026-10-01T13:38:03.636764+00:00,MERGE SERVICES TO PRIMARY
EXACT_MATCH,EXACT-GRP-834,306672,"PANGILINAN  MIRACLE JADE PITPIT",2022-03-30,Female,"Camanggaan","City of Vigan",1,2026-09-26T21:17:31.5077+00:00,KEEP (Primary)
EXACT_MATCH,EXACT-GRP-834,329388,"Pangilinan, Miracle Jade Pitpit",2022-03-30,Female,"Camanggaan","City of Vigan",1,2026-10-01T13:38:03.636764+00:00,MERGE SERVICES TO PRIMARY
EXACT_MATCH,EXACT-GRP-835,306676,"RABANAL MARY DANAE QUITASOL",2023-10-04,Female,"Camanggaan","City of Vigan",1,2026-09-26T21:17:31.5077+00:00,KEEP (Primary)
EXACT_MATCH,EXACT-GRP-835,329348,"Rabanal, Mary Danae Quitasol",2023-10-04,Female,"Camanggaan","City of Vigan",1,2026-10-01T13:38:03.636764+00:00,MERGE SERVICES TO PRIMARY
EXACT_MATCH,EXACT-GRP-836,306686,"FRIAL  JANELLE AIVY SOMERA",2025-12-20,Female,"Camanggaan","City of Vigan",1,2026-09-26T21:17:31.5077+00:00,KEEP (Primary)
EXACT_MATCH,EXACT-GRP-836,329479,"Frial, Janelle Aivy Somera",2025-12-20,Female,"Camanggaan","City of Vigan",1,2026-10-01T13:38:03.636764+00:00,MERGE SERVICES TO PRIMARY
EXACT_MATCH,EXACT-GRP-837,306791,"MANUEL, PIO D' ANGELO NOLASCO",2022-10-26,Male,"Barangay VII","City of Vigan",4,2026-09-27T00:36:35.948237+00:00,KEEP (Primary)
EXACT_MATCH,EXACT-GRP-837,318331,"MANUEL, PIO ""D"" ANGELO NOLASCO",2022-10-26,Male,"Barangay VII","City of Vigan",2,2026-09-28T13:16:48.28094+00:00,MERGE SERVICES TO PRIMARY
EXACT_MATCH,EXACT-GRP-838,308605,"Cortel, Robelyn Rapada",1999-10-21,Female,"Barangay VII","City of Vigan",1,2026-09-27T02:29:08.993192+00:00,KEEP (Primary)
EXACT_MATCH,EXACT-GRP-838,317500,"Cortel, Robelyn  Rapada",1999-10-21,Female,"Barangay VII","City of Vigan",1,2026-09-28T13:16:39.771769+00:00,MERGE SERVICES TO PRIMARY
EXACT_MATCH,EXACT-GRP-839,308629,"Jaramilla, Stephen Yggdrasil Agcamaran",2021-08-30,Male,"Barangay VII","City of Vigan",1,2026-09-27T02:29:08.993192+00:00,KEEP (Primary)
EXACT_MATCH,EXACT-GRP-839,318236,"Jaramilla, Stephen Yggdrasil  Agcamaran",2021-08-30,Male,"Barangay VII","City of Vigan",1,2026-09-28T13:16:48.28094+00:00,MERGE SERVICES TO PRIMARY
EXACT_MATCH,EXACT-GRP-840,318881,"Taaca, Liam Zayne Nunez",2024-08-02,Male,"Pong-ol","City of Vigan",4,2026-09-28T14:33:48.209149+00:00,KEEP (Primary)
EXACT_MATCH,EXACT-GRP-840,324320,"Taaca, Liam Zayne Nuñez",2024-08-02,Male,"Pong-ol","City of Vigan",1,2026-09-30T11:53:42.881593+00:00,MERGE SERVICES TO PRIMARY
EXACT_MATCH,EXACT-GRP-841,318960,"Puño, John Alessandro Domingo",2025-12-20,Male,"Pong-ol","City of Vigan",1,2026-09-28T14:33:48.209149+00:00,KEEP (Primary)
EXACT_MATCH,EXACT-GRP-841,324334,"Puno, John Alessandro Domingo",2025-12-20,Male,"Pong-ol","City of Vigan",1,2026-09-30T11:53:42.881593+00:00,MERGE SERVICES TO PRIMARY
FUZZY_VARIATION,FUZZY-GRP-1,37745,"Ragudo, Pauleene Kaith Pugal",2025-01-02,Female,"Purok-a-bassit","City of Vigan",0,2026-03-28T13:25:13.384068+00:00,REVIEW (Name variation with same DOB)
FUZZY_VARIATION,FUZZY-GRP-1,304510,"Ragudo, Pauleen Kaith Pugal",2025-01-02,Female,"Purok-a-bassit","City of Vigan",0,2026-09-26T12:05:01.772409+00:00,REVIEW (Name variation with same DOB)
FUZZY_VARIATION,FUZZY-GRP-2,37746,"Teneza, Jennyfer Casta�eda",1994-10-31,Female,"Purok-a-bassit","City of Vigan",0,2026-03-28T13:25:13.384068+00:00,REVIEW (Name variation with same DOB)
FUZZY_VARIATION,FUZZY-GRP-2,95376,"TENEZA JENNYFER CASTANEDA",1994-10-31,Female,"Purok-a-bassit","City of Vigan",0,2026-05-08T23:23:38.7858+00:00,REVIEW (Name variation with same DOB)
FUZZY_VARIATION,FUZZY-GRP-3,37749,"Quindoyos, Zerikah Eivelyn Dangcil",2025-04-12,Female,"Purok-a-bassit","City of Vigan",0,2026-03-28T13:25:13.384068+00:00,REVIEW (Name variation with same DOB)
FUZZY_VARIATION,FUZZY-GRP-3,304511,"Quindoyos, Zerikah Eively Dangcil",2025-04-12,Female,"Purok-a-bassit","City of Vigan",0,2026-09-26T12:05:01.772409+00:00,REVIEW (Name variation with same DOB)
FUZZY_VARIATION,FUZZY-GRP-4,61326,"Masaoay, Rosemalyn Bobiles",2001-12-19,Female,"Capangpangan","City of Vigan",0,2026-04-03T05:55:26.257445+00:00,REVIEW (Name variation with same DOB)
FUZZY_VARIATION,FUZZY-GRP-4,96222,"Magsaoay, Rosemalyn Bobiles",2001-12-19,Female,"Capangpangan","City of Vigan",0,2026-05-09T05:10:19.26877+00:00,REVIEW (Name variation with same DOB)
FUZZY_VARIATION,FUZZY-GRP-5,37815,"Mercurio, Ma. Rose Leah Pagtama",1990-09-09,Female,"Purok-a-bassit","City of Vigan",0,2026-03-28T13:25:13.384068+00:00,REVIEW (Name variation with same DOB)
FUZZY_VARIATION,FUZZY-GRP-5,95468,"MERCURIO MA. ROSE LEA PAGTAMA",1990-09-09,Female,"Purok-a-bassit","City of Vigan",0,2026-05-08T23:23:38.7858+00:00,REVIEW (Name variation with same DOB)
FUZZY_VARIATION,FUZZY-GRP-6,37819,"Pinzon, Gregorio Abero",1956-03-09,Male,"Purok-a-bassit","City of Vigan",1,2026-03-28T13:25:13.384068+00:00,REVIEW (Name variation with same DOB)
FUZZY_VARIATION,FUZZY-GRP-6,310260,"Pinzon, Gregorio Camero",1956-03-09,Male,"Purok-a-bassit","City of Vigan",0,2026-09-27T07:09:47.455431+00:00,REVIEW (Name variation with same DOB)
FUZZY_VARIATION,FUZZY-GRP-7,95740,"PINZON GREGORIO ABERO",1956-03-09,Male,"Purok-a-bassit","City of Vigan",1,2026-05-08T23:27:08.191258+00:00,REVIEW (Name variation with same DOB)
FUZZY_VARIATION,FUZZY-GRP-7,310260,"Pinzon, Gregorio Camero",1956-03-09,Male,"Purok-a-bassit","City of Vigan",0,2026-09-27T07:09:47.455431+00:00,REVIEW (Name variation with same DOB)
FUZZY_VARIATION,FUZZY-GRP-8,37865,"Natividad, Armando Antolin",1960-04-06,Male,"Purok-a-bassit","City of Vigan",0,2026-03-28T13:25:13.384068+00:00,REVIEW (Name variation with same DOB)
FUZZY_VARIATION,FUZZY-GRP-8,310281,"Natividad, Amado Antolin",1960-04-06,Male,"Purok-a-bassit","City of Vigan",0,2026-09-27T07:09:47.455431+00:00,REVIEW (Name variation with same DOB)
FUZZY_VARIATION,FUZZY-GRP-9,37867,"Villareal, Adriane Ross Palacpac",2014-10-12,Male,"Purok-a-bassit","City of Vigan",0,2026-03-28T13:25:13.384068+00:00,REVIEW (Name variation with same DOB)
FUZZY_VARIATION,FUZZY-GRP-9,95831,"VILLAREAL ADRIANNE ROSS PALACPAC",2014-10-12,Male,"Purok-a-bassit","City of Vigan",0,2026-05-08T23:27:08.191258+00:00,REVIEW (Name variation with same DOB)
FUZZY_VARIATION,FUZZY-GRP-10,37869,"Felisco, Felicidad Casta�eda",1955-07-10,Female,"Purok-a-bassit","City of Vigan",0,2026-03-28T13:25:13.384068+00:00,REVIEW (Name variation with same DOB)
FUZZY_VARIATION,FUZZY-GRP-10,95378,"FELISCO FELICIDAD CASTANEDA",1955-07-10,Female,"Purok-a-bassit","City of Vigan",0,2026-05-08T23:23:38.7858+00:00,REVIEW (Name variation with same DOB)
FUZZY_VARIATION,FUZZY-GRP-11,37870,"Austria, Maryflor Tamag",1999-07-13,Female,"Purok-a-bassit","City of Vigan",0,2026-03-28T13:25:13.384068+00:00,REVIEW (Name variation with same DOB)
FUZZY_VARIATION,FUZZY-GRP-11,95620,"AUSTRIA MARY FLOR TAMAG",1999-07-13,Female,"Purok-a-bassit","City of Vigan",0,2026-05-08T23:23:38.7858+00:00,REVIEW (Name variation with same DOB)
FUZZY_VARIATION,FUZZY-GRP-12,37871,"Austria, Andria Marie Tamag",2020-08-17,Female,"Purok-a-bassit","City of Vigan",0,2026-03-28T13:25:13.384068+00:00,REVIEW (Name variation with same DOB)
FUZZY_VARIATION,FUZZY-GRP-12,95621,"AUSTRIA ANDREA MARIE TAMAG",2020-08-17,Female,"Purok-a-bassit","City of Vigan",0,2026-05-08T23:23:38.7858+00:00,REVIEW (Name variation with same DOB)
FUZZY_VARIATION,FUZZY-GRP-13,37873,"Inciong, Asuncion Casta�eda",1947-08-15,Female,"Purok-a-bassit","City of Vigan",0,2026-03-28T13:25:13.384068+00:00,REVIEW (Name variation with same DOB)
FUZZY_VARIATION,FUZZY-GRP-13,95551,"INCIONG ASUNCION CASTANEDA",1947-08-15,Female,"Purok-a-bassit","City of Vigan",0,2026-05-08T23:23:38.7858+00:00,REVIEW (Name variation with same DOB)
FUZZY_VARIATION,FUZZY-GRP-14,37905,"Andallo, Ronalyn Taruna",2001-01-26,Female,"Purok-a-dackel","City of Vigan",0,2026-03-28T13:44:51.553458+00:00,REVIEW (Name variation with same DOB)
FUZZY_VARIATION,FUZZY-GRP-14,158665,"Andallo Ronalyn Tarona",2001-01-26,Female,"Purok-a-dackel","City of Vigan",0,2026-05-31T08:17:04.191472+00:00,REVIEW (Name variation with same DOB)
FUZZY_VARIATION,FUZZY-GRP-15,37910,"Casta�eda, Conrado Batarina",1964-02-14,Male,"Purok-a-dackel","City of Vigan",0,2026-03-28T13:44:51.553458+00:00,REVIEW (Name variation with same DOB)
FUZZY_VARIATION,FUZZY-GRP-15,158698,"Castaneda Conrado Batarina",1964-02-14,Male,"Purok-a-dackel","City of Vigan",0,2026-05-31T08:17:06.090701+00:00,REVIEW (Name variation with same DOB)
FUZZY_VARIATION,FUZZY-GRP-16,37917,"Pajarillo, Julia Caszandra Bersamin",2025-03-04,Female,"Purok-a-dackel","City of Vigan",0,2026-03-28T13:44:51.553458+00:00,REVIEW (Name variation with same DOB)
FUZZY_VARIATION,FUZZY-GRP-16,304532,"Pajarillo, Julia Caszandra besamin",2025-03-04,Female,"Purok-a-dackel","City of Vigan",0,2026-09-26T12:05:01.772409+00:00,REVIEW (Name variation with same DOB)
FUZZY_VARIATION,FUZZY-GRP-17,37933,"Tubon, Mc Khenly Florendo",2024-04-17,Male,"Purok-a-dackel","City of Vigan",0,2026-03-28T13:44:51.553458+00:00,REVIEW (Name variation with same DOB)
FUZZY_VARIATION,FUZZY-GRP-17,304528,"Tubon, Mc Khenley Florendo",2024-04-17,Male,"Purok-a-dackel","City of Vigan",0,2026-09-26T12:05:01.772409+00:00,REVIEW (Name variation with same DOB)
FUZZY_VARIATION,FUZZY-GRP-18,37935,"Alvarade, Teresa Quiambao",1964-04-22,Female,"Purok-a-dackel","City of Vigan",0,2026-03-28T13:44:51.553458+00:00,REVIEW (Name variation with same DOB)
FUZZY_VARIATION,FUZZY-GRP-18,158625,"Alvarade Teresa Quimbao",1964-04-22,Female,"Purok-a-dackel","City of Vigan",0,2026-05-31T08:17:04.191472+00:00,REVIEW (Name variation with same DOB)
FUZZY_VARIATION,FUZZY-GRP-19,37947,"Casta�eda, Marvin Madiam",1991-05-26,Male,"Purok-a-dackel","City of Vigan",0,2026-03-28T13:44:51.553458+00:00,REVIEW (Name variation with same DOB)
FUZZY_VARIATION,FUZZY-GRP-19,158502,"Castaneda Marvin Madiam",1991-05-26,Male,"Purok-a-dackel","City of Vigan",0,2026-05-31T08:17:04.191472+00:00,REVIEW (Name variation with same DOB)
FUZZY_VARIATION,FUZZY-GRP-20,222693,"Benzon, Christian Neri",2004-05-27,Male,"Salindeg","City of Vigan",0,2026-06-24T07:51:24.475842+00:00,REVIEW (Name variation with same DOB)
FUZZY_VARIATION,FUZZY-GRP-20,222952,"Benzon, Christian Leri",2004-05-27,Male,"Salindeg","City of Vigan",0,2026-06-24T07:51:24.475842+00:00,REVIEW (Name variation with same DOB)
FUZZY_VARIATION,FUZZY-GRP-21,37957,"Casta�eda, Gaudencio Cabalbal",1967-06-17,Male,"Purok-a-dackel","City of Vigan",0,2026-03-28T13:44:51.553458+00:00,REVIEW (Name variation with same DOB)
FUZZY_VARIATION,FUZZY-GRP-21,158620,"Castaneda Gaudencio Cabalbal",1967-06-17,Male,"Purok-a-dackel","City of Vigan",0,2026-05-31T08:17:04.191472+00:00,REVIEW (Name variation with same DOB)
FUZZY_VARIATION,FUZZY-GRP-22,95098,"Baroso, Louie Pisalbo",1982-06-21,Male,"San Julian Norte","City of Vigan",0,2026-05-08T20:21:22.260199+00:00,REVIEW (Name variation with same DOB)
FUZZY_VARIATION,FUZZY-GRP-22,136417,"BAROSO, LUIS PISALBO",1982-06-21,Male,"San Julian Norte","City of Vigan",0,2026-05-24T00:51:15.835019+00:00,REVIEW (Name variation with same DOB)
FUZZY_VARIATION,FUZZY-GRP-23,37959,"Tipon, Rey Domenden",1982-06-23,Male,"Purok-a-dackel","City of Vigan",0,2026-03-28T13:44:51.553458+00:00,REVIEW (Name variation with same DOB)
FUZZY_VARIATION,FUZZY-GRP-23,158449,"Tipon Rey Dumenden",1982-06-23,Male,"Purok-a-dackel","City of Vigan",0,2026-05-31T08:17:04.191472+00:00,REVIEW (Name variation with same DOB)
FUZZY_VARIATION,FUZZY-GRP-24,37963,"Casta�eda, Glenn Dave Cada",1990-07-01,Male,"Purok-a-dackel","City of Vigan",0,2026-03-28T13:44:51.553458+00:00,REVIEW (Name variation with same DOB)
FUZZY_VARIATION,FUZZY-GRP-24,158710,"Castaneda Glenn Dave Cada",1990-07-01,Male,"Purok-a-dackel","City of Vigan",0,2026-05-31T08:17:06.090701+00:00,REVIEW (Name variation with same DOB)
FUZZY_VARIATION,FUZZY-GRP-25,37965,"Corpuz, Sarah Jane Piano",1983-07-05,Female,"Purok-a-dackel","City of Vigan",0,2026-03-28T13:44:51.553458+00:00,REVIEW (Name variation with same DOB)
FUZZY_VARIATION,FUZZY-GRP-25,158200,"Corpuz, Sara Jane Piano",1983-07-05,Female,"Purok-a-dackel","City of Vigan",0,2026-05-31T08:17:04.191472+00:00,REVIEW (Name variation with same DOB)
FUZZY_VARIATION,FUZZY-GRP-26,37967,"Casta�eda, Jonalyn Gaston",1996-07-09,Female,"Purok-a-dackel","City of Vigan",0,2026-03-28T13:44:51.553458+00:00,REVIEW (Name variation with same DOB)
FUZZY_VARIATION,FUZZY-GRP-26,158510,"Castaneda Jonalyn Gaston",1996-07-09,Female,"Purok-a-dackel","City of Vigan",0,2026-05-31T08:17:04.191472+00:00,REVIEW (Name variation with same DOB)
FUZZY_VARIATION,FUZZY-GRP-27,37975,"Andallo, Felicisimo Baroma",1963-08-06,Male,"Purok-a-dackel","City of Vigan",0,2026-03-28T13:44:51.553458+00:00,REVIEW (Name variation with same DOB)
FUZZY_VARIATION,FUZZY-GRP-27,158426,"Andallo Felicimo Baroma",1963-08-06,Male,"Purok-a-dackel","City of Vigan",0,2026-05-31T08:17:04.191472+00:00,REVIEW (Name variation with same DOB)
FUZZY_VARIATION,FUZZY-GRP-28,37978,"Montero, Rosela Casta�eda",1967-08-19,Female,"Purok-a-dackel","City of Vigan",0,2026-03-28T13:44:51.553458+00:00,REVIEW (Name variation with same DOB)
FUZZY_VARIATION,FUZZY-GRP-28,158589,"Montero Rosela Castaneda",1967-08-19,Female,"Purok-a-dackel","City of Vigan",0,2026-05-31T08:17:04.191472+00:00,REVIEW (Name variation with same DOB)
FUZZY_VARIATION,FUZZY-GRP-29,37979,"Quintinita, Christopher Cabalo",1980-08-25,Male,"Purok-a-dackel","City of Vigan",0,2026-03-28T13:44:51.553458+00:00,REVIEW (Name variation with same DOB)
FUZZY_VARIATION,FUZZY-GRP-29,158574,"Quintinita Cristopher Cabalo",1980-08-25,Male,"Purok-a-dackel","City of Vigan",0,2026-05-31T08:17:04.191472+00:00,REVIEW (Name variation with same DOB)
FUZZY_VARIATION,FUZZY-GRP-30,37980,"Realin, Janmarc Claine Follante",2005-08-25,Male,"Purok-a-dackel","City of Vigan",0,2026-03-28T13:44:51.553458+00:00,REVIEW (Name variation with same DOB)
FUZZY_VARIATION,FUZZY-GRP-30,158256,"Realin,Janmarc Clair Follante",2005-08-25,Male,"Purok-a-dackel","City of Vigan",0,2026-05-31T08:17:04.191472+00:00,REVIEW (Name variation with same DOB)
FUZZY_VARIATION,FUZZY-GRP-31,37983,"Alvarade, Valeriano Casta�eda",1963-09-12,Male,"Purok-a-dackel","City of Vigan",0,2026-03-28T13:44:51.553458+00:00,REVIEW (Name variation with same DOB)
FUZZY_VARIATION,FUZZY-GRP-31,158624,"Alvarade  Valeriano Castaneda",1963-09-12,Male,"Purok-a-dackel","City of Vigan",0,2026-05-31T08:17:04.191472+00:00,REVIEW (Name variation with same DOB)
FUZZY_VARIATION,FUZZY-GRP-32,37991,"Asuncion, Azariah Avery Bajet",2023-10-03,Female,"Purok-a-dackel","City of Vigan",0,2026-03-28T13:44:51.553458+00:00,REVIEW (Name variation with same DOB)
FUZZY_VARIATION,FUZZY-GRP-32,304526,"Asuncion, Azaria Avery Bajet",2023-10-03,Female,"Purok-a-dackel","City of Vigan",0,2026-09-26T12:05:01.772409+00:00,REVIEW (Name variation with same DOB)
FUZZY_VARIATION,FUZZY-GRP-33,37994,"Andallo, John Paul Taruna",1998-10-12,Male,"Purok-a-dackel","City of Vigan",0,2026-03-28T13:44:51.553458+00:00,REVIEW (Name variation with same DOB)
FUZZY_VARIATION,FUZZY-GRP-33,158667,"Andallo John Paul Tarona",1998-10-12,Male,"Purok-a-dackel","City of Vigan",0,2026-05-31T08:17:04.191472+00:00,REVIEW (Name variation with same DOB)
FUZZY_VARIATION,FUZZY-GRP-34,37999,"Andres, Cecilia Alvarade",1969-10-24,Female,"Purok-a-dackel","City of Vigan",0,2026-03-28T13:44:51.553458+00:00,REVIEW (Name variation with same DOB)
FUZZY_VARIATION,FUZZY-GRP-34,158476,"Andres Recilla Alvarade",1969-10-24,Female,"Purok-a-dackel","City of Vigan",0,2026-05-31T08:17:04.191472+00:00,REVIEW (Name variation with same DOB)
FUZZY_VARIATION,FUZZY-GRP-35,38004,"Adriatico, Victoria Piano",1947-10-30,Female,"Purok-a-dackel","City of Vigan",0,2026-03-28T13:44:51.553458+00:00,REVIEW (Name variation with same DOB)
FUZZY_VARIATION,FUZZY-GRP-35,158404,"Adriatico Victorina Piano",1947-10-30,Female,"Purok-a-dackel","City of Vigan",0,2026-05-31T08:17:04.191472+00:00,REVIEW (Name variation with same DOB)
FUZZY_VARIATION,FUZZY-GRP-36,38014,"Cabrales, Luminada Faranil",1974-11-28,Female,"Purok-a-dackel","City of Vigan",0,2026-03-28T13:44:51.553458+00:00,REVIEW (Name variation with same DOB)
FUZZY_VARIATION,FUZZY-GRP-36,158341,"Cabrales,Luminada Feranil",1974-11-28,Female,"Purok-a-dackel","City of Vigan",0,2026-05-31T08:17:04.191472+00:00,REVIEW (Name variation with same DOB)
FUZZY_VARIATION,FUZZY-GRP-37,38016,"Pimo, Matthew Edryx Velasco",2025-11-28,Male,"Purok-a-dackel","City of Vigan",0,2026-03-28T13:44:51.553458+00:00,REVIEW (Name variation with same DOB)
FUZZY_VARIATION,FUZZY-GRP-37,304539,"Pimo, Matthew Edrys Velasco",2025-11-28,Male,"Purok-a-dackel","City of Vigan",0,2026-09-26T12:05:01.772409+00:00,REVIEW (Name variation with same DOB)
FUZZY_VARIATION,FUZZY-GRP-38,38020,"Sanchez, Yolanda Astrologio",1953-12-06,Female,"Purok-a-dackel","City of Vigan",0,2026-03-28T13:44:51.553458+00:00,REVIEW (Name variation with same DOB)
FUZZY_VARIATION,FUZZY-GRP-38,158291,"Sanchez,Yolanda Astralogio",1953-12-06,Female,"Purok-a-dackel","City of Vigan",0,2026-05-31T08:17:04.191472+00:00,REVIEW (Name variation with same DOB)
FUZZY_VARIATION,FUZZY-GRP-39,38052,"Artates, Sabrinna Vi�alon",2024-12-05,Female,"Barangay VI","City of Vigan",0,2026-03-28T14:08:38.747116+00:00,REVIEW (Name variation with same DOB)
FUZZY_VARIATION,FUZZY-GRP-39,62001,"artates, sabrinna vinalon",2024-12-05,Female,"Barangay VI","City of Vigan",0,2026-04-03T06:27:19.728095+00:00,REVIEW (Name variation with same DOB)
FUZZY_VARIATION,FUZZY-GRP-40,38052,"Artates, Sabrinna Vi�alon",2024-12-05,Female,"Barangay VI","City of Vigan",0,2026-03-28T14:08:38.747116+00:00,REVIEW (Name variation with same DOB)
FUZZY_VARIATION,FUZZY-GRP-40,98502,"Artates, Sabrinna Vi?lon",2024-12-05,Female,"Barangay VI","City of Vigan",0,2026-05-09T22:46:24.460576+00:00,REVIEW (Name variation with same DOB)
FUZZY_VARIATION,FUZZY-GRP-41,62001,"artates, sabrinna vinalon",2024-12-05,Female,"Barangay VI","City of Vigan",0,2026-04-03T06:27:19.728095+00:00,REVIEW (Name variation with same DOB)
FUZZY_VARIATION,FUZZY-GRP-41,98502,"Artates, Sabrinna Vi?lon",2024-12-05,Female,"Barangay VI","City of Vigan",0,2026-05-09T22:46:24.460576+00:00,REVIEW (Name variation with same DOB)
FUZZY_VARIATION,FUZZY-GRP-42,38058,"Marbaiz, Charlz Kendrick Claro",2024-08-04,Male,"Barangay VI","City of Vigan",0,2026-03-28T14:08:38.747116+00:00,REVIEW (Name variation with same DOB)
FUZZY_VARIATION,FUZZY-GRP-42,309094,"Marbaiz, Charlz Kendric Claro",2024-08-04,Male,"Barangay VI","City of Vigan",0,2026-09-27T03:16:44.803133+00:00,REVIEW (Name variation with same DOB)
FUZZY_VARIATION,FUZZY-GRP-43,93321,"Magno, Aleczia Kalliyah Redoble",2018-09-26,Female,"San Pedro","City of Vigan",0,2026-05-08T13:27:21.219826+00:00,REVIEW (Name variation with same DOB)
FUZZY_VARIATION,FUZZY-GRP-43,220156,"Magno, Aleczia Kalleya Redoble",2018-09-26,Female,"San Pedro","City of Vigan",0,2026-06-23T19:39:54.987717+00:00,REVIEW (Name variation with same DOB)
FUZZY_VARIATION,FUZZY-GRP-44,38060,"Pascua, Jezhel Morales",2019-06-19,Female,"Barangay VI","City of Vigan",0,2026-03-28T14:08:38.747116+00:00,REVIEW (Name variation with same DOB)
FUZZY_VARIATION,FUZZY-GRP-44,279009,"Pascua, Jhezel Morales",2019-06-19,Female,"Barangay VI","City of Vigan",0,2026-09-02T12:22:23.423019+00:00,REVIEW (Name variation with same DOB)
FUZZY_VARIATION,FUZZY-GRP-45,41156,"Arce, Mark Puzon",2005-02-04,Male,"Barangay III","City of Vigan",0,2026-03-29T14:33:08.861346+00:00,REVIEW (Name variation with same DOB)
FUZZY_VARIATION,FUZZY-GRP-45,94847,"Arce, Marc Puzon",2005-02-04,Male,"Barangay III","City of Vigan",0,2026-05-08T19:38:41.090598+00:00,REVIEW (Name variation with same DOB)
FUZZY_VARIATION,FUZZY-GRP-46,38082,"Arreo, Monica Asada",1987-07-30,Female,"Barangay VI","City of Vigan",0,2026-03-28T14:08:38.747116+00:00,REVIEW (Name variation with same DOB)
FUZZY_VARIATION,FUZZY-GRP-46,303317,"Arreo, Monica Azada",1987-07-30,Female,"Barangay VI","City of Vigan",0,2026-09-26T05:36:08.072839+00:00,REVIEW (Name variation with same DOB)
FUZZY_VARIATION,FUZZY-GRP-47,38099,"Agcamaran, Shareth Mae Fontano",1991-05-21,Female,"Barangay VI","City of Vigan",0,2026-03-28T14:08:38.747116+00:00,REVIEW (Name variation with same DOB)
FUZZY_VARIATION,FUZZY-GRP-47,278933,"Agcamaran, Sharethmae Fontano",1991-05-21,Female,"Barangay VI","City of Vigan",0,2026-09-02T12:22:23.423019+00:00,REVIEW (Name variation with same DOB)
FUZZY_VARIATION,FUZZY-GRP-48,38100,"Ca�ero, Michelle Parel",1996-09-21,Female,"Barangay VI","City of Vigan",0,2026-03-28T14:08:38.747116+00:00,REVIEW (Name variation with same DOB)
FUZZY_VARIATION,FUZZY-GRP-48,98569,"Ca?ro, Michelle Parel",1996-09-21,Female,"Barangay VI","City of Vigan",0,2026-05-09T22:46:24.460576+00:00,REVIEW (Name variation with same DOB)
FUZZY_VARIATION,FUZZY-GRP-49,38103,"Babas, April Suzette Estabillo",1987-04-24,Female,"Barangay VI","City of Vigan",0,2026-03-28T14:08:38.747116+00:00,REVIEW (Name variation with same DOB)
FUZZY_VARIATION,FUZZY-GRP-49,279202,"Babas, Aprille Suzette Estabillo",1987-04-24,Female,"Barangay VI","City of Vigan",0,2026-09-02T12:22:23.423019+00:00,REVIEW (Name variation with same DOB)
FUZZY_VARIATION,FUZZY-GRP-50,38105,"Pe�ales, Joshua Morales",1983-08-27,Female,"Barangay VI","City of Vigan",0,2026-03-28T14:08:38.747116+00:00,REVIEW (Name variation with same DOB)
FUZZY_VARIATION,FUZZY-GRP-50,98707,"Pe?les, Joshua Morales",1983-08-27,Female,"Barangay VI","City of Vigan",0,2026-05-09T22:46:24.460576+00:00,REVIEW (Name variation with same DOB)
FUZZY_VARIATION,FUZZY-GRP-51,38105,"Pe�ales, Joshua Morales",1983-08-27,Female,"Barangay VI","City of Vigan",0,2026-03-28T14:08:38.747116+00:00,REVIEW (Name variation with same DOB)
FUZZY_VARIATION,FUZZY-GRP-51,279006,"Penales, Joshua Morales",1983-08-27,Male,"Barangay VI","City of Vigan",0,2026-09-02T12:22:23.423019+00:00,REVIEW (Name variation with same DOB)
FUZZY_VARIATION,FUZZY-GRP-52,98707,"Pe?les, Joshua Morales",1983-08-27,Female,"Barangay VI","City of Vigan",0,2026-05-09T22:46:24.460576+00:00,REVIEW (Name variation with same DOB)
FUZZY_VARIATION,FUZZY-GRP-52,279006,"Penales, Joshua Morales",1983-08-27,Male,"Barangay VI","City of Vigan",0,2026-09-02T12:22:23.423019+00:00,REVIEW (Name variation with same DOB)
FUZZY_VARIATION,FUZZY-GRP-53,38118,"Tacud, Mark Henshy Parto",1989-01-23,Male,"Barangay VI","City of Vigan",0,2026-03-28T14:08:38.747116+00:00,REVIEW (Name variation with same DOB)
FUZZY_VARIATION,FUZZY-GRP-53,303560,"Tacud, Mark Hensly Parto",1989-01-23,Male,"Barangay VI","City of Vigan",0,2026-09-26T05:36:08.072839+00:00,REVIEW (Name variation with same DOB)
FUZZY_VARIATION,FUZZY-GRP-54,38143,"Artates, Samantha Hailey Vi�alon",2019-08-09,Female,"Barangay VI","City of Vigan",0,2026-03-28T14:08:38.747116+00:00,REVIEW (Name variation with same DOB)
FUZZY_VARIATION,FUZZY-GRP-54,98503,"Artates, Samantha Hailey Vi?lon",2019-08-09,Female,"Barangay VI","City of Vigan",0,2026-05-09T22:46:24.460576+00:00,REVIEW (Name variation with same DOB)
FUZZY_VARIATION,FUZZY-GRP-55,38159,"Labrador, Cristel Galinato",2006-12-20,Female,"Barangay VI","City of Vigan",0,2026-03-28T14:08:38.747116+00:00,REVIEW (Name variation with same DOB)
FUZZY_VARIATION,FUZZY-GRP-55,303416,"Labrador, Cristal Galinato",2006-12-20,Female,"Barangay VI","City of Vigan",0,2026-09-26T05:36:08.072839+00:00,REVIEW (Name variation with same DOB)
FUZZY_VARIATION,FUZZY-GRP-56,38193,"Battad, Jacqueline Arcejo",1975-01-30,Female,"Barangay VI","City of Vigan",0,2026-03-28T14:08:38.747116+00:00,REVIEW (Name variation with same DOB)
FUZZY_VARIATION,FUZZY-GRP-56,278988,"Battad, Jaqueline Arcejo",1975-01-30,Female,"Barangay VI","City of Vigan",0,2026-09-02T12:22:23.423019+00:00,REVIEW (Name variation with same DOB)
FUZZY_VARIATION,FUZZY-GRP-57,38240,"Agcamaran, Nathalia I�igo",1999-12-01,Female,"Barangay VI","City of Vigan",0,2026-03-28T14:08:38.747116+00:00,REVIEW (Name variation with same DOB)
FUZZY_VARIATION,FUZZY-GRP-57,98443,"Agcamaran, Nathalia I?go",1999-12-01,Female,"Barangay VI","City of Vigan",0,2026-05-09T22:46:24.460576+00:00,REVIEW (Name variation with same DOB)
FUZZY_VARIATION,FUZZY-GRP-58,38241,"Galcon, Racquel Tabag",1996-07-18,Female,"Barangay VI","City of Vigan",0,2026-03-28T14:08:38.747116+00:00,REVIEW (Name variation with same DOB)
FUZZY_VARIATION,FUZZY-GRP-58,279053,"Galcon, Raquel Tabag",1996-07-18,Female,"Barangay VI","City of Vigan",0,2026-09-02T12:22:23.423019+00:00,REVIEW (Name variation with same DOB)
FUZZY_VARIATION,FUZZY-GRP-59,143030,"Qui�ones, Julie Agueran",1951-10-26,Female,"Mindoro","City of Vigan",0,2026-05-25T11:22:29.263713+00:00,REVIEW (Name variation with same DOB)
FUZZY_VARIATION,FUZZY-GRP-59,254843,"Qui?nes, Julie Agueran",1951-10-26,Female,"Mindoro","City of Vigan",0,2026-07-22T00:10:36.421976+00:00,REVIEW (Name variation with same DOB)
FUZZY_VARIATION,FUZZY-GRP-60,143030,"Qui�ones, Julie Agueran",1951-10-26,Female,"Mindoro","City of Vigan",0,2026-05-25T11:22:29.263713+00:00,REVIEW (Name variation with same DOB)
FUZZY_VARIATION,FUZZY-GRP-60,306951,"Quiñones, Julie Agueran",1951-10-26,Female,"Mindoro","City of Vigan",0,2026-09-27T01:11:15.669781+00:00,REVIEW (Name variation with same DOB)
FUZZY_VARIATION,FUZZY-GRP-61,254843,"Qui?nes, Julie Agueran",1951-10-26,Female,"Mindoro","City of Vigan",0,2026-07-22T00:10:36.421976+00:00,REVIEW (Name variation with same DOB)
FUZZY_VARIATION,FUZZY-GRP-61,306951,"Quiñones, Julie Agueran",1951-10-26,Female,"Mindoro","City of Vigan",0,2026-09-27T01:11:15.669781+00:00,REVIEW (Name variation with same DOB)
FUZZY_VARIATION,FUZZY-GRP-62,38259,"Aporongao, Reniel Glenn Dela Cruz",2025-07-12,Male,"Barangay VI","City of Vigan",0,2026-03-28T14:08:38.747116+00:00,REVIEW (Name variation with same DOB)
FUZZY_VARIATION,FUZZY-GRP-62,303506,"Aporongao, Reniel Glenn De La Cruz",2025-07-12,Male,"Barangay VI","City of Vigan",0,2026-09-26T05:36:08.072839+00:00,REVIEW (Name variation with same DOB)
FUZZY_VARIATION,FUZZY-GRP-63,38263,"Somera, Joy Ryzzen Bascao",2015-03-16,Female,"Barangay VI","City of Vigan",0,2026-03-28T14:08:38.747116+00:00,REVIEW (Name variation with same DOB)
FUZZY_VARIATION,FUZZY-GRP-63,278981,"Somera, Jay Ryzzen Bascao",2015-03-16,Male,"Barangay VI","City of Vigan",0,2026-09-02T12:22:23.423019+00:00,REVIEW (Name variation with same DOB)
FUZZY_VARIATION,FUZZY-GRP-64,99602,"Pasion, Lyandrei Ezekiel Felix",2015-03-16,Male,"San Jose","City of Vigan",0,2026-05-10T13:36:01.112343+00:00,REVIEW (Name variation with same DOB)
FUZZY_VARIATION,FUZZY-GRP-64,307538,"PASION, LYANDREI EZKIEL FELIX",2015-03-16,Male,"San Jose","City of Vigan",0,2026-09-27T01:49:05.655683+00:00,REVIEW (Name variation with same DOB)
FUZZY_VARIATION,FUZZY-GRP-65,38270,"Gines, Angeliz Joven",1980-01-27,Female,"Barangay VI","City of Vigan",0,2026-03-28T14:08:38.747116+00:00,REVIEW (Name variation with same DOB)
FUZZY_VARIATION,FUZZY-GRP-65,38271,"Ginez, Angeliz Joven",1980-01-27,Female,"Barangay VI","City of Vigan",0,2026-03-28T14:08:38.747116+00:00,REVIEW (Name variation with same DOB)
FUZZY_VARIATION,FUZZY-GRP-66,99404,"Cabanilla, Raquel Dayag",1984-08-24,Female,"Cabalangegan","City of Vigan",0,2026-05-10T10:30:04.352709+00:00,REVIEW (Name variation with same DOB)
FUZZY_VARIATION,FUZZY-GRP-66,308077,"CABANILLA, RACQUEL DAYAG",1984-08-24,Female,"Cabalangegan","City of Vigan",0,2026-09-27T02:18:12.589294+00:00,REVIEW (Name variation with same DOB)
FUZZY_VARIATION,FUZZY-GRP-67,38286,"Dela Cruz, Wilgeric Ayson",2004-07-14,Male,"Barangay VI","City of Vigan",0,2026-03-28T14:08:38.747116+00:00,REVIEW (Name variation with same DOB)
FUZZY_VARIATION,FUZZY-GRP-67,303514,"De La Cruz, Wilgeric Ayson",2004-07-14,Male,"Barangay VI","City of Vigan",0,2026-09-26T05:36:08.072839+00:00,REVIEW (Name variation with same DOB)
FUZZY_VARIATION,FUZZY-GRP-68,38291,"Gasilan, Luke Skyler Nidea",2024-10-29,Male,"Barangay VI","City of Vigan",0,2026-03-28T14:08:38.747116+00:00,REVIEW (Name variation with same DOB)
FUZZY_VARIATION,FUZZY-GRP-68,62002,"gasilan, luke skler nidea",2024-10-29,Male,"Barangay VI","City of Vigan",0,2026-04-03T06:27:19.728095+00:00,REVIEW (Name variation with same DOB)
FUZZY_VARIATION,FUZZY-GRP-69,135944,"Comilang, Joana Marie Durana",2008-02-08,Female,"San Julian Norte","City of Vigan",0,2026-05-24T00:51:13.425653+00:00,REVIEW (Name variation with same DOB)
FUZZY_VARIATION,FUZZY-GRP-69,137162,"COMILANG, JOANAMARIE DURANA",2008-02-08,Female,"San Julian Norte","City of Vigan",0,2026-05-24T00:51:17.863707+00:00,REVIEW (Name variation with same DOB)
FUZZY_VARIATION,FUZZY-GRP-70,38302,"Rica�a, Cherryl Regua",1976-09-11,Female,"Barangay VI","City of Vigan",0,2026-03-28T14:08:38.747116+00:00,REVIEW (Name variation with same DOB)
FUZZY_VARIATION,FUZZY-GRP-70,98743,"Rica?, Cherryl Regua",1976-09-11,Female,"Barangay VI","City of Vigan",0,2026-05-09T22:46:24.460576+00:00,REVIEW (Name variation with same DOB)
FUZZY_VARIATION,FUZZY-GRP-71,38302,"Rica�a, Cherryl Regua",1976-09-11,Female,"Barangay VI","City of Vigan",0,2026-03-28T14:08:38.747116+00:00,REVIEW (Name variation with same DOB)
FUZZY_VARIATION,FUZZY-GRP-71,303373,"Ricaña, Cherryl Regua",1976-09-11,Female,"Barangay VI","City of Vigan",0,2026-09-26T05:36:08.072839+00:00,REVIEW (Name variation with same DOB)
FUZZY_VARIATION,FUZZY-GRP-72,98743,"Rica?, Cherryl Regua",1976-09-11,Female,"Barangay VI","City of Vigan",0,2026-05-09T22:46:24.460576+00:00,REVIEW (Name variation with same DOB)
FUZZY_VARIATION,FUZZY-GRP-72,303373,"Ricaña, Cherryl Regua",1976-09-11,Female,"Barangay VI","City of Vigan",0,2026-09-26T05:36:08.072839+00:00,REVIEW (Name variation with same DOB)
FUZZY_VARIATION,FUZZY-GRP-73,99475,"Arcangel, Cyen Gemme Paroligan",2024-08-23,Female,"San Jose","City of Vigan",0,2026-05-10T13:36:01.112343+00:00,REVIEW (Name variation with same DOB)
FUZZY_VARIATION,FUZZY-GRP-73,307239,"ARCANGHEL, CYEN GEMME PAROLIGAN",2024-08-23,Female,"San Jose","City of Vigan",0,2026-09-27T01:49:05.655683+00:00,REVIEW (Name variation with same DOB)
FUZZY_VARIATION,FUZZY-GRP-74,279327,"Tagabe, Jhoana Marie",2002-06-19,Female,"Barangay VI","City of Vigan",0,2026-09-02T12:47:14.496177+00:00,REVIEW (Name variation with same DOB)
FUZZY_VARIATION,FUZZY-GRP-74,303431,"Tagabe, Joana Marie",2002-06-19,Female,"Barangay VI","City of Vigan",0,2026-09-26T05:36:08.072839+00:00,REVIEW (Name variation with same DOB)
FUZZY_VARIATION,FUZZY-GRP-75,99261,"Tinaya, Joanna Agcarao",1992-06-09,Female,"Cabalangegan","City of Vigan",0,2026-05-10T10:30:04.352709+00:00,REVIEW (Name variation with same DOB)
FUZZY_VARIATION,FUZZY-GRP-75,308354,"TINAYA, JOANA AGCARAO",1992-06-09,Female,"Cabalangegan","City of Vigan",0,2026-09-27T02:18:12.589294+00:00,REVIEW (Name variation with same DOB)
FUZZY_VARIATION,FUZZY-GRP-76,39703,"Supnet, John Lord Ba�o",2000-08-07,Male,"Cabaroan Daya","City of Vigan",0,2026-03-29T12:12:21.802692+00:00,REVIEW (Name variation with same DOB)
FUZZY_VARIATION,FUZZY-GRP-76,258961,"Supnet, John Lord Baño",2000-08-07,Male,"Cabaroan Daya","City of Vigan",0,2026-07-26T01:05:36.878601+00:00,REVIEW (Name variation with same DOB)
FUZZY_VARIATION,FUZZY-GRP-77,40994,"Maligsa, Jerwin Maraña",1985-03-21,Male,"Barangay III","City of Vigan",0,2026-03-29T14:33:08.861346+00:00,REVIEW (Name variation with same DOB)
FUZZY_VARIATION,FUZZY-GRP-77,94835,"Maligsa, Jerwin Mara�a",1985-03-21,Male,"Barangay III","City of Vigan",0,2026-05-08T19:38:41.090598+00:00,REVIEW (Name variation with same DOB)
FUZZY_VARIATION,FUZZY-GRP-78,40994,"Maligsa, Jerwin Maraña",1985-03-21,Male,"Barangay III","City of Vigan",0,2026-03-29T14:33:08.861346+00:00,REVIEW (Name variation with same DOB)
FUZZY_VARIATION,FUZZY-GRP-78,131637,"Maligsa, Jerwin Mara?",1985-03-21,Male,"Barangay III","City of Vigan",0,2026-05-22T21:20:21.582482+00:00,REVIEW (Name variation with same DOB)
FUZZY_VARIATION,FUZZY-GRP-79,94835,"Maligsa, Jerwin Mara�a",1985-03-21,Male,"Barangay III","City of Vigan",0,2026-05-08T19:38:41.090598+00:00,REVIEW (Name variation with same DOB)
FUZZY_VARIATION,FUZZY-GRP-79,131637,"Maligsa, Jerwin Mara?",1985-03-21,Male,"Barangay III","City of Vigan",0,2026-05-22T21:20:21.582482+00:00,REVIEW (Name variation with same DOB)
FUZZY_VARIATION,FUZZY-GRP-80,39740,"Monta�ez, Cassandra Marie Pila",2023-09-08,Female,"Cabaroan Daya","City of Vigan",0,2026-03-29T12:12:21.802692+00:00,REVIEW (Name variation with same DOB)
FUZZY_VARIATION,FUZZY-GRP-80,258962,"Montañez, Cassandra Marie Pila",2023-09-08,Female,"Cabaroan Daya","City of Vigan",0,2026-07-26T01:05:36.878601+00:00,REVIEW (Name variation with same DOB)
FUZZY_VARIATION,FUZZY-GRP-81,39741,"Monta�ez, Catherine Pila",1988-11-25,Female,"Cabaroan Daya","City of Vigan",0,2026-03-29T12:12:21.802692+00:00,REVIEW (Name variation with same DOB)
FUZZY_VARIATION,FUZZY-GRP-81,258963,"Montañez, Catherine Pila",1988-11-25,Female,"Cabaroan Daya","City of Vigan",0,2026-07-26T01:05:36.878601+00:00,REVIEW (Name variation with same DOB)
FUZZY_VARIATION,FUZZY-GRP-82,61916,"Callitong, Charrissa Mari Ramos",1980-05-18,Female,"Barangay VII","City of Vigan",0,2026-04-03T06:17:31.698604+00:00,REVIEW (Name variation with same DOB)
FUZZY_VARIATION,FUZZY-GRP-82,317284,"CALLITONG, CHARISSA MARI RAMOS",1980-05-18,Female,"Barangay VII","City of Vigan",0,2026-09-28T13:16:39.771769+00:00,REVIEW (Name variation with same DOB)
FUZZY_VARIATION,FUZZY-GRP-83,99311,"Arellano, Mary Joy Purugganan",2019-11-23,Female,"Cabalangegan","City of Vigan",0,2026-05-10T10:30:04.352709+00:00,REVIEW (Name variation with same DOB)
FUZZY_VARIATION,FUZZY-GRP-83,308434,"ARELLANO, MARY JOY PURUGANAN",2019-11-23,Female,"Cabalangegan","City of Vigan",0,2026-09-27T02:18:12.589294+00:00,REVIEW (Name variation with same DOB)
FUZZY_VARIATION,FUZZY-GRP-84,39763,"Arruejo, Antonio Tia�o",1958-02-01,Male,"Cabaroan Daya","City of Vigan",0,2026-03-29T12:12:21.802692+00:00,REVIEW (Name variation with same DOB)
FUZZY_VARIATION,FUZZY-GRP-84,258964,"Arruejo, Antonio TiaÑo",1958-02-01,Male,"Cabaroan Daya","City of Vigan",0,2026-07-26T01:05:36.878601+00:00,REVIEW (Name variation with same DOB)
FUZZY_VARIATION,FUZZY-GRP-85,96156,"Utanis, Prince Aldrin Nisco",1999-03-17,Male,"Capangpangan","City of Vigan",0,2026-05-09T05:10:19.26877+00:00,REVIEW (Name variation with same DOB)
FUZZY_VARIATION,FUZZY-GRP-85,318477,"UTANIS, PRINCE ALDRIN MISCO",1999-03-17,Male,"Barangay VII","City of Vigan",0,2026-09-28T13:16:48.28094+00:00,REVIEW (Name variation with same DOB)
FUZZY_VARIATION,FUZZY-GRP-86,40942,"Greno, Adolf Renante Parreño",1975-06-07,Male,"Barangay III","City of Vigan",0,2026-03-29T14:33:08.861346+00:00,REVIEW (Name variation with same DOB)
FUZZY_VARIATION,FUZZY-GRP-86,94834,"Greno, Adolf Renante Parre�o",1975-06-07,Male,"Barangay III","City of Vigan",0,2026-05-08T19:38:41.090598+00:00,REVIEW (Name variation with same DOB)
FUZZY_VARIATION,FUZZY-GRP-87,40942,"Greno, Adolf Renante Parreño",1975-06-07,Male,"Barangay III","City of Vigan",0,2026-03-29T14:33:08.861346+00:00,REVIEW (Name variation with same DOB)
FUZZY_VARIATION,FUZZY-GRP-87,131755,"Greno, Adolf Renante Parre?",1975-06-07,Male,"Barangay III","City of Vigan",0,2026-05-22T21:20:21.582482+00:00,REVIEW (Name variation with same DOB)
FUZZY_VARIATION,FUZZY-GRP-88,40942,"Greno, Adolf Renante Parreño",1975-06-07,Male,"Barangay III","City of Vigan",0,2026-03-29T14:33:08.861346+00:00,REVIEW (Name variation with same DOB)
FUZZY_VARIATION,FUZZY-GRP-88,306023,"Gre�o, Adolf Renante Parre�o",1975-06-07,Male,"Barangay III","City of Vigan",0,2026-09-26T15:01:22.497206+00:00,REVIEW (Name variation with same DOB)
FUZZY_VARIATION,FUZZY-GRP-89,94834,"Greno, Adolf Renante Parre�o",1975-06-07,Male,"Barangay III","City of Vigan",0,2026-05-08T19:38:41.090598+00:00,REVIEW (Name variation with same DOB)
FUZZY_VARIATION,FUZZY-GRP-89,131755,"Greno, Adolf Renante Parre?",1975-06-07,Male,"Barangay III","City of Vigan",0,2026-05-22T21:20:21.582482+00:00,REVIEW (Name variation with same DOB)
FUZZY_VARIATION,FUZZY-GRP-90,94834,"Greno, Adolf Renante Parre�o",1975-06-07,Male,"Barangay III","City of Vigan",0,2026-05-08T19:38:41.090598+00:00,REVIEW (Name variation with same DOB)
FUZZY_VARIATION,FUZZY-GRP-90,306023,"Gre�o, Adolf Renante Parre�o",1975-06-07,Male,"Barangay III","City of Vigan",0,2026-09-26T15:01:22.497206+00:00,REVIEW (Name variation with same DOB)
FUZZY_VARIATION,FUZZY-GRP-91,41062,"Donotuse Castañeda, John Lester Arce",2025-11-29,Male,"Barangay III","City of Vigan",0,2026-03-29T14:33:08.861346+00:00,REVIEW (Name variation with same DOB)
FUZZY_VARIATION,FUZZY-GRP-91,94836,"Donotuse Casta�eda, John Lester Arce",2025-11-29,Male,"Barangay III","City of Vigan",0,2026-05-08T19:38:41.090598+00:00,REVIEW (Name variation with same DOB)
FUZZY_VARIATION,FUZZY-GRP-92,41062,"Donotuse Castañeda, John Lester Arce",2025-11-29,Male,"Barangay III","City of Vigan",0,2026-03-29T14:33:08.861346+00:00,REVIEW (Name variation with same DOB)
FUZZY_VARIATION,FUZZY-GRP-92,131766,"Donotuse Casta?da, John Lester Arce",2025-11-29,Male,"Barangay III","City of Vigan",0,2026-05-22T21:20:21.582482+00:00,REVIEW (Name variation with same DOB)
FUZZY_VARIATION,FUZZY-GRP-93,94836,"Donotuse Casta�eda, John Lester Arce",2025-11-29,Male,"Barangay III","City of Vigan",0,2026-05-08T19:38:41.090598+00:00,REVIEW (Name variation with same DOB)
FUZZY_VARIATION,FUZZY-GRP-93,131766,"Donotuse Casta?da, John Lester Arce",2025-11-29,Male,"Barangay III","City of Vigan",0,2026-05-22T21:20:21.582482+00:00,REVIEW (Name variation with same DOB)
FUZZY_VARIATION,FUZZY-GRP-94,40964,"Reotutar, Leehlot Barbero",1989-02-23,Female,"Barangay III","City of Vigan",0,2026-03-29T14:33:08.861346+00:00,REVIEW (Name variation with same DOB)
FUZZY_VARIATION,FUZZY-GRP-94,158547,"Reototar Leelot Barbero",1989-02-23,Female,"Purok-a-dackel","City of Vigan",0,2026-05-31T08:17:04.191472+00:00,REVIEW (Name variation with same DOB)
FUZZY_VARIATION,FUZZY-GRP-95,94435,"Reputola, Angelica Urmeneta",2007-12-01,Female,"San Julian Norte","City of Vigan",0,2026-05-08T18:24:16.445145+00:00,REVIEW (Name variation with same DOB)
FUZZY_VARIATION,FUZZY-GRP-95,136631,"REPOTOLA, ANGELICA URMENETA",2007-12-01,Female,"San Julian Norte","City of Vigan",0,2026-05-24T00:51:15.835019+00:00,REVIEW (Name variation with same DOB)
FUZZY_VARIATION,FUZZY-GRP-96,40976,"Semic, Azucena Ajobe",1959-05-09,Female,"Barangay III","City of Vigan",0,2026-03-29T14:33:08.861346+00:00,REVIEW (Name variation with same DOB)
FUZZY_VARIATION,FUZZY-GRP-96,306006,"Semic, Azucena Cajube",1959-05-09,Female,"Barangay III","City of Vigan",0,2026-09-26T15:01:22.497206+00:00,REVIEW (Name variation with same DOB)
FUZZY_VARIATION,FUZZY-GRP-97,94718,"Piano, Benedict Morales",1994-04-14,Male,"San Julian Norte","City of Vigan",0,2026-05-08T18:24:16.445145+00:00,REVIEW (Name variation with same DOB)
FUZZY_VARIATION,FUZZY-GRP-97,136589,"PIANO, BENEDICK MORALES",1994-04-14,Male,"San Julian Norte","City of Vigan",0,2026-05-24T00:51:15.835019+00:00,REVIEW (Name variation with same DOB)
FUZZY_VARIATION,FUZZY-GRP-98,306663,"QUITORIANO ZAVIEN AZIKEL NORIEGA",2025-03-21,Male,"Camanggaan","City of Vigan",0,2026-09-26T21:17:31.5077+00:00,REVIEW (Name variation with same DOB)
FUZZY_VARIATION,FUZZY-GRP-98,329373,"Quitoriano, Zavien Azriel Noriega",2025-03-21,Male,"Camanggaan","City of Vigan",0,2026-10-01T13:38:03.636764+00:00,REVIEW (Name variation with same DOB)
FUZZY_VARIATION,FUZZY-GRP-99,131402,"Amanonce, May Rose Magno",1989-07-24,Female,"San Pedro","City of Vigan",0,2026-05-22T21:06:18.698842+00:00,REVIEW (Name variation with same DOB)
FUZZY_VARIATION,FUZZY-GRP-99,219569,"Amanonce, Mayrose Magno",1989-07-24,Female,"San Pedro","City of Vigan",0,2026-06-23T19:39:09.228885+00:00,REVIEW (Name variation with same DOB)
FUZZY_VARIATION,FUZZY-GRP-100,94703,"Pica�a, Ayana Abigail Alibin",2026-01-26,Female,"San Julian Norte","City of Vigan",0,2026-05-08T18:24:16.445145+00:00,REVIEW (Name variation with same DOB)
FUZZY_VARIATION,FUZZY-GRP-100,138130,"Pica?a, Ayana Abigail Alibin",2026-01-26,Female,"San Julian Norte","City of Vigan",0,2026-05-24T02:19:51.101348+00:00,REVIEW (Name variation with same DOB)
FUZZY_VARIATION,FUZZY-GRP-101,41075,"Alumisim, Maricel Cañete",1994-03-08,Female,"Barangay III","City of Vigan",0,2026-03-29T14:33:08.861346+00:00,REVIEW (Name variation with same DOB)
FUZZY_VARIATION,FUZZY-GRP-101,94837,"Alumisim, Maricel Ca�ete",1994-03-08,Female,"Barangay III","City of Vigan",0,2026-05-08T19:38:41.090598+00:00,REVIEW (Name variation with same DOB)
FUZZY_VARIATION,FUZZY-GRP-102,41075,"Alumisim, Maricel Cañete",1994-03-08,Female,"Barangay III","City of Vigan",0,2026-03-29T14:33:08.861346+00:00,REVIEW (Name variation with same DOB)
FUZZY_VARIATION,FUZZY-GRP-102,131673,"Alumisim, Maricel Ca?te",1994-03-08,Female,"Barangay III","City of Vigan",0,2026-05-22T21:20:21.582482+00:00,REVIEW (Name variation with same DOB)
FUZZY_VARIATION,FUZZY-GRP-103,94837,"Alumisim, Maricel Ca�ete",1994-03-08,Female,"Barangay III","City of Vigan",0,2026-05-08T19:38:41.090598+00:00,REVIEW (Name variation with same DOB)
FUZZY_VARIATION,FUZZY-GRP-103,131673,"Alumisim, Maricel Ca?te",1994-03-08,Female,"Barangay III","City of Vigan",0,2026-05-22T21:20:21.582482+00:00,REVIEW (Name variation with same DOB)
FUZZY_VARIATION,FUZZY-GRP-104,136013,"BRIONES, HAYDEN SHAWN",2021-11-25,Male,"San Julian Norte","City of Vigan",0,2026-05-24T00:51:13.425653+00:00,REVIEW (Name variation with same DOB)
FUZZY_VARIATION,FUZZY-GRP-104,306186,"BRIONES,HAYDEN SHAWN P.",2021-11-25,Male,"San Julian Norte","City of Vigan",0,2026-09-26T17:03:58.134301+00:00,REVIEW (Name variation with same DOB)
FUZZY_VARIATION,FUZZY-GRP-105,62194,"Parel, Kyle Justine Ramos",2024-03-05,Male,"Barangay IX","City of Vigan",1,2026-04-03T07:12:03.68234+00:00,REVIEW (Name variation with same DOB)
FUZZY_VARIATION,FUZZY-GRP-105,307945,"Parel, Kylie Justine Ramos",2024-03-05,Male,"Barangay IX","City of Vigan",0,2026-09-27T01:53:20.862627+00:00,REVIEW (Name variation with same DOB)
FUZZY_VARIATION,FUZZY-GRP-106,254083,"Parel, Kyle Justine, Ramos",2024-03-05,Male,"Barangay IX","City of Vigan",1,2026-07-21T12:25:15.725005+00:00,REVIEW (Name variation with same DOB)
FUZZY_VARIATION,FUZZY-GRP-106,307945,"Parel, Kylie Justine Ramos",2024-03-05,Male,"Barangay IX","City of Vigan",0,2026-09-27T01:53:20.862627+00:00,REVIEW (Name variation with same DOB)
FUZZY_VARIATION,FUZZY-GRP-107,93480,"Magno, Andy Rosario",1961-11-06,Male,"San Pedro","City of Vigan",0,2026-05-08T13:27:21.219826+00:00,REVIEW (Name variation with same DOB)
FUZZY_VARIATION,FUZZY-GRP-107,220151,"Magno, Audy Rosario",1961-11-06,Male,"San Pedro","City of Vigan",0,2026-06-23T19:39:54.987717+00:00,REVIEW (Name variation with same DOB)
FUZZY_VARIATION,FUZZY-GRP-108,94573,"Apales, Michelle Baruso",1994-09-10,Female,"San Julian Norte","City of Vigan",0,2026-05-08T18:24:16.445145+00:00,REVIEW (Name variation with same DOB)
FUZZY_VARIATION,FUZZY-GRP-108,136492,"APALES, MICHELLE BAROSO",1994-09-10,Female,"San Julian Norte","City of Vigan",0,2026-05-24T00:51:15.835019+00:00,REVIEW (Name variation with same DOB)
FUZZY_VARIATION,FUZZY-GRP-109,41176,"Pablico, Amybelle Cesiban",1991-08-13,Female,"Barangay III","City of Vigan",0,2026-03-29T14:33:08.861346+00:00,REVIEW (Name variation with same DOB)
FUZZY_VARIATION,FUZZY-GRP-109,306016,"Pablico, Amybelle Cisiban",1991-08-13,Female,"Barangay III","City of Vigan",0,2026-09-26T15:01:22.497206+00:00,REVIEW (Name variation with same DOB)
FUZZY_VARIATION,FUZZY-GRP-110,96249,"Fernandez, Mayla Arce",1979-12-05,Male,"Capangpangan","City of Vigan",0,2026-05-09T05:10:19.26877+00:00,REVIEW (Name variation with same DOB)
FUZZY_VARIATION,FUZZY-GRP-110,306893,"Fernandez, Myla Arce",1979-12-05,Female,"Capangpangan","City of Vigan",0,2026-09-27T01:00:08.576953+00:00,REVIEW (Name variation with same DOB)
FUZZY_VARIATION,FUZZY-GRP-111,94338,"Pugal, Meinardo Pe Benito",1972-04-03,Male,"San Julian Norte","City of Vigan",0,2026-05-08T18:24:16.445145+00:00,REVIEW (Name variation with same DOB)
FUZZY_VARIATION,FUZZY-GRP-111,137136,"PUGAL, MEINARD PE BENITO",1972-04-03,Male,"San Julian Norte","City of Vigan",0,2026-05-24T00:51:17.863707+00:00,REVIEW (Name variation with same DOB)
FUZZY_VARIATION,FUZZY-GRP-112,41195,"Cuade, Lorenzo Bañez",1980-09-05,Male,"Barangay III","City of Vigan",0,2026-03-29T14:33:08.861346+00:00,REVIEW (Name variation with same DOB)
FUZZY_VARIATION,FUZZY-GRP-112,94849,"Cuade, Lorenzo Ba�ez",1980-09-05,Male,"Barangay III","City of Vigan",0,2026-05-08T19:38:41.090598+00:00,REVIEW (Name variation with same DOB)
FUZZY_VARIATION,FUZZY-GRP-113,41195,"Cuade, Lorenzo Bañez",1980-09-05,Male,"Barangay III","City of Vigan",0,2026-03-29T14:33:08.861346+00:00,REVIEW (Name variation with same DOB)
FUZZY_VARIATION,FUZZY-GRP-113,131767,"Cuade, Lorenzo Ba?z",1980-09-05,Male,"Barangay III","City of Vigan",0,2026-05-22T21:20:21.582482+00:00,REVIEW (Name variation with same DOB)
FUZZY_VARIATION,FUZZY-GRP-114,94849,"Cuade, Lorenzo Ba�ez",1980-09-05,Male,"Barangay III","City of Vigan",0,2026-05-08T19:38:41.090598+00:00,REVIEW (Name variation with same DOB)
FUZZY_VARIATION,FUZZY-GRP-114,131767,"Cuade, Lorenzo Ba?z",1980-09-05,Male,"Barangay III","City of Vigan",0,2026-05-22T21:20:21.582482+00:00,REVIEW (Name variation with same DOB)
FUZZY_VARIATION,FUZZY-GRP-115,61385,"Arce, Raymundo Molina",1953-08-28,Male,"Capangpangan","City of Vigan",0,2026-04-03T05:55:26.257445+00:00,REVIEW (Name variation with same DOB)
FUZZY_VARIATION,FUZZY-GRP-115,96988,"ARCE, REYMUNDO MOLINA",1953-08-28,Male,"Capangpangan","City of Vigan",0,2026-05-09T05:10:20.6829+00:00,REVIEW (Name variation with same DOB)
FUZZY_VARIATION,FUZZY-GRP-116,97212,"TALANIA*, ALFREDO MOLINA",1983-07-21,Male,"Capangpangan","City of Vigan",0,2026-05-09T06:15:25.279506+00:00,REVIEW (Name variation with same DOB)
FUZZY_VARIATION,FUZZY-GRP-116,219668,"Talania, Alfredo Molina",1983-07-21,Male,"San Pedro","City of Vigan",0,2026-06-23T19:39:09.228885+00:00,REVIEW (Name variation with same DOB)
FUZZY_VARIATION,FUZZY-GRP-117,94393,"Fontejon, Kenneth Arniel Villanueva",2015-01-22,Male,"San Julian Norte","City of Vigan",0,2026-05-08T18:24:16.445145+00:00,REVIEW (Name variation with same DOB)
FUZZY_VARIATION,FUZZY-GRP-117,137759,"FONTEJON, KENNETH ARRIEL VILLANUEVA",2015-01-22,Male,"San Julian Norte","City of Vigan",0,2026-05-24T00:51:20.01736+00:00,REVIEW (Name variation with same DOB)
FUZZY_VARIATION,FUZZY-GRP-118,94812,"Peralta, Andrian Vito",1987-07-15,Male,"San Julian Norte","City of Vigan",0,2026-05-08T18:24:19.560502+00:00,REVIEW (Name variation with same DOB)
FUZZY_VARIATION,FUZZY-GRP-118,136439,"PERALTA, ADRIAN VITO",1987-07-15,Male,"San Julian Norte","City of Vigan",0,2026-05-24T00:51:15.835019+00:00,REVIEW (Name variation with same DOB)
FUZZY_VARIATION,FUZZY-GRP-119,61417,"Ayson, Caiden Keilo Javate",2018-02-18,Male,"Capangpangan","City of Vigan",0,2026-04-03T05:55:26.257445+00:00,REVIEW (Name variation with same DOB)
FUZZY_VARIATION,FUZZY-GRP-119,229834,"AYSON, CAIDEN KIELO JAVATE",2018-02-18,Male,"Capangpangan","City of Vigan",0,2026-06-26T14:49:05.970234+00:00,REVIEW (Name variation with same DOB)
FUZZY_VARIATION,FUZZY-GRP-120,60336,"Alcain, Avelina Campos",1957-02-27,Female,"Cabalangegan","City of Vigan",0,2026-04-03T03:05:05.680061+00:00,REVIEW (Name variation with same DOB)
FUZZY_VARIATION,FUZZY-GRP-120,308143,"ALCAIN, AVELINA CAMPUS",1957-02-27,Female,"Cabalangegan","City of Vigan",0,2026-09-27T02:18:12.589294+00:00,REVIEW (Name variation with same DOB)
FUZZY_VARIATION,FUZZY-GRP-121,60338,"Raras, Naethan Dorin",2016-04-25,Male,"Cabalangegan","City of Vigan",0,2026-04-03T03:05:05.680061+00:00,REVIEW (Name variation with same DOB)
FUZZY_VARIATION,FUZZY-GRP-121,99358,"Raras, Nathan Dorin",2016-04-25,Male,"Cabalangegan","City of Vigan",0,2026-05-10T10:30:04.352709+00:00,REVIEW (Name variation with same DOB)
FUZZY_VARIATION,FUZZY-GRP-122,60344,"Flores, Edita Fabila",1962-12-12,Female,"Cabalangegan","City of Vigan",0,2026-04-03T03:05:05.680061+00:00,REVIEW (Name variation with same DOB)
FUZZY_VARIATION,FUZZY-GRP-122,308178,"FLORES, EDITH FABILA",1962-12-12,Female,"Cabalangegan","City of Vigan",0,2026-09-27T02:18:12.589294+00:00,REVIEW (Name variation with same DOB)
FUZZY_VARIATION,FUZZY-GRP-123,60358,"Andres, Jesila Pilotin",1945-05-21,Female,"Cabalangegan","City of Vigan",0,2026-04-03T03:05:05.680061+00:00,REVIEW (Name variation with same DOB)
FUZZY_VARIATION,FUZZY-GRP-123,308168,"ANDRES, GESILA PILOTIN",1945-05-21,Female,"Cabalangegan","City of Vigan",0,2026-09-27T02:18:12.589294+00:00,REVIEW (Name variation with same DOB)
FUZZY_VARIATION,FUZZY-GRP-124,60374,"Arellano, Julie Ann Purugganan",1994-03-14,Female,"Cabalangegan","City of Vigan",0,2026-04-03T03:05:05.680061+00:00,REVIEW (Name variation with same DOB)
FUZZY_VARIATION,FUZZY-GRP-124,308431,"ARELLANO, JULIE ANN PURUGANAN",1994-03-14,Female,"Cabalangegan","City of Vigan",0,2026-09-27T02:18:12.589294+00:00,REVIEW (Name variation with same DOB)
FUZZY_VARIATION,FUZZY-GRP-125,60386,"Fajardo, Jordan Arceo",2022-12-23,Male,"Cabalangegan","City of Vigan",0,2026-04-03T03:05:05.680061+00:00,REVIEW (Name variation with same DOB)
FUZZY_VARIATION,FUZZY-GRP-125,99376,"Fajardo, Jordan Arce",2022-12-23,Male,"Cabalangegan","City of Vigan",0,2026-05-10T10:30:04.352709+00:00,REVIEW (Name variation with same DOB)
FUZZY_VARIATION,FUZZY-GRP-126,60386,"Fajardo, Jordan Arceo",2022-12-23,Male,"Cabalangegan","City of Vigan",0,2026-04-03T03:05:05.680061+00:00,REVIEW (Name variation with same DOB)
FUZZY_VARIATION,FUZZY-GRP-126,308009,"Pajardo, Jordan Arce",2022-12-23,Male,"Barangay IX","City of Vigan",0,2026-09-27T01:53:20.862627+00:00,REVIEW (Name variation with same DOB)
FUZZY_VARIATION,FUZZY-GRP-127,99376,"Fajardo, Jordan Arce",2022-12-23,Male,"Cabalangegan","City of Vigan",0,2026-05-10T10:30:04.352709+00:00,REVIEW (Name variation with same DOB)
FUZZY_VARIATION,FUZZY-GRP-127,308009,"Pajardo, Jordan Arce",2022-12-23,Male,"Barangay IX","City of Vigan",0,2026-09-27T01:53:20.862627+00:00,REVIEW (Name variation with same DOB)
FUZZY_VARIATION,FUZZY-GRP-128,60404,"Andres, Teresita Cancino",1972-05-30,Female,"Cabalangegan","City of Vigan",0,2026-04-03T03:05:05.680061+00:00,REVIEW (Name variation with same DOB)
FUZZY_VARIATION,FUZZY-GRP-128,308126,"ANDRES, TERESITA CANSINO",1972-05-30,Female,"Cabalangegan","City of Vigan",0,2026-09-27T02:18:12.589294+00:00,REVIEW (Name variation with same DOB)
FUZZY_VARIATION,FUZZY-GRP-129,309230,"Zamora, Amber Serene Advincula",2021-09-16,Female,"Nagsangalan","City of Vigan",0,2026-09-27T03:17:42.169983+00:00,REVIEW (Name variation with same DOB)
FUZZY_VARIATION,FUZZY-GRP-129,335817,"ZAMORA, AMBERSERENE ADVINCULA",2021-09-16,Female,"Nagsangalan","City of Vigan",0,2026-10-02T06:19:44.858483+00:00,REVIEW (Name variation with same DOB)
FUZZY_VARIATION,FUZZY-GRP-130,60421,"Caliboso, Jovelyn Avila",2013-07-29,Female,"Cabalangegan","City of Vigan",0,2026-04-03T03:05:05.680061+00:00,REVIEW (Name variation with same DOB)
FUZZY_VARIATION,FUZZY-GRP-130,99274,"Calibuso, Jovelyn Avila",2013-07-29,Female,"Cabalangegan","City of Vigan",0,2026-05-10T10:30:04.352709+00:00,REVIEW (Name variation with same DOB)
FUZZY_VARIATION,FUZZY-GRP-131,60422,"Caliboso, Jorey Avila",2017-11-30,Female,"Cabalangegan","City of Vigan",0,2026-04-03T03:05:05.680061+00:00,REVIEW (Name variation with same DOB)
FUZZY_VARIATION,FUZZY-GRP-131,99260,"Calibuso, Jorey Avila",2017-11-30,Female,"Cabalangegan","City of Vigan",0,2026-05-10T10:30:04.352709+00:00,REVIEW (Name variation with same DOB)
FUZZY_VARIATION,FUZZY-GRP-132,60427,"Riambon, Elsie Taaca",1967-05-15,Female,"Cabalangegan","City of Vigan",0,2026-04-03T03:05:05.680061+00:00,REVIEW (Name variation with same DOB)
FUZZY_VARIATION,FUZZY-GRP-132,308054,"RIAMBON, ELSI TAACA",1967-05-15,Female,"Cabalangegan","City of Vigan",0,2026-09-27T02:18:12.589294+00:00,REVIEW (Name variation with same DOB)
FUZZY_VARIATION,FUZZY-GRP-133,135931,"Bernal, Clarita Riguera",1964-02-07,Female,"San Julian Norte","City of Vigan",0,2026-05-24T00:51:13.425653+00:00,REVIEW (Name variation with same DOB)
FUZZY_VARIATION,FUZZY-GRP-133,306589,"Bernal, Clarita Reguera",1964-02-07,Female,"San Julian Norte","City of Vigan",0,2026-09-26T20:14:33.802496+00:00,REVIEW (Name variation with same DOB)
FUZZY_VARIATION,FUZZY-GRP-134,60516,"Palo, John Carl Villanueva",2011-11-06,Male,"San Jose","City of Vigan",0,2026-04-03T04:07:56.456114+00:00,REVIEW (Name variation with same DOB)
FUZZY_VARIATION,FUZZY-GRP-134,307666,"PALO, JOHN CARLS VILLANUEVA",2011-11-06,Male,"San Jose","City of Vigan",0,2026-09-27T01:49:06.259443+00:00,REVIEW (Name variation with same DOB)
FUZZY_VARIATION,FUZZY-GRP-135,60788,"Mari�as, Anselmo Obrero",1954-04-21,Male,"Mindoro","City of Vigan",0,2026-04-03T04:34:44.077012+00:00,REVIEW (Name variation with same DOB)
FUZZY_VARIATION,FUZZY-GRP-135,306984,"Mariñas, Anselmo Obrero",1954-04-21,Male,"Mindoro","City of Vigan",0,2026-09-27T01:11:15.669781+00:00,REVIEW (Name variation with same DOB)
FUZZY_VARIATION,FUZZY-GRP-136,62156,"Cariaga, Athaliah Zoey Adolfo",2025-10-08,Female,"Barangay IX","City of Vigan",0,2026-04-03T07:12:03.68234+00:00,REVIEW (Name variation with same DOB)
FUZZY_VARIATION,FUZZY-GRP-136,307926,"Cariaga, Athalia Zoey Adolfo",2025-10-08,Female,"Barangay IX","City of Vigan",0,2026-09-27T01:53:20.862627+00:00,REVIEW (Name variation with same DOB)
FUZZY_VARIATION,FUZZY-GRP-137,60532,"Pisalbo, Carl Adrian Pelayo",2000-08-04,Male,"San Jose","City of Vigan",0,2026-04-03T04:07:56.456114+00:00,REVIEW (Name variation with same DOB)
FUZZY_VARIATION,FUZZY-GRP-137,307692,"PISALBO, CARL EDRIAN PELAYO",2000-08-04,Male,"San Jose","City of Vigan",0,2026-09-27T01:49:06.259443+00:00,REVIEW (Name variation with same DOB)
FUZZY_VARIATION,FUZZY-GRP-138,60541,"Sayaboc, Kristel Silario",1991-05-30,Female,"San Jose","City of Vigan",0,2026-04-03T04:07:56.456114+00:00,REVIEW (Name variation with same DOB)
FUZZY_VARIATION,FUZZY-GRP-138,307598,"SAYABOC, KRISTEL SILANO",1991-05-30,Female,"San Jose","City of Vigan",0,2026-09-27T01:49:06.259443+00:00,REVIEW (Name variation with same DOB)
FUZZY_VARIATION,FUZZY-GRP-139,60542,"Valdez, Perlie Jane Galvan",1997-01-19,Female,"San Jose","City of Vigan",0,2026-04-03T04:07:56.456114+00:00,REVIEW (Name variation with same DOB)
FUZZY_VARIATION,FUZZY-GRP-139,307159,"VALDEZ, PAERLIE JANE GALVAN",1997-01-19,Female,"San Jose","City of Vigan",0,2026-09-27T01:49:05.655683+00:00,REVIEW (Name variation with same DOB)
FUZZY_VARIATION,FUZZY-GRP-140,60577,"Bernardino, Austine Kiel Agcarao",2017-08-16,Male,"San Jose","City of Vigan",0,2026-04-03T04:07:56.456114+00:00,REVIEW (Name variation with same DOB)
FUZZY_VARIATION,FUZZY-GRP-140,307173,"BERNANDINO, AUSTIN KIEL AGCARAO",2017-08-16,Male,"San Jose","City of Vigan",0,2026-09-27T01:49:05.655683+00:00,REVIEW (Name variation with same DOB)
FUZZY_VARIATION,FUZZY-GRP-141,60586,"Paroligan, Cecille Joy Gramaje",1997-08-22,Female,"San Jose","City of Vigan",0,2026-04-03T04:07:56.456114+00:00,REVIEW (Name variation with same DOB)
FUZZY_VARIATION,FUZZY-GRP-141,307285,"PAROLIGAN, CECIL JOY  GRAMAJE",1997-08-22,Female,"San Jose","City of Vigan",0,2026-09-27T01:49:05.655683+00:00,REVIEW (Name variation with same DOB)
FUZZY_VARIATION,FUZZY-GRP-142,60596,"Filarca, Nerissa Laygo",1971-01-14,Female,"San Jose","City of Vigan",0,2026-04-03T04:07:56.456114+00:00,REVIEW (Name variation with same DOB)
FUZZY_VARIATION,FUZZY-GRP-142,307313,"FILARCA, NERIZA LAYGO",1971-01-14,Female,"San Jose","City of Vigan",0,2026-09-27T01:49:05.655683+00:00,REVIEW (Name variation with same DOB)
FUZZY_VARIATION,FUZZY-GRP-143,60603,"Arcena, Jose Arce",1951-07-31,Male,"San Jose","City of Vigan",0,2026-04-03T04:07:56.456114+00:00,REVIEW (Name variation with same DOB)
FUZZY_VARIATION,FUZZY-GRP-143,307136,"ARCENA, JOSE ARCENA",1951-07-31,Male,"San Jose","City of Vigan",0,2026-09-27T01:49:05.655683+00:00,REVIEW (Name variation with same DOB)
FUZZY_VARIATION,FUZZY-GRP-144,135771,"Custodia, Gany Corpuz",1979-06-26,Male,"San Julian Norte","City of Vigan",0,2026-05-24T00:51:13.425653+00:00,REVIEW (Name variation with same DOB)
FUZZY_VARIATION,FUZZY-GRP-144,136597,"CUSTODIA, GARY CORPUZ",1979-06-26,Male,"San Julian Norte","City of Vigan",0,2026-05-24T00:51:15.835019+00:00,REVIEW (Name variation with same DOB)
FUZZY_VARIATION,FUZZY-GRP-145,60647,"Pisalbo, Carmencita Pugrad",1960-12-31,Female,"San Jose","City of Vigan",0,2026-04-03T04:07:56.456114+00:00,REVIEW (Name variation with same DOB)
FUZZY_VARIATION,FUZZY-GRP-145,307594,"PISALBO, CARMELITA PUGRAD",1960-12-31,Female,"San Jose","City of Vigan",0,2026-09-27T01:49:06.259443+00:00,REVIEW (Name variation with same DOB)
FUZZY_VARIATION,FUZZY-GRP-146,93415,"Altarejos, Ruel Pinto",1982-01-16,Male,"San Pedro","City of Vigan",0,2026-05-08T13:27:21.219826+00:00,REVIEW (Name variation with same DOB)
FUZZY_VARIATION,FUZZY-GRP-146,220255,"Altarejos, Ruel Pitno",1982-01-16,Male,"San Pedro","City of Vigan",0,2026-06-23T19:39:54.987717+00:00,REVIEW (Name variation with same DOB)
FUZZY_VARIATION,FUZZY-GRP-147,60621,"Filarca, Emilia Pugal",1965-09-01,Female,"San Jose","City of Vigan",0,2026-04-03T04:07:56.456114+00:00,REVIEW (Name variation with same DOB)
FUZZY_VARIATION,FUZZY-GRP-147,307874,"FILARCA, AMELIA PUGAL",1965-09-01,Female,"San Jose","City of Vigan",0,2026-09-27T01:49:06.259443+00:00,REVIEW (Name variation with same DOB)
FUZZY_VARIATION,FUZZY-GRP-148,60629,"Espejo, Valentin Amano",1952-02-14,Male,"San Jose","City of Vigan",0,2026-04-03T04:07:56.456114+00:00,REVIEW (Name variation with same DOB)
FUZZY_VARIATION,FUZZY-GRP-148,307741,"ESPEJO, VALENTINE AMANO",1952-02-14,Male,"San Jose","City of Vigan",0,2026-09-27T01:49:06.259443+00:00,REVIEW (Name variation with same DOB)
FUZZY_VARIATION,FUZZY-GRP-149,60630,"Espejo, Anacleta Aurelio",1949-08-01,Female,"San Jose","City of Vigan",0,2026-04-03T04:07:56.456114+00:00,REVIEW (Name variation with same DOB)
FUZZY_VARIATION,FUZZY-GRP-149,307742,"ESPEJO, ANACLETA AURELLO",1949-08-01,Female,"San Jose","City of Vigan",0,2026-09-27T01:49:06.259443+00:00,REVIEW (Name variation with same DOB)
FUZZY_VARIATION,FUZZY-GRP-150,60633,"Filarca, Joann Agbayani",1986-07-28,Female,"San Jose","City of Vigan",0,2026-04-03T04:07:56.456114+00:00,REVIEW (Name variation with same DOB)
FUZZY_VARIATION,FUZZY-GRP-150,307309,"FILARCA, JO-ANN AGBAYANI",1986-07-28,Female,"San Jose","City of Vigan",0,2026-09-27T01:49:05.655683+00:00,REVIEW (Name variation with same DOB)
FUZZY_VARIATION,FUZZY-GRP-151,60634,"Acena, Ilovea Myrelle Pagalanan",2017-01-24,Female,"San Jose","City of Vigan",0,2026-04-03T04:07:56.456114+00:00,REVIEW (Name variation with same DOB)
FUZZY_VARIATION,FUZZY-GRP-151,238759,"Acena, Ilovea Myrell Pagalanan",2017-01-24,Female,"San Jose","City of Vigan",0,2026-07-01T05:42:14.109079+00:00,REVIEW (Name variation with same DOB)
FUZZY_VARIATION,FUZZY-GRP-152,60636,"Arcena, Emiliana Pagalanan",1952-01-07,Female,"San Jose","City of Vigan",0,2026-04-03T04:07:56.456114+00:00,REVIEW (Name variation with same DOB)
FUZZY_VARIATION,FUZZY-GRP-152,307634,"ARCENA, EMILLIANA PAGALANAN",1952-01-07,Female,"San Jose","City of Vigan",0,2026-09-27T01:49:06.259443+00:00,REVIEW (Name variation with same DOB)
FUZZY_VARIATION,FUZZY-GRP-153,60645,"Reututar, Valentino Recaido",1952-05-21,Male,"San Jose","City of Vigan",0,2026-04-03T04:07:56.456114+00:00,REVIEW (Name variation with same DOB)
FUZZY_VARIATION,FUZZY-GRP-153,307677,"REOTUTAR, VALENTINO RECAIDO",1952-05-21,Male,"San Jose","City of Vigan",0,2026-09-27T01:49:06.259443+00:00,REVIEW (Name variation with same DOB)
FUZZY_VARIATION,FUZZY-GRP-154,96636,"ANDALLO, MARY ANN ILLUSTRISIMO",1984-01-21,Female,"Capangpangan","City of Vigan",0,2026-05-09T05:10:19.26877+00:00,REVIEW (Name variation with same DOB)
FUZZY_VARIATION,FUZZY-GRP-154,96645,"Andallo, Mary Ann Ilustrisimo",1984-01-21,Female,"Capangpangan","City of Vigan",0,2026-05-09T05:10:19.26877+00:00,REVIEW (Name variation with same DOB)
FUZZY_VARIATION,FUZZY-GRP-155,92075,"Resonable, Pixie Zephyrine Ablog",2022-08-03,Female,"Barangay IX","City of Vigan",0,2026-05-08T08:18:16.701418+00:00,REVIEW (Name variation with same DOB)
FUZZY_VARIATION,FUZZY-GRP-155,307988,"Resonable, Pixie Zypherine Ablog",2022-08-03,Female,"Barangay IX","City of Vigan",0,2026-09-27T01:53:20.862627+00:00,REVIEW (Name variation with same DOB)
FUZZY_VARIATION,FUZZY-GRP-156,60666,"Arcangel, Glenford Ardiosa",1983-01-13,Male,"San Jose","City of Vigan",0,2026-04-03T04:07:56.456114+00:00,REVIEW (Name variation with same DOB)
FUZZY_VARIATION,FUZZY-GRP-156,307236,"ARCANGHEL, GLENFORD ARDIOSA",1983-01-13,Male,"San Jose","City of Vigan",0,2026-09-27T01:49:05.655683+00:00,REVIEW (Name variation with same DOB)
FUZZY_VARIATION,FUZZY-GRP-157,60670,"Fieldad, Jomar Domenden",1993-03-09,Male,"San Jose","City of Vigan",0,2026-04-03T04:07:56.456114+00:00,REVIEW (Name variation with same DOB)
FUZZY_VARIATION,FUZZY-GRP-157,307217,"FIELDAD, JOEMAR DOMENDEN",1993-03-09,Male,"San Jose","City of Vigan",0,2026-09-27T01:49:05.655683+00:00,REVIEW (Name variation with same DOB)
FUZZY_VARIATION,FUZZY-GRP-158,306608,"De Los Santos Athena Grace Rapisura",2023-12-14,Female,"Beddeng Daya","City of Vigan",0,2026-09-26T20:54:58.42556+00:00,REVIEW (Name variation with same DOB)
FUZZY_VARIATION,FUZZY-GRP-158,329876,"Delos Santos, Athena Grace Rapisura",2023-12-14,Female,"Beddeng Daya","City of Vigan",0,2026-10-01T14:32:45.907122+00:00,REVIEW (Name variation with same DOB)
FUZZY_VARIATION,FUZZY-GRP-159,60741,"Fernando, Arnold Pasion",1954-11-28,Male,"Mindoro","City of Vigan",0,2026-04-03T04:34:44.077012+00:00,REVIEW (Name variation with same DOB)
FUZZY_VARIATION,FUZZY-GRP-159,92827,"FERNANDO ARNOLD PASSION",1954-11-28,Male,"Barangay IX","City of Vigan",0,2026-05-08T08:18:18.550708+00:00,REVIEW (Name variation with same DOB)
FUZZY_VARIATION,FUZZY-GRP-160,60782,"Casta�eda, Florence Ablog",1980-05-11,Male,"Mindoro","City of Vigan",0,2026-04-03T04:34:44.077012+00:00,REVIEW (Name variation with same DOB)
FUZZY_VARIATION,FUZZY-GRP-160,254844,"Casta?da, Florence Ablog",1980-05-11,Male,"Mindoro","City of Vigan",0,2026-07-22T00:10:36.421976+00:00,REVIEW (Name variation with same DOB)
FUZZY_VARIATION,FUZZY-GRP-161,60795,"Qui�ones, Joel Agueran",1983-01-09,Male,"Mindoro","City of Vigan",0,2026-04-03T04:34:44.077012+00:00,REVIEW (Name variation with same DOB)
FUZZY_VARIATION,FUZZY-GRP-161,254845,"Qui?nes, Joel Agueran",1983-01-09,Male,"Mindoro","City of Vigan",0,2026-07-22T00:10:36.421976+00:00,REVIEW (Name variation with same DOB)
FUZZY_VARIATION,FUZZY-GRP-162,60828,"Gaoat, Mikka Ella Joy Garcia",2001-08-02,Female,"Mindoro","City of Vigan",0,2026-04-03T04:34:44.077012+00:00,REVIEW (Name variation with same DOB)
FUZZY_VARIATION,FUZZY-GRP-162,303303,"Gaoat, Mikkaella Joy Garcia",2001-08-02,Female,"Barangay VI","City of Vigan",0,2026-09-26T05:36:08.072839+00:00,REVIEW (Name variation with same DOB)
FUZZY_VARIATION,FUZZY-GRP-163,136196,"Ferido, Marvin",2025-04-11,Male,"San Julian Norte","City of Vigan",0,2026-05-24T00:51:13.425653+00:00,REVIEW (Name variation with same DOB)
FUZZY_VARIATION,FUZZY-GRP-163,306214,"FERIDO,MARVIN R.",2025-04-11,Male,"San Julian Norte","City of Vigan",0,2026-09-26T17:03:58.134301+00:00,REVIEW (Name variation with same DOB)
FUZZY_VARIATION,FUZZY-GRP-164,60874,"Qui�ones, Joanne Agueran",1989-06-16,Female,"Mindoro","City of Vigan",0,2026-04-03T04:34:44.077012+00:00,REVIEW (Name variation with same DOB)
FUZZY_VARIATION,FUZZY-GRP-164,306957,"Quiñones, Joanne Agueran",1989-06-16,Female,"Mindoro","City of Vigan",0,2026-09-27T01:11:15.669781+00:00,REVIEW (Name variation with same DOB)
FUZZY_VARIATION,FUZZY-GRP-165,60931,"Quericol, Mark Reiden Sagum",2023-01-21,Male,"Mindoro","City of Vigan",0,2026-04-03T04:34:44.077012+00:00,REVIEW (Name variation with same DOB)
FUZZY_VARIATION,FUZZY-GRP-165,143397,"Quericol, Mark Reiden Sagun",2023-01-21,Male,"Mindoro","City of Vigan",0,2026-05-25T11:22:29.263713+00:00,REVIEW (Name variation with same DOB)
FUZZY_VARIATION,FUZZY-GRP-166,60966,"Casta�eda, Priscila Alvarez",1946-10-12,Female,"Mindoro","City of Vigan",0,2026-04-03T04:34:44.077012+00:00,REVIEW (Name variation with same DOB)
FUZZY_VARIATION,FUZZY-GRP-166,254842,"Casta?da, Priscila Alvarez",1946-10-12,Female,"Mindoro","City of Vigan",0,2026-07-22T00:10:36.421976+00:00,REVIEW (Name variation with same DOB)
FUZZY_VARIATION,FUZZY-GRP-167,60966,"Casta�eda, Priscila Alvarez",1946-10-12,Female,"Mindoro","City of Vigan",0,2026-04-03T04:34:44.077012+00:00,REVIEW (Name variation with same DOB)
FUZZY_VARIATION,FUZZY-GRP-167,318677,"Castañeda, Priscila Alvarez",1946-10-12,Female,"Mindoro","City of Vigan",0,2026-09-28T14:25:16.08486+00:00,REVIEW (Name variation with same DOB)
FUZZY_VARIATION,FUZZY-GRP-168,60966,"Casta�eda, Priscila Alvarez",1946-10-12,Female,"Mindoro","City of Vigan",0,2026-04-03T04:34:44.077012+00:00,REVIEW (Name variation with same DOB)
FUZZY_VARIATION,FUZZY-GRP-168,318690,"Castañeda, Prescila Alvarez",1946-10-12,Female,"Mindoro","City of Vigan",0,2026-09-28T14:25:16.08486+00:00,REVIEW (Name variation with same DOB)
FUZZY_VARIATION,FUZZY-GRP-169,254842,"Casta?da, Priscila Alvarez",1946-10-12,Female,"Mindoro","City of Vigan",0,2026-07-22T00:10:36.421976+00:00,REVIEW (Name variation with same DOB)
FUZZY_VARIATION,FUZZY-GRP-169,318677,"Castañeda, Priscila Alvarez",1946-10-12,Female,"Mindoro","City of Vigan",0,2026-09-28T14:25:16.08486+00:00,REVIEW (Name variation with same DOB)
FUZZY_VARIATION,FUZZY-GRP-170,318677,"Castañeda, Priscila Alvarez",1946-10-12,Female,"Mindoro","City of Vigan",0,2026-09-28T14:25:16.08486+00:00,REVIEW (Name variation with same DOB)
FUZZY_VARIATION,FUZZY-GRP-170,318690,"Castañeda, Prescila Alvarez",1946-10-12,Female,"Mindoro","City of Vigan",0,2026-09-28T14:25:16.08486+00:00,REVIEW (Name variation with same DOB)
FUZZY_VARIATION,FUZZY-GRP-171,279351,"Bisquera, Marietta Arruejo",1959-10-08,Female,"Barangay VI","City of Vigan",0,2026-09-02T12:47:14.496177+00:00,REVIEW (Name variation with same DOB)
FUZZY_VARIATION,FUZZY-GRP-171,303621,"Bisquera, Marieta Arruejo",1959-10-08,Female,"Barangay VI","City of Vigan",0,2026-09-26T05:36:08.072839+00:00,REVIEW (Name variation with same DOB)
FUZZY_VARIATION,FUZZY-GRP-172,60974,"Raposas, Racquel Altarejos",1990-04-22,Female,"Mindoro","City of Vigan",0,2026-04-03T04:34:44.077012+00:00,REVIEW (Name variation with same DOB)
FUZZY_VARIATION,FUZZY-GRP-172,143093,"Raposas, Raquel Altarejos",1990-04-22,Female,"Mindoro","City of Vigan",0,2026-05-25T11:22:29.263713+00:00,REVIEW (Name variation with same DOB)
FUZZY_VARIATION,FUZZY-GRP-173,131292,"Quitoras, Mark Ronniel Abinoja",2004-01-14,Male,"San Pedro","City of Vigan",0,2026-05-22T21:06:18.698842+00:00,REVIEW (Name variation with same DOB)
FUZZY_VARIATION,FUZZY-GRP-173,219764,"Quitoras, Mark Roniel Abinoja",2004-01-14,Male,"San Pedro","City of Vigan",0,2026-06-23T19:39:09.228885+00:00,REVIEW (Name variation with same DOB)
FUZZY_VARIATION,FUZZY-GRP-174,99619,"Pisalbo, Mark Bonito Pizarro",2022-03-22,Male,"San Jose","City of Vigan",0,2026-05-10T13:36:01.112343+00:00,REVIEW (Name variation with same DOB)
FUZZY_VARIATION,FUZZY-GRP-174,307255,"PISALBO, MARK BONITO PIZARO",2022-03-22,Male,"San Jose","City of Vigan",0,2026-09-27T01:49:05.655683+00:00,REVIEW (Name variation with same DOB)
FUZZY_VARIATION,FUZZY-GRP-175,61335,"Pula, Jessamae Raquepo",1995-01-16,Female,"Capangpangan","City of Vigan",0,2026-04-03T05:55:26.257445+00:00,REVIEW (Name variation with same DOB)
FUZZY_VARIATION,FUZZY-GRP-175,96394,"Pula, Jessa Mae Raquepo",1995-01-16,Female,"Capangpangan","City of Vigan",0,2026-05-09T05:10:19.26877+00:00,REVIEW (Name variation with same DOB)
FUZZY_VARIATION,FUZZY-GRP-176,61336,"Pula, Avery Sadie Raquepo",2021-11-16,Female,"Capangpangan","City of Vigan",0,2026-04-03T05:55:26.257445+00:00,REVIEW (Name variation with same DOB)
FUZZY_VARIATION,FUZZY-GRP-176,229795,"PULA, AVERY SADY RAQUEPO",2021-11-16,Male,"Capangpangan","City of Vigan",0,2026-06-26T14:49:05.970234+00:00,REVIEW (Name variation with same DOB)
FUZZY_VARIATION,FUZZY-GRP-177,93982,"Gatan, Johnrick De Villa",2002-05-12,Male,"Barangay VII","City of Vigan",0,2026-05-08T14:25:47.205058+00:00,REVIEW (Name variation with same DOB)
FUZZY_VARIATION,FUZZY-GRP-177,318342,"GATAN, JOHN RICK DE VILLA",2002-05-12,Male,"Barangay VII","City of Vigan",0,2026-09-28T13:16:48.28094+00:00,REVIEW (Name variation with same DOB)
FUZZY_VARIATION,FUZZY-GRP-178,61384,"Sacro, Jackson Domingo",1995-08-30,Male,"Capangpangan","City of Vigan",0,2026-04-03T05:55:26.257445+00:00,REVIEW (Name variation with same DOB)
FUZZY_VARIATION,FUZZY-GRP-178,96531,"Sacru, Jackson Domingo",1995-08-30,Male,"Capangpangan","City of Vigan",0,2026-05-09T05:10:19.26877+00:00,REVIEW (Name variation with same DOB)
FUZZY_VARIATION,FUZZY-GRP-179,135792,"Bautista, May Catherine Penis",1997-07-24,Female,"San Julian Norte","City of Vigan",0,2026-05-24T00:51:13.425653+00:00,REVIEW (Name variation with same DOB)
FUZZY_VARIATION,FUZZY-GRP-179,137454,"BAUTISTA, MAY CATHERINE PEHIS",1997-07-24,Female,"San Julian Norte","City of Vigan",0,2026-05-24T00:51:20.01736+00:00,REVIEW (Name variation with same DOB)
FUZZY_VARIATION,FUZZY-GRP-180,136004,"RACELES, CALVIN DAVID",2021-08-26,Male,"San Julian Norte","City of Vigan",0,2026-05-24T00:51:13.425653+00:00,REVIEW (Name variation with same DOB)
FUZZY_VARIATION,FUZZY-GRP-180,306157,"RACELES,CALVIN DAVID B.",2021-08-26,Male,"San Julian Norte","City of Vigan",0,2026-09-26T17:03:58.134301+00:00,REVIEW (Name variation with same DOB)
FUZZY_VARIATION,FUZZY-GRP-181,61448,"Arce, Zain Aurelius Me�a",2023-03-29,Male,"Capangpangan","City of Vigan",0,2026-04-03T05:55:26.257445+00:00,REVIEW (Name variation with same DOB)
FUZZY_VARIATION,FUZZY-GRP-181,96272,"Arce, Zain Aurelius Mena",2023-03-29,Female,"Capangpangan","City of Vigan",1,2026-05-09T05:10:19.26877+00:00,REVIEW (Name variation with same DOB)
FUZZY_VARIATION,FUZZY-GRP-182,61448,"Arce, Zain Aurelius Me�a",2023-03-29,Male,"Capangpangan","City of Vigan",0,2026-04-03T05:55:26.257445+00:00,REVIEW (Name variation with same DOB)
FUZZY_VARIATION,FUZZY-GRP-182,306908,"Arce, Zain Aurelius Meña",2023-03-29,Male,"Capangpangan","City of Vigan",1,2026-09-27T01:00:08.576953+00:00,REVIEW (Name variation with same DOB)
FUZZY_VARIATION,FUZZY-GRP-183,96800,"Arce, Zain Aurelius",2023-03-29,Male,"Capangpangan","City of Vigan",0,2026-05-09T05:10:20.6829+00:00,REVIEW (Name variation with same DOB)
FUZZY_VARIATION,FUZZY-GRP-183,229791,"ARCE, ZAIN AURELIUS M",2023-03-29,Male,"Capangpangan","City of Vigan",0,2026-06-26T14:49:05.970234+00:00,REVIEW (Name variation with same DOB)
FUZZY_VARIATION,FUZZY-GRP-184,61454,"Piano, Rhonalhyne Linda",1995-11-23,Female,"Capangpangan","City of Vigan",0,2026-04-03T05:55:26.257445+00:00,REVIEW (Name variation with same DOB)
FUZZY_VARIATION,FUZZY-GRP-184,97318,"PIANO, RHONA LHYNNE LINDA",1995-11-23,Female,"Capangpangan","City of Vigan",0,2026-05-09T06:15:25.279506+00:00,REVIEW (Name variation with same DOB)
FUZZY_VARIATION,FUZZY-GRP-185,61469,"Gascon, Juvelee Deni�a",1982-06-15,Female,"Capangpangan","City of Vigan",0,2026-04-03T05:55:26.257445+00:00,REVIEW (Name variation with same DOB)
FUZZY_VARIATION,FUZZY-GRP-185,306943,"Gascon, Juvelee Deniña",1982-06-15,Female,"Capangpangan","City of Vigan",0,2026-09-27T01:00:08.576953+00:00,REVIEW (Name variation with same DOB)
FUZZY_VARIATION,FUZZY-GRP-186,135791,"Bautista, John Carlo Penis",2017-10-10,Male,"San Julian Norte","City of Vigan",0,2026-05-24T00:51:13.425653+00:00,REVIEW (Name variation with same DOB)
FUZZY_VARIATION,FUZZY-GRP-186,137455,"BAUTISTA, JOHN CARLO PEHIS",2017-10-10,Male,"San Julian Norte","City of Vigan",0,2026-05-24T00:51:20.01736+00:00,REVIEW (Name variation with same DOB)
FUZZY_VARIATION,FUZZY-GRP-187,61478,"Reduque, Karen Joy Criste",1992-02-01,Female,"Capangpangan","City of Vigan",0,2026-04-03T05:55:26.257445+00:00,REVIEW (Name variation with same DOB)
FUZZY_VARIATION,FUZZY-GRP-187,96578,"Redoque, Karen Joy Criste",1992-02-01,Female,"Capangpangan","City of Vigan",0,2026-05-09T05:10:19.26877+00:00,REVIEW (Name variation with same DOB)
FUZZY_VARIATION,FUZZY-GRP-188,61645,"Dalida, Charmis Artates",1988-08-10,Female,"Salindeg","City of Vigan",0,2026-04-03T06:00:55.771094+00:00,REVIEW (Name variation with same DOB)
FUZZY_VARIATION,FUZZY-GRP-188,222854,"Dalida, Charmine Artates",1988-08-10,Male,"Salindeg","City of Vigan",0,2026-06-24T07:51:24.475842+00:00,REVIEW (Name variation with same DOB)
FUZZY_VARIATION,FUZZY-GRP-189,61494,"Pascua, Mari Rose Jimenez",1985-09-21,Female,"Capangpangan","City of Vigan",0,2026-04-03T05:55:26.257445+00:00,REVIEW (Name variation with same DOB)
FUZZY_VARIATION,FUZZY-GRP-189,96626,"PASCUA, MARY ROSE JIMENEZ",1985-09-21,Female,"Capangpangan","City of Vigan",0,2026-05-09T05:10:19.26877+00:00,REVIEW (Name variation with same DOB)
FUZZY_VARIATION,FUZZY-GRP-190,61508,"Lagasca, Reginald Feraren",1987-05-24,Male,"Capangpangan","City of Vigan",0,2026-04-03T05:55:26.257445+00:00,REVIEW (Name variation with same DOB)
FUZZY_VARIATION,FUZZY-GRP-190,97195,"LAGASCA*, REGINALD FERAREN",1987-05-24,Male,"Capangpangan","City of Vigan",0,2026-05-09T06:15:25.279506+00:00,REVIEW (Name variation with same DOB)
FUZZY_VARIATION,FUZZY-GRP-191,61515,"Lazo, Mhia Mae Casta�eda",2008-10-17,Female,"Capangpangan","City of Vigan",0,2026-04-03T05:55:26.257445+00:00,REVIEW (Name variation with same DOB)
FUZZY_VARIATION,FUZZY-GRP-191,229941,"LAZO, MHIA MAE CASTANEDA",2008-10-17,Female,"Capangpangan","City of Vigan",0,2026-06-26T14:49:05.970234+00:00,REVIEW (Name variation with same DOB)
FUZZY_VARIATION,FUZZY-GRP-192,61520,"Bonaobra, Marietta Piano",1950-01-13,Female,"Capangpangan","City of Vigan",0,2026-04-03T05:55:26.257445+00:00,REVIEW (Name variation with same DOB)
FUZZY_VARIATION,FUZZY-GRP-192,97306,"BONAOBRA, MARIETA PIANO",1950-01-13,Female,"Capangpangan","City of Vigan",0,2026-05-09T06:15:25.279506+00:00,REVIEW (Name variation with same DOB)
FUZZY_VARIATION,FUZZY-GRP-193,93511,"Altarejos, Jan Darell De La Cruz",1982-05-13,Male,"San Pedro","City of Vigan",0,2026-05-08T13:27:21.219826+00:00,REVIEW (Name variation with same DOB)
FUZZY_VARIATION,FUZZY-GRP-193,219626,"Altarejos, John Darell De La Cruz",1982-05-13,Male,"San Pedro","City of Vigan",0,2026-06-23T19:39:09.228885+00:00,REVIEW (Name variation with same DOB)
FUZZY_VARIATION,FUZZY-GRP-194,61564,"Bisco, Imelda Reotutar",1969-11-17,Female,"Capangpangan","City of Vigan",0,2026-04-03T05:55:26.257445+00:00,REVIEW (Name variation with same DOB)
FUZZY_VARIATION,FUZZY-GRP-194,96733,"BISCO*, IMELDA REOTUTAR",1969-11-17,Female,"Capangpangan","City of Vigan",0,2026-05-09T05:10:20.6829+00:00,REVIEW (Name variation with same DOB)
FUZZY_VARIATION,FUZZY-GRP-195,95148,"Cabuang, Karla Emiline Ferido",2006-11-28,Female,"San Julian Norte","City of Vigan",0,2026-05-08T20:21:22.260199+00:00,REVIEW (Name variation with same DOB)
FUZZY_VARIATION,FUZZY-GRP-195,137129,"CABUANG, KARLA EMELINE FERIDO",2006-11-28,Female,"San Julian Norte","City of Vigan",0,2026-05-24T00:51:17.863707+00:00,REVIEW (Name variation with same DOB)
FUZZY_VARIATION,FUZZY-GRP-196,131519,"Bayya, Josue Tolentino",1957-07-18,Male,"San Pedro","City of Vigan",0,2026-05-22T21:06:18.698842+00:00,REVIEW (Name variation with same DOB)
FUZZY_VARIATION,FUZZY-GRP-196,220091,"Bayya, Jusue Tolentino",1957-07-18,Male,"San Pedro","City of Vigan",0,2026-06-23T19:39:54.987717+00:00,REVIEW (Name variation with same DOB)
FUZZY_VARIATION,FUZZY-GRP-197,61596,"Alberto, Mylene Burbano",1995-05-24,Female,"Salindeg","City of Vigan",0,2026-04-03T06:00:55.771094+00:00,REVIEW (Name variation with same DOB)
FUZZY_VARIATION,FUZZY-GRP-197,224592,"Alberto, Maylene Burbano",1995-05-24,Female,"Salindeg","City of Vigan",0,2026-06-25T02:02:47.604419+00:00,REVIEW (Name variation with same DOB)
FUZZY_VARIATION,FUZZY-GRP-198,61599,"Pagaoa, Yohann Chase Cudal",2025-04-04,Male,"Salindeg","City of Vigan",0,2026-04-03T06:00:55.771094+00:00,REVIEW (Name variation with same DOB)
FUZZY_VARIATION,FUZZY-GRP-198,223013,"Pagaoa, Yohan Chase Cudal",2025-04-04,Male,"Salindeg","City of Vigan",0,2026-06-24T07:51:26.607208+00:00,REVIEW (Name variation with same DOB)
FUZZY_VARIATION,FUZZY-GRP-199,131191,"Sanchez, Estrelita Magtugad",1964-05-15,Female,"San Pedro","City of Vigan",0,2026-05-22T21:06:18.698842+00:00,REVIEW (Name variation with same DOB)
FUZZY_VARIATION,FUZZY-GRP-199,220150,"Sanches, Estrelita Magtagad",1964-05-15,Female,"San Pedro","City of Vigan",0,2026-06-23T19:39:54.987717+00:00,REVIEW (Name variation with same DOB)
FUZZY_VARIATION,FUZZY-GRP-200,61611,"Verzosa, Julius Quinoy",1996-02-24,Male,"Salindeg","City of Vigan",0,2026-04-03T06:00:55.771094+00:00,REVIEW (Name variation with same DOB)
FUZZY_VARIATION,FUZZY-GRP-200,222772,"Versoza, Julius Quinoy",1996-02-24,Male,"Salindeg","City of Vigan",0,2026-06-24T07:51:24.475842+00:00,REVIEW (Name variation with same DOB)
FUZZY_VARIATION,FUZZY-GRP-201,61615,"Verzosa, Elena Andres",1962-09-23,Female,"Salindeg","City of Vigan",0,2026-04-03T06:00:55.771094+00:00,REVIEW (Name variation with same DOB)
FUZZY_VARIATION,FUZZY-GRP-201,222518,"Versoza, Elena Andres",1962-09-23,Female,"Salindeg","City of Vigan",0,2026-06-24T07:51:24.475842+00:00,REVIEW (Name variation with same DOB)
FUZZY_VARIATION,FUZZY-GRP-202,61628,"Alconcel, Ronalyn Motilla",1990-10-24,Female,"Salindeg","City of Vigan",0,2026-04-03T06:00:55.771094+00:00,REVIEW (Name variation with same DOB)
FUZZY_VARIATION,FUZZY-GRP-202,224634,"Alconcel, Ronalyn Montilla",1990-10-24,Female,"Salindeg","City of Vigan",0,2026-06-25T02:02:47.604419+00:00,REVIEW (Name variation with same DOB)
FUZZY_VARIATION,FUZZY-GRP-203,62066,"Madaoi, Marineth Malinnag",1972-09-17,Female,"Barangay IX","City of Vigan",0,2026-04-03T07:12:03.68234+00:00,REVIEW (Name variation with same DOB)
FUZZY_VARIATION,FUZZY-GRP-203,93798,"MADAOI MARINETH MALINAG",1972-09-17,Female,"Barangay IX","City of Vigan",0,2026-05-08T13:45:50.366595+00:00,REVIEW (Name variation with same DOB)
FUZZY_VARIATION,FUZZY-GRP-204,61643,"Reotita, Kaye Arreola",1999-09-14,Female,"Salindeg","City of Vigan",0,2026-04-03T06:00:55.771094+00:00,REVIEW (Name variation with same DOB)
FUZZY_VARIATION,FUZZY-GRP-204,224540,"Reotita, Kaye Areola",1999-09-14,Female,"Salindeg","City of Vigan",0,2026-06-25T02:02:47.604419+00:00,REVIEW (Name variation with same DOB)
FUZZY_VARIATION,FUZZY-GRP-205,136079,"PALO, SIQUEM AZRIEL",2024-06-19,Male,"San Julian Norte","City of Vigan",0,2026-05-24T00:51:13.425653+00:00,REVIEW (Name variation with same DOB)
FUZZY_VARIATION,FUZZY-GRP-205,306114,"PALO,SIQUEM AZRIEL V.",2024-06-19,Male,"San Julian Norte","City of Vigan",0,2026-09-26T17:03:58.134301+00:00,REVIEW (Name variation with same DOB)
FUZZY_VARIATION,FUZZY-GRP-206,61653,"Verzosa, Nelson Almero",1965-09-11,Male,"Salindeg","City of Vigan",0,2026-04-03T06:00:55.771094+00:00,REVIEW (Name variation with same DOB)
FUZZY_VARIATION,FUZZY-GRP-206,223162,"Versoza, Nelson Almero",1965-09-11,Male,"Salindeg","City of Vigan",0,2026-06-24T07:51:26.607208+00:00,REVIEW (Name variation with same DOB)
FUZZY_VARIATION,FUZZY-GRP-207,93611,"SINAMPAGA MARIA JOSEFA",2022-07-19,Female,"Barangay IX","City of Vigan",0,2026-05-08T13:45:50.366595+00:00,REVIEW (Name variation with same DOB)
FUZZY_VARIATION,FUZZY-GRP-207,307896,"Simpaga, Maria Josefa",2022-07-19,Female,"Barangay IX","City of Vigan",0,2026-09-27T01:53:20.862627+00:00,REVIEW (Name variation with same DOB)
FUZZY_VARIATION,FUZZY-GRP-208,61671,"Abalos, Anna Flor Acosta",2002-05-26,Female,"Salindeg","City of Vigan",0,2026-04-03T06:00:55.771094+00:00,REVIEW (Name variation with same DOB)
FUZZY_VARIATION,FUZZY-GRP-208,222931,"Abalos, Anaflor Acosta",2002-05-26,Female,"Salindeg","City of Vigan",0,2026-06-24T07:51:24.475842+00:00,REVIEW (Name variation with same DOB)
FUZZY_VARIATION,FUZZY-GRP-209,61671,"Abalos, Anna Flor Acosta",2002-05-26,Female,"Salindeg","City of Vigan",0,2026-04-03T06:00:55.771094+00:00,REVIEW (Name variation with same DOB)
FUZZY_VARIATION,FUZZY-GRP-209,224505,"Abalos, Annaflor Acosta",2002-05-26,Female,"Salindeg","City of Vigan",0,2026-06-25T02:02:47.604419+00:00,REVIEW (Name variation with same DOB)
FUZZY_VARIATION,FUZZY-GRP-210,222931,"Abalos, Anaflor Acosta",2002-05-26,Female,"Salindeg","City of Vigan",0,2026-06-24T07:51:24.475842+00:00,REVIEW (Name variation with same DOB)
FUZZY_VARIATION,FUZZY-GRP-210,224505,"Abalos, Annaflor Acosta",2002-05-26,Female,"Salindeg","City of Vigan",0,2026-06-25T02:02:47.604419+00:00,REVIEW (Name variation with same DOB)
FUZZY_VARIATION,FUZZY-GRP-211,61685,"Lee, Djhovel Ann Buen",1997-07-18,Female,"Salindeg","City of Vigan",0,2026-04-03T06:00:55.771094+00:00,REVIEW (Name variation with same DOB)
FUZZY_VARIATION,FUZZY-GRP-211,224567,"Lee, Dj Hovel Ann Buen",1997-07-18,Female,"Salindeg","City of Vigan",0,2026-06-25T02:02:47.604419+00:00,REVIEW (Name variation with same DOB)
FUZZY_VARIATION,FUZZY-GRP-212,61690,"Repotola, Antonette Vasquez",2006-07-08,Female,"Salindeg","City of Vigan",0,2026-04-03T06:00:55.771094+00:00,REVIEW (Name variation with same DOB)
FUZZY_VARIATION,FUZZY-GRP-212,224457,"Reputula, Antonette Vasquez",2006-07-08,Female,"Salindeg","City of Vigan",0,2026-06-25T02:02:47.604419+00:00,REVIEW (Name variation with same DOB)
FUZZY_VARIATION,FUZZY-GRP-213,61700,"Camarillo, Bernolyn Laungayan",1974-05-14,Male,"Salindeg","City of Vigan",0,2026-04-03T06:00:55.771094+00:00,REVIEW (Name variation with same DOB)
FUZZY_VARIATION,FUZZY-GRP-213,223102,"Camarillo, Berrolyn Laungayan",1974-05-14,Male,"Salindeg","City of Vigan",0,2026-06-24T07:51:26.607208+00:00,REVIEW (Name variation with same DOB)
FUZZY_VARIATION,FUZZY-GRP-214,61704,"Rosario, Krimashel Alquiza",1993-01-05,Female,"Salindeg","City of Vigan",0,2026-04-03T06:00:55.771094+00:00,REVIEW (Name variation with same DOB)
FUZZY_VARIATION,FUZZY-GRP-214,224624,"Rosario, Krismashel Alquiza",1993-01-05,Female,"Salindeg","City of Vigan",0,2026-06-25T02:02:47.604419+00:00,REVIEW (Name variation with same DOB)
FUZZY_VARIATION,FUZZY-GRP-215,97981,"Anicas, Rahzhel Jake",2016-10-11,Male,"Pantay Daya","City of Vigan",0,2026-05-09T08:45:57.595276+00:00,REVIEW (Name variation with same DOB)
FUZZY_VARIATION,FUZZY-GRP-215,135416,"Anicas, Rahczel Jake",2016-10-11,Male,"Pantay Daya","City of Vigan",0,2026-05-23T22:35:52.650663+00:00,REVIEW (Name variation with same DOB)
FUZZY_VARIATION,FUZZY-GRP-216,61717,"Verzoza, Nenita Almero",1961-07-15,Female,"Salindeg","City of Vigan",0,2026-04-03T06:00:55.771094+00:00,REVIEW (Name variation with same DOB)
FUZZY_VARIATION,FUZZY-GRP-216,223019,"Verzosa, Nenita Almero",1961-07-15,Female,"Salindeg","City of Vigan",0,2026-06-24T07:51:26.607208+00:00,REVIEW (Name variation with same DOB)
FUZZY_VARIATION,FUZZY-GRP-217,61722,"Quisiquisi, Norma Formoso",1947-04-24,Female,"Salindeg","City of Vigan",0,2026-04-03T06:00:55.771094+00:00,REVIEW (Name variation with same DOB)
FUZZY_VARIATION,FUZZY-GRP-217,223062,"Quisi Quisi, Norma Formoso",1947-04-24,Female,"Salindeg","City of Vigan",0,2026-06-24T07:51:26.607208+00:00,REVIEW (Name variation with same DOB)
FUZZY_VARIATION,FUZZY-GRP-218,61735,"Rabago, Lay-lord Florendo",2004-09-07,Male,"Salindeg","City of Vigan",0,2026-04-03T06:00:55.771094+00:00,REVIEW (Name variation with same DOB)
FUZZY_VARIATION,FUZZY-GRP-218,222690,"Rabago, Laylord Florendo",2004-09-07,Male,"Salindeg","City of Vigan",0,2026-06-24T07:51:24.475842+00:00,REVIEW (Name variation with same DOB)
FUZZY_VARIATION,FUZZY-GRP-219,61752,"Belano, Mikeily Veronica Quidolit",2025-01-23,Female,"Salindeg","City of Vigan",0,2026-04-03T06:00:55.771094+00:00,REVIEW (Name variation with same DOB)
FUZZY_VARIATION,FUZZY-GRP-219,306786,"BELANO, MCKAILY VERONICA QUIDOLIT",2025-01-23,Female,"Salindeg","City of Vigan",0,2026-09-27T00:36:35.948237+00:00,REVIEW (Name variation with same DOB)
FUZZY_VARIATION,FUZZY-GRP-220,61755,"Rabago, Love-lyn Florendo",2007-08-22,Female,"Salindeg","City of Vigan",0,2026-04-03T06:00:55.771094+00:00,REVIEW (Name variation with same DOB)
FUZZY_VARIATION,FUZZY-GRP-220,224447,"Rabago, Lovelyn Florendo",2007-08-22,Female,"Salindeg","City of Vigan",0,2026-06-25T02:02:47.604419+00:00,REVIEW (Name variation with same DOB)
FUZZY_VARIATION,FUZZY-GRP-221,61763,"Arlegui, Esperanza Astronomo",1963-11-13,Female,"Salindeg","City of Vigan",0,2026-04-03T06:00:55.771094+00:00,REVIEW (Name variation with same DOB)
FUZZY_VARIATION,FUZZY-GRP-221,222507,"Alrlegui, Esperanza Astronomo",1963-11-13,Female,"Salindeg","City of Vigan",0,2026-06-24T07:51:24.475842+00:00,REVIEW (Name variation with same DOB)
FUZZY_VARIATION,FUZZY-GRP-222,61765,"Lim, Ludivina De Peralta",1967-04-14,Female,"Salindeg","City of Vigan",0,2026-04-03T06:00:55.771094+00:00,REVIEW (Name variation with same DOB)
FUZZY_VARIATION,FUZZY-GRP-222,222945,"Lim, Ludovina De Peralta",1967-04-14,Female,"Salindeg","City of Vigan",0,2026-06-24T07:51:24.475842+00:00,REVIEW (Name variation with same DOB)
FUZZY_VARIATION,FUZZY-GRP-223,222687,"Andallo, Ashley Jasties Qui�ola",2004-10-16,Male,"Salindeg","City of Vigan",0,2026-06-24T07:51:24.475842+00:00,REVIEW (Name variation with same DOB)
FUZZY_VARIATION,FUZZY-GRP-223,224253,"Andallo, Ashley Jasties Quiñola",2004-10-16,Male,"Salindeg","City of Vigan",0,2026-06-25T01:31:45.366031+00:00,REVIEW (Name variation with same DOB)
FUZZY_VARIATION,FUZZY-GRP-224,61772,"Castillo, Gizelle Guillermo",1992-10-23,Female,"Salindeg","City of Vigan",0,2026-04-03T06:00:55.771094+00:00,REVIEW (Name variation with same DOB)
FUZZY_VARIATION,FUZZY-GRP-224,94190,"Castillo, Gizelle Guilleno",1992-10-23,Female,"Salindeg","City of Vigan",0,2026-05-08T14:25:47.205058+00:00,REVIEW (Name variation with same DOB)
FUZZY_VARIATION,FUZZY-GRP-225,97795,"Llusala, Rowena Ibanez",1992-10-23,Female,"Pantay Daya","City of Vigan",0,2026-05-09T08:45:57.595276+00:00,REVIEW (Name variation with same DOB)
FUZZY_VARIATION,FUZZY-GRP-225,135496,"Llusala, Rowena Banez",1992-10-23,Female,"Pantay Daya","City of Vigan",0,2026-05-23T22:35:52.650663+00:00,REVIEW (Name variation with same DOB)
FUZZY_VARIATION,FUZZY-GRP-226,61773,"Del Rosario, Joyce Ann Villedo",1989-12-18,Female,"Salindeg","City of Vigan",0,2026-04-03T06:00:55.771094+00:00,REVIEW (Name variation with same DOB)
FUZZY_VARIATION,FUZZY-GRP-226,224644,"Del Rosario, Joyce Ann Billedo",1989-12-18,Female,"Salindeg","City of Vigan",0,2026-06-25T02:02:47.604419+00:00,REVIEW (Name variation with same DOB)
FUZZY_VARIATION,FUZZY-GRP-227,222959,"Quario, Caryn Lintonan",1989-12-18,Female,"Salindeg","City of Vigan",0,2026-06-24T07:51:24.475842+00:00,REVIEW (Name variation with same DOB)
FUZZY_VARIATION,FUZZY-GRP-227,224643,"Quario, Carlyn Lintonan",1989-12-18,Female,"Salindeg","City of Vigan",0,2026-06-25T02:02:47.604419+00:00,REVIEW (Name variation with same DOB)
FUZZY_VARIATION,FUZZY-GRP-228,61796,"Aniceto, Raiden Francis Hadloc",2023-10-22,Male,"Barangay VII","City of Vigan",0,2026-04-03T06:17:31.698604+00:00,REVIEW (Name variation with same DOB)
FUZZY_VARIATION,FUZZY-GRP-228,318018,"ANICETO, RAIDEN FRANCIS HANDLOC",2023-10-22,Male,"Barangay VII","City of Vigan",0,2026-09-28T13:16:44.993661+00:00,REVIEW (Name variation with same DOB)
FUZZY_VARIATION,FUZZY-GRP-229,61801,"Vitug, Catherine Pacis",1987-05-10,Female,"Barangay VII","City of Vigan",0,2026-04-03T06:17:31.698604+00:00,REVIEW (Name variation with same DOB)
FUZZY_VARIATION,FUZZY-GRP-229,317474,"Vitug, Catherine Pascis",1987-05-10,Female,"Barangay VII","City of Vigan",0,2026-09-28T13:16:39.771769+00:00,REVIEW (Name variation with same DOB)
FUZZY_VARIATION,FUZZY-GRP-230,99664,"Zambrano, Danielle Faith Pisalbo",2020-08-27,Female,"San Jose","City of Vigan",0,2026-05-10T13:36:01.112343+00:00,REVIEW (Name variation with same DOB)
FUZZY_VARIATION,FUZZY-GRP-230,307258,"ZAMBRANO, DANIELE FAITH PISALBO",2020-08-27,Female,"San Jose","City of Vigan",0,2026-09-27T01:49:05.655683+00:00,REVIEW (Name variation with same DOB)
FUZZY_VARIATION,FUZZY-GRP-231,61820,"Alcantara, Jhossel Kristin Porcincula",2004-10-13,Female,"Barangay VII","City of Vigan",0,2026-04-03T06:17:31.698604+00:00,REVIEW (Name variation with same DOB)
FUZZY_VARIATION,FUZZY-GRP-231,317655,"ALCANTARA, JHOSSEL KRISTINE PORCINCULA",2004-10-13,Female,"Barangay VII","City of Vigan",0,2026-09-28T13:16:44.993661+00:00,REVIEW (Name variation with same DOB)
FUZZY_VARIATION,FUZZY-GRP-232,93964,"Benzon, Jan Mae Pascua",2004-10-13,Female,"Barangay VII","City of Vigan",1,2026-05-08T14:25:47.205058+00:00,REVIEW (Name variation with same DOB)
FUZZY_VARIATION,FUZZY-GRP-232,224479,"Benzon, Jan May Pascua",2004-10-13,Female,"Salindeg","City of Vigan",0,2026-06-25T02:02:47.604419+00:00,REVIEW (Name variation with same DOB)
FUZZY_VARIATION,FUZZY-GRP-233,224479,"Benzon, Jan May Pascua",2004-10-13,Female,"Salindeg","City of Vigan",0,2026-06-25T02:02:47.604419+00:00,REVIEW (Name variation with same DOB)
FUZZY_VARIATION,FUZZY-GRP-233,225987,"Benzon Jan Mae Pascua",2004-10-13,Female,"Barangay VII","City of Vigan",2,2026-06-25T11:13:45.270667+00:00,REVIEW (Name variation with same DOB)
FUZZY_VARIATION,FUZZY-GRP-234,61823,"Agsalud, Mark Louie Laila",2006-09-08,Male,"Barangay VII","City of Vigan",0,2026-04-03T06:17:31.698604+00:00,REVIEW (Name variation with same DOB)
FUZZY_VARIATION,FUZZY-GRP-234,226169,"Agsalud Mark Lowie Laila",2006-09-08,Male,"Barangay VII","City of Vigan",1,2026-06-25T11:13:45.270667+00:00,REVIEW (Name variation with same DOB)
FUZZY_VARIATION,FUZZY-GRP-235,61823,"Agsalud, Mark Louie Laila",2006-09-08,Male,"Barangay VII","City of Vigan",0,2026-04-03T06:17:31.698604+00:00,REVIEW (Name variation with same DOB)
FUZZY_VARIATION,FUZZY-GRP-235,317933,"AGSALUD, MARK LOWIE LAILA",2006-09-08,Male,"Barangay VII","City of Vigan",1,2026-09-28T13:16:44.993661+00:00,REVIEW (Name variation with same DOB)
FUZZY_VARIATION,FUZZY-GRP-236,61830,"Cari�o, Kristelle Anne Artajos",1995-08-29,Female,"Barangay VII","City of Vigan",0,2026-04-03T06:17:31.698604+00:00,REVIEW (Name variation with same DOB)
FUZZY_VARIATION,FUZZY-GRP-236,308582,"CariÑo, Kristelle Anne Artajos",1995-08-29,Female,"Barangay VII","City of Vigan",0,2026-09-27T02:29:08.993192+00:00,REVIEW (Name variation with same DOB)
FUZZY_VARIATION,FUZZY-GRP-237,61830,"Cari�o, Kristelle Anne Artajos",1995-08-29,Female,"Barangay VII","City of Vigan",0,2026-04-03T06:17:31.698604+00:00,REVIEW (Name variation with same DOB)
FUZZY_VARIATION,FUZZY-GRP-237,317446,"Cariño, Kristelle Ann Artajos",1995-08-29,Female,"Barangay VII","City of Vigan",0,2026-09-28T13:16:39.771769+00:00,REVIEW (Name variation with same DOB)
FUZZY_VARIATION,FUZZY-GRP-238,308582,"CariÑo, Kristelle Anne Artajos",1995-08-29,Female,"Barangay VII","City of Vigan",0,2026-09-27T02:29:08.993192+00:00,REVIEW (Name variation with same DOB)
FUZZY_VARIATION,FUZZY-GRP-238,317446,"Cariño, Kristelle Ann Artajos",1995-08-29,Female,"Barangay VII","City of Vigan",0,2026-09-28T13:16:39.771769+00:00,REVIEW (Name variation with same DOB)
FUZZY_VARIATION,FUZZY-GRP-239,61835,"Buenaventura, Ron Iosif Magtibay",2008-02-23,Male,"Barangay VII","City of Vigan",0,2026-04-03T06:17:31.698604+00:00,REVIEW (Name variation with same DOB)
FUZZY_VARIATION,FUZZY-GRP-239,318333,"BUENAVENTURA, RONIOSIF MAGTIBAY",2008-02-23,Male,"Barangay VII","City of Vigan",0,2026-09-28T13:16:48.28094+00:00,REVIEW (Name variation with same DOB)
FUZZY_VARIATION,FUZZY-GRP-240,61846,"Pascua, Erlinda Ra�a",1944-10-17,Female,"Barangay VII","City of Vigan",0,2026-04-03T06:17:31.698604+00:00,REVIEW (Name variation with same DOB)
FUZZY_VARIATION,FUZZY-GRP-240,317635,"PASCUA, ERLINDA RAǸA",1944-10-17,Female,"Barangay VII","City of Vigan",0,2026-09-28T13:16:44.993661+00:00,REVIEW (Name variation with same DOB)
FUZZY_VARIATION,FUZZY-GRP-241,131086,"Dela Cruz, Mark Anthony Quintal",2000-05-26,Male,"San Pedro","City of Vigan",0,2026-05-22T21:06:18.698842+00:00,REVIEW (Name variation with same DOB)
FUZZY_VARIATION,FUZZY-GRP-241,219633,"De La Cruz, Mark Anthony Quintal",2000-05-26,Male,"San Pedro","City of Vigan",0,2026-06-23T19:39:09.228885+00:00,REVIEW (Name variation with same DOB)
FUZZY_VARIATION,FUZZY-GRP-242,61864,"Norberte, Vealyn Guzman",2019-05-16,Female,"Barangay VII","City of Vigan",0,2026-04-03T06:17:31.698604+00:00,REVIEW (Name variation with same DOB)
FUZZY_VARIATION,FUZZY-GRP-242,317516,"Norberte , Bealyn  Guzman",2019-05-16,Female,"Barangay VII","City of Vigan",0,2026-09-28T13:16:39.771769+00:00,REVIEW (Name variation with same DOB)
FUZZY_VARIATION,FUZZY-GRP-243,61876,"Bautista, Herbert Buen",1979-04-05,Female,"Barangay VII","City of Vigan",0,2026-04-03T06:17:31.698604+00:00,REVIEW (Name variation with same DOB)
FUZZY_VARIATION,FUZZY-GRP-243,318491,"BAUTISTA, HERBERT BIEN",1979-04-05,Male,"Barangay VII","City of Vigan",0,2026-09-28T13:16:48.28094+00:00,REVIEW (Name variation with same DOB)
FUZZY_VARIATION,FUZZY-GRP-244,61886,"Reyes, Josefa Tacud",1958-03-19,Female,"Barangay VII","City of Vigan",0,2026-04-03T06:17:31.698604+00:00,REVIEW (Name variation with same DOB)
FUZZY_VARIATION,FUZZY-GRP-244,226097,"Reyes Josefina Tacud",1958-03-19,Female,"Barangay VII","City of Vigan",1,2026-06-25T11:13:45.270667+00:00,REVIEW (Name variation with same DOB)
FUZZY_VARIATION,FUZZY-GRP-245,61886,"Reyes, Josefa Tacud",1958-03-19,Female,"Barangay VII","City of Vigan",0,2026-04-03T06:17:31.698604+00:00,REVIEW (Name variation with same DOB)
FUZZY_VARIATION,FUZZY-GRP-245,317102,"REYES, JOSEFINA TACUD",1958-03-19,Female,"Barangay VII","City of Vigan",1,2026-09-28T13:16:39.771769+00:00,REVIEW (Name variation with same DOB)
FUZZY_VARIATION,FUZZY-GRP-246,61899,"Pe�aflorida, Arian Jay Palomares",1986-04-07,Male,"Barangay VII","City of Vigan",0,2026-04-03T06:17:31.698604+00:00,REVIEW (Name variation with same DOB)
FUZZY_VARIATION,FUZZY-GRP-246,318471,"PENAFLORIDA, ARIAN JAY PALOMARES",1986-04-07,Male,"Barangay VII","City of Vigan",0,2026-09-28T13:16:48.28094+00:00,REVIEW (Name variation with same DOB)
FUZZY_VARIATION,FUZZY-GRP-247,61903,"Zarasate, Yjuan Henrich Pacpaco",2013-02-16,Male,"Barangay VII","City of Vigan",0,2026-04-03T06:17:31.698604+00:00,REVIEW (Name variation with same DOB)
FUZZY_VARIATION,FUZZY-GRP-247,318014,"ZARASATE, XJUAN HENRICH PACPACO",2013-02-16,Male,"Barangay VII","City of Vigan",0,2026-09-28T13:16:44.993661+00:00,REVIEW (Name variation with same DOB)
FUZZY_VARIATION,FUZZY-GRP-248,61931,"Benzon, Briana Nathalia Supnet",2021-07-05,Female,"Barangay VII","City of Vigan",0,2026-04-03T06:17:31.698604+00:00,REVIEW (Name variation with same DOB)
FUZZY_VARIATION,FUZZY-GRP-248,222988,"Benzon, Briana Natalia Supnet",2021-07-05,Female,"Salindeg","City of Vigan",0,2026-06-24T07:51:26.607208+00:00,REVIEW (Name variation with same DOB)
FUZZY_VARIATION,FUZZY-GRP-249,61940,"Noriega, Alma Rose Apostol",1977-09-08,Female,"Barangay VII","City of Vigan",0,2026-04-03T06:17:31.698604+00:00,REVIEW (Name variation with same DOB)
FUZZY_VARIATION,FUZZY-GRP-249,226067,"Noriega Almarose Apostol",1977-09-08,Female,"Barangay VII","City of Vigan",2,2026-06-25T11:13:45.270667+00:00,REVIEW (Name variation with same DOB)
FUZZY_VARIATION,FUZZY-GRP-250,61940,"Noriega, Alma Rose Apostol",1977-09-08,Female,"Barangay VII","City of Vigan",0,2026-04-03T06:17:31.698604+00:00,REVIEW (Name variation with same DOB)
FUZZY_VARIATION,FUZZY-GRP-250,317241,"NORIEGA, ALMAROSE APOSTOL",1977-09-08,Female,"Barangay VII","City of Vigan",1,2026-09-28T13:16:39.771769+00:00,REVIEW (Name variation with same DOB)
FUZZY_VARIATION,FUZZY-GRP-251,61944,"Pacpaco, Glenn Ramos",1974-02-03,Male,"Barangay VII","City of Vigan",0,2026-04-03T06:17:31.698604+00:00,REVIEW (Name variation with same DOB)
FUZZY_VARIATION,FUZZY-GRP-251,226270,"Pacpaco Glen Ramos",1974-02-03,Male,"Barangay VII","City of Vigan",1,2026-06-25T11:13:45.270667+00:00,REVIEW (Name variation with same DOB)
FUZZY_VARIATION,FUZZY-GRP-252,61944,"Pacpaco, Glenn Ramos",1974-02-03,Male,"Barangay VII","City of Vigan",0,2026-04-03T06:17:31.698604+00:00,REVIEW (Name variation with same DOB)
FUZZY_VARIATION,FUZZY-GRP-252,317926,"PACPACO, GLEN RAMOS",1974-02-03,Male,"Barangay VII","City of Vigan",1,2026-09-28T13:16:44.993661+00:00,REVIEW (Name variation with same DOB)
FUZZY_VARIATION,FUZZY-GRP-253,61953,"Zarasate, Julius Cezar Ramos",1983-08-21,Male,"Barangay VII","City of Vigan",0,2026-04-03T06:17:31.698604+00:00,REVIEW (Name variation with same DOB)
FUZZY_VARIATION,FUZZY-GRP-253,318012,"ZARASATE, JULIUS CESAR RAMOS",1983-08-21,Male,"Barangay VII","City of Vigan",0,2026-09-28T13:16:44.993661+00:00,REVIEW (Name variation with same DOB)
FUZZY_VARIATION,FUZZY-GRP-254,61971,"Almo, Lolita Pagaduan",1948-09-27,Female,"Barangay VII","City of Vigan",0,2026-04-03T06:17:31.698604+00:00,REVIEW (Name variation with same DOB)
FUZZY_VARIATION,FUZZY-GRP-254,317600,"ALMO, LOLITA PAGADAWAN",1948-09-27,Female,"Barangay VII","City of Vigan",0,2026-09-28T13:16:44.993661+00:00,REVIEW (Name variation with same DOB)
FUZZY_VARIATION,FUZZY-GRP-255,61976,"Piedad, Marianne Guia Bacud",1998-12-07,Female,"Barangay VII","City of Vigan",0,2026-04-03T06:17:31.698604+00:00,REVIEW (Name variation with same DOB)
FUZZY_VARIATION,FUZZY-GRP-255,317456,"Piedad, Marrianne Guia Bacud",1998-12-07,Female,"Barangay VII","City of Vigan",0,2026-09-28T13:16:39.771769+00:00,REVIEW (Name variation with same DOB)
FUZZY_VARIATION,FUZZY-GRP-256,61979,"King, Stephen Karl Gannaban",2008-06-21,Male,"Barangay VII","City of Vigan",0,2026-04-03T06:17:31.698604+00:00,REVIEW (Name variation with same DOB)
FUZZY_VARIATION,FUZZY-GRP-256,226162,"King Stephen Karl Ganaban",2008-06-21,Male,"Barangay VII","City of Vigan",1,2026-06-25T11:13:45.270667+00:00,REVIEW (Name variation with same DOB)
FUZZY_VARIATION,FUZZY-GRP-257,61979,"King, Stephen Karl Gannaban",2008-06-21,Male,"Barangay VII","City of Vigan",0,2026-04-03T06:17:31.698604+00:00,REVIEW (Name variation with same DOB)
FUZZY_VARIATION,FUZZY-GRP-257,317868,"KING, STEPHEN KARL GANABAN",2008-06-21,Male,"Barangay VII","City of Vigan",1,2026-09-28T13:16:44.993661+00:00,REVIEW (Name variation with same DOB)
FUZZY_VARIATION,FUZZY-GRP-258,61983,"Rafanan, Scarlett Astrid Agcaoili",2025-06-14,Female,"Barangay VII","City of Vigan",0,2026-04-03T06:17:31.698604+00:00,REVIEW (Name variation with same DOB)
FUZZY_VARIATION,FUZZY-GRP-258,306812,"RAFANAN, SCARLET ASTRID AGCAOILI",2025-06-14,Female,"Barangay VII","City of Vigan",0,2026-09-27T00:36:35.948237+00:00,REVIEW (Name variation with same DOB)
FUZZY_VARIATION,FUZZY-GRP-259,61989,"Patubo, Marlon Remulacion",1982-09-27,Male,"Barangay VII","City of Vigan",0,2026-04-03T06:17:31.698604+00:00,REVIEW (Name variation with same DOB)
FUZZY_VARIATION,FUZZY-GRP-259,318293,"PATUBO, MARLON REMOLACIO",1982-09-27,Male,"Barangay VII","City of Vigan",0,2026-09-28T13:16:48.28094+00:00,REVIEW (Name variation with same DOB)
FUZZY_VARIATION,FUZZY-GRP-260,62060,"Pineda, Edna Agbannaoag",1954-01-30,Female,"Barangay IX","City of Vigan",0,2026-04-03T07:12:03.68234+00:00,REVIEW (Name variation with same DOB)
FUZZY_VARIATION,FUZZY-GRP-260,93851,"PINEDA EDNA AGBANNAOG",1954-01-30,Female,"Barangay IX","City of Vigan",0,2026-05-08T13:45:50.366595+00:00,REVIEW (Name variation with same DOB)
FUZZY_VARIATION,FUZZY-GRP-261,62064,"Guzman, May Villahermosa",1980-05-01,Female,"Barangay IX","City of Vigan",0,2026-04-03T07:12:03.68234+00:00,REVIEW (Name variation with same DOB)
FUZZY_VARIATION,FUZZY-GRP-261,93824,"GUZMAN MAE VILLA HERMOSA",1980-05-01,Female,"Barangay IX","City of Vigan",0,2026-05-08T13:45:50.366595+00:00,REVIEW (Name variation with same DOB)
FUZZY_VARIATION,FUZZY-GRP-262,62106,"Pineda, Jennifer Reyes",1980-04-08,Female,"Barangay IX","City of Vigan",0,2026-04-03T07:12:03.68234+00:00,REVIEW (Name variation with same DOB)
FUZZY_VARIATION,FUZZY-GRP-262,93856,"PINEDA JENIFFER REYES",1980-04-08,Female,"Barangay IX","City of Vigan",0,2026-05-08T13:45:50.366595+00:00,REVIEW (Name variation with same DOB)
FUZZY_VARIATION,FUZZY-GRP-263,62110,"Dela Cruz, Janus September Gascon",2002-09-12,Female,"Barangay IX","City of Vigan",0,2026-04-03T07:12:03.68234+00:00,REVIEW (Name variation with same DOB)
FUZZY_VARIATION,FUZZY-GRP-263,92858,"DELA CRUZ JANUS SEPTEMBRE GASCON",2002-09-12,Male,"Barangay IX","City of Vigan",0,2026-05-08T08:18:18.550708+00:00,REVIEW (Name variation with same DOB)
FUZZY_VARIATION,FUZZY-GRP-264,62122,"Patubo, Kahlia Rose Casta�eda",2025-08-20,Female,"Barangay IX","City of Vigan",0,2026-04-03T07:12:03.68234+00:00,REVIEW (Name variation with same DOB)
FUZZY_VARIATION,FUZZY-GRP-264,92091,"Patubo, Kahlia Rose Castaneda",2025-08-20,Female,"Barangay IX","City of Vigan",1,2026-05-08T08:18:16.701418+00:00,REVIEW (Name variation with same DOB)
FUZZY_VARIATION,FUZZY-GRP-265,62122,"Patubo, Kahlia Rose Casta�eda",2025-08-20,Female,"Barangay IX","City of Vigan",0,2026-04-03T07:12:03.68234+00:00,REVIEW (Name variation with same DOB)
FUZZY_VARIATION,FUZZY-GRP-265,92372,"Patubo, Kahlia Rose, Castaneda",2025-08-20,Female,"Barangay IX","City of Vigan",1,2026-05-08T08:18:16.701418+00:00,REVIEW (Name variation with same DOB)
FUZZY_VARIATION,FUZZY-GRP-266,62123,"Patubo, Maria Kaysen Casta�eda",2023-09-28,Female,"Barangay IX","City of Vigan",0,2026-04-03T07:12:03.68234+00:00,REVIEW (Name variation with same DOB)
FUZZY_VARIATION,FUZZY-GRP-266,92090,"Patubo, Maria Kaysen Castaneda",2023-09-28,Female,"Barangay IX","City of Vigan",0,2026-05-08T08:18:16.701418+00:00,REVIEW (Name variation with same DOB)
FUZZY_VARIATION,FUZZY-GRP-267,226187,"Pacpaco Glen Gabriel Sales",2001-06-15,Male,"Barangay VII","City of Vigan",1,2026-06-25T11:13:45.270667+00:00,REVIEW (Name variation with same DOB)
FUZZY_VARIATION,FUZZY-GRP-267,308617,"Pacpaco, Glenn Gabriel Sales",2001-06-15,Male,"Barangay VII","City of Vigan",0,2026-09-27T02:29:08.993192+00:00,REVIEW (Name variation with same DOB)
FUZZY_VARIATION,FUZZY-GRP-268,308617,"Pacpaco, Glenn Gabriel Sales",2001-06-15,Male,"Barangay VII","City of Vigan",0,2026-09-27T02:29:08.993192+00:00,REVIEW (Name variation with same DOB)
FUZZY_VARIATION,FUZZY-GRP-268,317927,"PACPACO, GLEN GABRIEL SALES",2001-06-15,Male,"Barangay VII","City of Vigan",1,2026-09-28T13:16:44.993661+00:00,REVIEW (Name variation with same DOB)
FUZZY_VARIATION,FUZZY-GRP-269,62141,"Failano, Khurt Iesu Dela Cruz",2017-12-17,Male,"Barangay IX","City of Vigan",0,2026-04-03T07:12:03.68234+00:00,REVIEW (Name variation with same DOB)
FUZZY_VARIATION,FUZZY-GRP-269,92800,"FAILANO KURT IESO DELA CRUZ",2017-12-17,Male,"Barangay IX","City of Vigan",0,2026-05-08T08:18:18.550708+00:00,REVIEW (Name variation with same DOB)
FUZZY_VARIATION,FUZZY-GRP-270,62144,"Almazan, Elisha Janelle Aquino",2023-07-07,Female,"Barangay IX","City of Vigan",0,2026-04-03T07:12:03.68234+00:00,REVIEW (Name variation with same DOB)
FUZZY_VARIATION,FUZZY-GRP-270,307967,"Almazan, Elisha Janell Aquino",2023-07-07,Female,"Barangay IX","City of Vigan",0,2026-09-27T01:53:20.862627+00:00,REVIEW (Name variation with same DOB)
FUZZY_VARIATION,FUZZY-GRP-271,62146,"Quiocho, Vanessa Parto",1993-09-13,Female,"Barangay IX","City of Vigan",0,2026-04-03T07:12:03.68234+00:00,REVIEW (Name variation with same DOB)
FUZZY_VARIATION,FUZZY-GRP-271,93907,"QUICHO VANESSA PARTO",1993-09-13,Female,"Barangay IX","City of Vigan",0,2026-05-08T13:45:50.366595+00:00,REVIEW (Name variation with same DOB)
FUZZY_VARIATION,FUZZY-GRP-272,62179,"Fernando, Marian Castaneda",2006-08-19,Female,"Barangay IX","City of Vigan",0,2026-04-03T07:12:03.68234+00:00,REVIEW (Name variation with same DOB)
FUZZY_VARIATION,FUZZY-GRP-272,93732,"FERNANDO MARIAN CASTA?EDA",2006-08-19,Female,"Barangay IX","City of Vigan",0,2026-05-08T13:45:50.366595+00:00,REVIEW (Name variation with same DOB)
FUZZY_VARIATION,FUZZY-GRP-273,62183,"Guzman, Kerbie Mae Villahermosa",2018-05-28,Female,"Barangay IX","City of Vigan",0,2026-04-03T07:12:03.68234+00:00,REVIEW (Name variation with same DOB)
FUZZY_VARIATION,FUZZY-GRP-273,93825,"GUZMAN KERBIE MAE VILLA HERMOSA",2018-05-28,Female,"Barangay IX","City of Vigan",0,2026-05-08T13:45:50.366595+00:00,REVIEW (Name variation with same DOB)
FUZZY_VARIATION,FUZZY-GRP-274,62193,"Comilang, Rence Manalo",2017-01-22,Male,"Barangay IX","City of Vigan",0,2026-04-03T07:12:03.68234+00:00,REVIEW (Name variation with same DOB)
FUZZY_VARIATION,FUZZY-GRP-274,92854,"COMILANG RENZE MANALO",2017-01-22,Male,"Barangay IX","City of Vigan",0,2026-05-08T08:18:18.550708+00:00,REVIEW (Name variation with same DOB)
FUZZY_VARIATION,FUZZY-GRP-275,136173,"EVANGELISTA, KARLYN NICOLE",2024-12-30,Female,"San Julian Norte","City of Vigan",0,2026-05-24T00:51:13.425653+00:00,REVIEW (Name variation with same DOB)
FUZZY_VARIATION,FUZZY-GRP-275,306075,"EVANGELISTA,KARLYN NICOLE F.",2024-12-30,Female,"San Julian Norte","City of Vigan",0,2026-09-26T17:03:58.134301+00:00,REVIEW (Name variation with same DOB)
FUZZY_VARIATION,FUZZY-GRP-276,62243,"Leones, Fidel Tollo",1962-04-24,Male,"Barangay IX","City of Vigan",0,2026-04-03T07:12:03.68234+00:00,REVIEW (Name variation with same DOB)
FUZZY_VARIATION,FUZZY-GRP-276,92713,"LEONES FIDEL TULIO",1962-04-24,Male,"Barangay IX","City of Vigan",0,2026-05-08T08:18:18.550708+00:00,REVIEW (Name variation with same DOB)
FUZZY_VARIATION,FUZZY-GRP-277,62256,"Uclos, Arkiesha Lara Pacis",2025-12-04,Female,"Barangay IX","City of Vigan",0,2026-04-03T07:12:03.68234+00:00,REVIEW (Name variation with same DOB)
FUZZY_VARIATION,FUZZY-GRP-277,307882,"Uclos, Arkiesha Lora Pacis",2025-12-04,Female,"Barangay IX","City of Vigan",0,2026-09-27T01:53:20.862627+00:00,REVIEW (Name variation with same DOB)
FUZZY_VARIATION,FUZZY-GRP-278,62279,"Agcarao, Aleili Sabado",1978-01-19,Female,"Barangay IX","City of Vigan",0,2026-04-03T07:12:03.68234+00:00,REVIEW (Name variation with same DOB)
FUZZY_VARIATION,FUZZY-GRP-278,93837,"AGCARAO ALELIE SABADO",1978-01-19,Female,"Barangay IX","City of Vigan",0,2026-05-08T13:45:50.366595+00:00,REVIEW (Name variation with same DOB)
FUZZY_VARIATION,FUZZY-GRP-279,306665,"TALINGDAN ADRYLL JAZZ CALLANO",2025-09-12,Male,"Camanggaan","City of Vigan",0,2026-09-26T21:17:31.5077+00:00,REVIEW (Name variation with same DOB)
FUZZY_VARIATION,FUZZY-GRP-279,329274,"Talingdan, Adryll Jaze Calano",2025-09-12,Male,"Camanggaan","City of Vigan",0,2026-10-01T13:38:03.636764+00:00,REVIEW (Name variation with same DOB)
FUZZY_VARIATION,FUZZY-GRP-280,136267,"Atendido, Jovelyne Adriatico",2012-01-25,Female,"San Julian Norte","City of Vigan",0,2026-05-24T00:51:15.835019+00:00,REVIEW (Name variation with same DOB)
FUZZY_VARIATION,FUZZY-GRP-280,137394,"ATENDIDO, JOVELYN ADRIATICO",2012-01-25,Female,"San Julian Norte","City of Vigan",0,2026-05-24T00:51:20.01736+00:00,REVIEW (Name variation with same DOB)
FUZZY_VARIATION,FUZZY-GRP-281,62298,"Ni�o, Romeo Castro",1962-08-18,Male,"Barangay IX","City of Vigan",0,2026-04-03T07:12:03.68234+00:00,REVIEW (Name variation with same DOB)
FUZZY_VARIATION,FUZZY-GRP-281,254839,"Ni?, Romeo Castro",1962-08-18,Male,"Barangay IX","City of Vigan",0,2026-07-21T23:57:22.633928+00:00,REVIEW (Name variation with same DOB)
FUZZY_VARIATION,FUZZY-GRP-282,62301,"Gallardo, Caitlheen Andrea Rabara",2018-12-22,Female,"Barangay IX","City of Vigan",0,2026-04-03T07:12:03.68234+00:00,REVIEW (Name variation with same DOB)
FUZZY_VARIATION,FUZZY-GRP-282,93787,"GALLARDO CAITHLEEN ANDREA RABARA",2018-12-22,Female,"Barangay IX","City of Vigan",0,2026-05-08T13:45:50.366595+00:00,REVIEW (Name variation with same DOB)
FUZZY_VARIATION,FUZZY-GRP-283,62302,"Neme�o, Isidra Solon",1962-05-14,Female,"Barangay IX","City of Vigan",0,2026-04-03T07:12:03.68234+00:00,REVIEW (Name variation with same DOB)
FUZZY_VARIATION,FUZZY-GRP-283,254840,"Neme?, Isidra Solon",1962-05-14,Female,"Barangay IX","City of Vigan",0,2026-07-21T23:57:22.633928+00:00,REVIEW (Name variation with same DOB)
FUZZY_VARIATION,FUZZY-GRP-284,62307,"Casta�eda, Krysen Patrice Moreno",2003-12-10,Female,"Barangay IX","City of Vigan",0,2026-04-03T07:12:03.68234+00:00,REVIEW (Name variation with same DOB)
FUZZY_VARIATION,FUZZY-GRP-284,92133,"Castaneda, Krysen Patrice Moreno",2003-12-10,Female,"Barangay IX","City of Vigan",0,2026-05-08T08:18:16.701418+00:00,REVIEW (Name variation with same DOB)
FUZZY_VARIATION,FUZZY-GRP-285,62323,"Igot, Reyn Jan Paiste",2024-04-12,Male,"Barangay IX","City of Vigan",0,2026-04-03T07:12:03.68234+00:00,REVIEW (Name variation with same DOB)
FUZZY_VARIATION,FUZZY-GRP-285,307941,"Igot, Reyn John Paiste",2024-04-12,Male,"Barangay IX","City of Vigan",0,2026-09-27T01:53:20.862627+00:00,REVIEW (Name variation with same DOB)
FUZZY_VARIATION,FUZZY-GRP-286,62339,"Toribio, Linda Maguddayao",1949-12-08,Female,"Barangay IX","City of Vigan",0,2026-04-03T07:12:03.68234+00:00,REVIEW (Name variation with same DOB)
FUZZY_VARIATION,FUZZY-GRP-286,93785,"TURIBIO LINDA MAGUDDAYAO",1949-12-08,Female,"Barangay IX","City of Vigan",0,2026-05-08T13:45:50.366595+00:00,REVIEW (Name variation with same DOB)
FUZZY_VARIATION,FUZZY-GRP-287,62340,"Doria, Ethan Franco Quines",2020-03-06,Male,"Barangay IX","City of Vigan",0,2026-04-03T07:12:03.68234+00:00,REVIEW (Name variation with same DOB)
FUZZY_VARIATION,FUZZY-GRP-287,92641,"DORIA ETAN FRANKCO QUINES",2020-03-06,Male,"Barangay IX","City of Vigan",0,2026-05-08T08:18:18.550708+00:00,REVIEW (Name variation with same DOB)
FUZZY_VARIATION,FUZZY-GRP-288,131036,"Retuerne, Rosalio Abigania",1960-09-04,Male,"San Pedro","City of Vigan",0,2026-05-22T21:06:18.698842+00:00,REVIEW (Name variation with same DOB)
FUZZY_VARIATION,FUZZY-GRP-288,220107,"Retuerne, Rosalillo Abigania",1960-09-04,Male,"San Pedro","City of Vigan",0,2026-06-23T19:39:54.987717+00:00,REVIEW (Name variation with same DOB)
FUZZY_VARIATION,FUZZY-GRP-289,62356,"Adriatico, Ronie Badiola",1969-02-04,Male,"Barangay IX","City of Vigan",0,2026-04-03T07:12:03.68234+00:00,REVIEW (Name variation with same DOB)
FUZZY_VARIATION,FUZZY-GRP-289,92744,"ADRIATICO RONNIE BADIOLA",1969-02-04,Male,"Barangay IX","City of Vigan",0,2026-05-08T08:18:18.550708+00:00,REVIEW (Name variation with same DOB)
FUZZY_VARIATION,FUZZY-GRP-290,96366,"Abellon, Jonalyn Mae Petate",2007-04-24,Female,"Capangpangan","City of Vigan",0,2026-05-09T05:10:19.26877+00:00,REVIEW (Name variation with same DOB)
FUZZY_VARIATION,FUZZY-GRP-290,96995,"ABELLON, JONALYN MAE PELATE",2007-04-24,Female,"Capangpangan","City of Vigan",0,2026-05-09T05:10:20.6829+00:00,REVIEW (Name variation with same DOB)
FUZZY_VARIATION,FUZZY-GRP-291,62369,"Pimentel, Glydie Ann Liberato",1997-05-12,Female,"Barangay IX","City of Vigan",0,2026-04-03T07:12:03.68234+00:00,REVIEW (Name variation with same DOB)
FUZZY_VARIATION,FUZZY-GRP-291,93716,"PIMENTEL GLAYDIE ANN LIBERATO",1997-05-12,Female,"Barangay IX","City of Vigan",0,2026-05-08T13:45:50.366595+00:00,REVIEW (Name variation with same DOB)
FUZZY_VARIATION,FUZZY-GRP-292,62384,"Gumasing, Gines Agapito",1968-04-20,Female,"Barangay IX","City of Vigan",0,2026-04-03T07:12:03.68234+00:00,REVIEW (Name variation with same DOB)
FUZZY_VARIATION,FUZZY-GRP-292,92496,"GUMAZING GINES AGAPITO",1968-04-20,Male,"Barangay IX","City of Vigan",0,2026-05-08T08:18:18.550708+00:00,REVIEW (Name variation with same DOB)
FUZZY_VARIATION,FUZZY-GRP-293,62391,"Farinas, Teresa Fortuna",1951-06-17,Female,"Barangay IX","City of Vigan",0,2026-04-03T07:12:03.68234+00:00,REVIEW (Name variation with same DOB)
FUZZY_VARIATION,FUZZY-GRP-293,93678,"FARI?AS TERESA FORTUNA",1951-06-17,Female,"Barangay IX","City of Vigan",0,2026-05-08T13:45:50.366595+00:00,REVIEW (Name variation with same DOB)
FUZZY_VARIATION,FUZZY-GRP-294,62405,"Salazar, Jairo Jaxen Cariaga",2024-12-07,Male,"Barangay IX","City of Vigan",3,2026-04-03T07:12:03.68234+00:00,REVIEW (Name variation with same DOB)
FUZZY_VARIATION,FUZZY-GRP-294,307952,"Salazar, Jairo Jaxen Carriaga",2024-12-07,Male,"Barangay IX","City of Vigan",0,2026-09-27T01:53:20.862627+00:00,REVIEW (Name variation with same DOB)
FUZZY_VARIATION,FUZZY-GRP-295,254088,"Salazar, Jairo Jaxen, Cariaga",2024-12-07,Male,"Barangay IX","City of Vigan",1,2026-07-21T12:25:15.725005+00:00,REVIEW (Name variation with same DOB)
FUZZY_VARIATION,FUZZY-GRP-295,307952,"Salazar, Jairo Jaxen Carriaga",2024-12-07,Male,"Barangay IX","City of Vigan",0,2026-09-27T01:53:20.862627+00:00,REVIEW (Name variation with same DOB)
FUZZY_VARIATION,FUZZY-GRP-296,62417,"De La Cruz, Christine Joy Carmelo",2003-03-13,Female,"Barangay IX","City of Vigan",0,2026-04-03T07:12:03.68234+00:00,REVIEW (Name variation with same DOB)
FUZZY_VARIATION,FUZZY-GRP-296,92309,"Dela Cruz, Christine Joy Carmelo",2003-03-13,Female,"Barangay IX","City of Vigan",0,2026-05-08T08:18:16.701418+00:00,REVIEW (Name variation with same DOB)
FUZZY_VARIATION,FUZZY-GRP-297,91965,"Qui�ola, Lenisa Arida",1968-03-05,Female,"Barangay IX","City of Vigan",0,2026-05-08T08:18:16.701418+00:00,REVIEW (Name variation with same DOB)
FUZZY_VARIATION,FUZZY-GRP-297,93821,"QUINOLA LENISA ARIDA",1968-03-05,Female,"Barangay IX","City of Vigan",0,2026-05-08T13:45:50.366595+00:00,REVIEW (Name variation with same DOB)
FUZZY_VARIATION,FUZZY-GRP-298,91974,"Pineda, Ginnarose Agbannaoag",1979-07-28,Female,"Barangay IX","City of Vigan",0,2026-05-08T08:18:16.701418+00:00,REVIEW (Name variation with same DOB)
FUZZY_VARIATION,FUZZY-GRP-298,93852,"PINEDA GINAROSE AGBANNAOG",1979-07-28,Female,"Barangay IX","City of Vigan",0,2026-05-08T13:45:50.366595+00:00,REVIEW (Name variation with same DOB)
FUZZY_VARIATION,FUZZY-GRP-299,91984,"Navarro, Carmen Brasuela",1949-07-13,Female,"Barangay IX","City of Vigan",0,2026-05-08T08:18:16.701418+00:00,REVIEW (Name variation with same DOB)
FUZZY_VARIATION,FUZZY-GRP-299,93713,"NAVARRO CARMEN BARASUELA",1949-07-13,Female,"Barangay IX","City of Vigan",0,2026-05-08T13:45:50.366595+00:00,REVIEW (Name variation with same DOB)
FUZZY_VARIATION,FUZZY-GRP-300,91997,"Lacaden, Melicia Pitong",1951-04-02,Female,"Barangay IX","City of Vigan",0,2026-05-08T08:18:16.701418+00:00,REVIEW (Name variation with same DOB)
FUZZY_VARIATION,FUZZY-GRP-300,93699,"LACADEN MELECIA PITONG",1951-04-02,Female,"Barangay IX","City of Vigan",0,2026-05-08T13:45:50.366595+00:00,REVIEW (Name variation with same DOB)
FUZZY_VARIATION,FUZZY-GRP-301,92067,"Suero, Cresencia Llanes",1948-06-15,Female,"Barangay IX","City of Vigan",0,2026-05-08T08:18:16.701418+00:00,REVIEW (Name variation with same DOB)
FUZZY_VARIATION,FUZZY-GRP-301,93802,"SUERO CRESENSIA LLANEZ",1948-06-15,Female,"Barangay IX","City of Vigan",0,2026-05-08T13:45:50.366595+00:00,REVIEW (Name variation with same DOB)
FUZZY_VARIATION,FUZZY-GRP-302,97176,"LEE, KRISTOFFER KILVIN AIBA",1991-02-28,Male,"Capangpangan","City of Vigan",0,2026-05-09T06:15:25.279506+00:00,REVIEW (Name variation with same DOB)
FUZZY_VARIATION,FUZZY-GRP-302,306828,"Lee, Kristoffer Kelvin Alba",1991-02-28,Male,"Capangpangan","City of Vigan",0,2026-09-27T00:55:21.790398+00:00,REVIEW (Name variation with same DOB)
FUZZY_VARIATION,FUZZY-GRP-303,92873,"GASCON ARGEL RAFAEL REYNON",2015-10-21,Male,"Barangay IX","City of Vigan",0,2026-05-08T08:18:18.550708+00:00,REVIEW (Name variation with same DOB)
FUZZY_VARIATION,FUZZY-GRP-303,137885,"GASCON, ARGEL RAPHAEL REYNON",2015-10-21,Male,"San Julian Norte","City of Vigan",0,2026-05-24T00:51:21.663972+00:00,REVIEW (Name variation with same DOB)
FUZZY_VARIATION,FUZZY-GRP-304,99270,"Esller, Richelle Anne Ipac",1998-08-04,Female,"Cabalangegan","City of Vigan",0,2026-05-10T10:30:04.352709+00:00,REVIEW (Name variation with same DOB)
FUZZY_VARIATION,FUZZY-GRP-304,308500,"ESLLER, RICHELLE ANN IPAC",1998-08-04,Female,"Cabalangegan","City of Vigan",0,2026-09-27T02:18:12.589294+00:00,REVIEW (Name variation with same DOB)
FUZZY_VARIATION,FUZZY-GRP-305,131285,"Abuel, Cherie Mey Amanonce",2010-07-27,Female,"San Pedro","City of Vigan",0,2026-05-22T21:06:18.698842+00:00,REVIEW (Name variation with same DOB)
FUZZY_VARIATION,FUZZY-GRP-305,219934,"Abuel, Cherie May Amanonce",2010-07-27,Female,"San Pedro","City of Vigan",0,2026-06-23T19:39:09.228885+00:00,REVIEW (Name variation with same DOB)
FUZZY_VARIATION,FUZZY-GRP-306,92187,"Salazar, Jan Nathalyn Laureta",2012-01-05,Female,"Barangay IX","City of Vigan",0,2026-05-08T08:18:16.701418+00:00,REVIEW (Name variation with same DOB)
FUZZY_VARIATION,FUZZY-GRP-306,92846,"SALAZAR JANE NATHALYN LAURETA",2012-01-05,Male,"Barangay IX","City of Vigan",0,2026-05-08T08:18:18.550708+00:00,REVIEW (Name variation with same DOB)
FUZZY_VARIATION,FUZZY-GRP-307,95218,"Amano, Macrey Dela Cruz",2013-07-03,Male,"San Julian Norte","City of Vigan",0,2026-05-08T20:21:22.260199+00:00,REVIEW (Name variation with same DOB)
FUZZY_VARIATION,FUZZY-GRP-307,137570,"AMANO, MAC REY DELA CRUZ",2013-07-03,Male,"San Julian Norte","City of Vigan",0,2026-05-24T00:51:20.01736+00:00,REVIEW (Name variation with same DOB)
FUZZY_VARIATION,FUZZY-GRP-308,92195,"Qui�ola, Joana Marie Arida",1993-01-24,Female,"Barangay IX","City of Vigan",0,2026-05-08T08:18:16.701418+00:00,REVIEW (Name variation with same DOB)
FUZZY_VARIATION,FUZZY-GRP-308,93822,"QUINOLA JOANA MARIE ARIDA",1993-01-24,Female,"Barangay IX","City of Vigan",0,2026-05-08T13:45:50.366595+00:00,REVIEW (Name variation with same DOB)
FUZZY_VARIATION,FUZZY-GRP-309,92200,"Pacis, Mary Joy Lucero",2023-04-11,Female,"Barangay IX","City of Vigan",0,2026-05-08T08:18:16.701418+00:00,REVIEW (Name variation with same DOB)
FUZZY_VARIATION,FUZZY-GRP-309,92569,"PACIS MARK JOY LUCERO",2023-04-11,Male,"Barangay IX","City of Vigan",0,2026-05-08T08:18:18.550708+00:00,REVIEW (Name variation with same DOB)
FUZZY_VARIATION,FUZZY-GRP-310,92202,"Noriega, Corazon Puerto",1952-12-06,Female,"Barangay IX","City of Vigan",0,2026-05-08T08:18:16.701418+00:00,REVIEW (Name variation with same DOB)
FUZZY_VARIATION,FUZZY-GRP-310,93880,"NORIEGA CORAZON FUERTO",1952-12-06,Female,"Barangay IX","City of Vigan",0,2026-05-08T13:45:50.366595+00:00,REVIEW (Name variation with same DOB)
FUZZY_VARIATION,FUZZY-GRP-311,92407,"ALVIEDO LUCAS JAMES TALINDAN",2022-05-19,Male,"Barangay IX","City of Vigan",0,2026-05-08T08:18:16.701418+00:00,REVIEW (Name variation with same DOB)
FUZZY_VARIATION,FUZZY-GRP-311,254049,"Alviedo, Lucas James Talingdan",2022-05-19,Male,"Barangay IX","City of Vigan",0,2026-07-21T12:25:15.725005+00:00,REVIEW (Name variation with same DOB)
FUZZY_VARIATION,FUZZY-GRP-312,92246,"Alcantara, Jenny Herrera",2009-02-03,Female,"Barangay IX","City of Vigan",0,2026-05-08T08:18:16.701418+00:00,REVIEW (Name variation with same DOB)
FUZZY_VARIATION,FUZZY-GRP-312,93726,"ALCANTARA JENY HERRERA",2009-02-03,Female,"Barangay IX","City of Vigan",0,2026-05-08T13:45:50.366595+00:00,REVIEW (Name variation with same DOB)
FUZZY_VARIATION,FUZZY-GRP-313,92327,"Arce, Andrea Louise Vergara",2022-06-13,Female,"Barangay IX","City of Vigan",0,2026-05-08T08:18:16.701418+00:00,REVIEW (Name variation with same DOB)
FUZZY_VARIATION,FUZZY-GRP-313,307985,"Arce, Andrea Louise Vergarra",2022-06-13,Female,"Barangay IX","City of Vigan",0,2026-09-27T01:53:20.862627+00:00,REVIEW (Name variation with same DOB)
FUZZY_VARIATION,FUZZY-GRP-314,92333,"Alviedo, Kezia Loise Baclig",2021-02-14,Female,"Barangay IX","City of Vigan",0,2026-05-08T08:18:16.701418+00:00,REVIEW (Name variation with same DOB)
FUZZY_VARIATION,FUZZY-GRP-314,93754,"ALVIEDO KESIA LOIS BACLIG",2021-02-14,Female,"Barangay IX","City of Vigan",0,2026-05-08T13:45:50.366595+00:00,REVIEW (Name variation with same DOB)
FUZZY_VARIATION,FUZZY-GRP-315,92360,"Arcellana, Keene Fleuria, Bigornia",2024-11-06,Female,"Barangay IX","City of Vigan",0,2026-05-08T08:18:16.701418+00:00,REVIEW (Name variation with same DOB)
FUZZY_VARIATION,FUZZY-GRP-315,307929,"Arcellana, Keene Flueria Bigornia",2024-11-06,Female,"Barangay IX","City of Vigan",0,2026-09-27T01:53:20.862627+00:00,REVIEW (Name variation with same DOB)
FUZZY_VARIATION,FUZZY-GRP-316,309102,"Palad, Jamaica Gumtang",2024-08-08,Female,"Nagsangalan","City of Vigan",0,2026-09-27T03:17:42.169983+00:00,REVIEW (Name variation with same DOB)
FUZZY_VARIATION,FUZZY-GRP-316,335866,"PALAD, JAMAICA GUMANTANG",2024-08-08,Female,"Nagsangalan","City of Vigan",0,2026-10-02T06:19:44.858483+00:00,REVIEW (Name variation with same DOB)
FUZZY_VARIATION,FUZZY-GRP-317,92367,"Cabuenas, Elijah Ame, Pineda",2024-01-29,Female,"Barangay IX","City of Vigan",0,2026-05-08T08:18:16.701418+00:00,REVIEW (Name variation with same DOB)
FUZZY_VARIATION,FUZZY-GRP-317,307948,"Cabuenas, Elijah Mae Pineda",2024-01-29,Female,"Barangay IX","City of Vigan",0,2026-09-27T01:53:20.862627+00:00,REVIEW (Name variation with same DOB)
FUZZY_VARIATION,FUZZY-GRP-318,94370,"Iba�ez, Lovely Ipac",2006-03-24,Female,"San Julian Norte","City of Vigan",0,2026-05-08T18:24:16.445145+00:00,REVIEW (Name variation with same DOB)
FUZZY_VARIATION,FUZZY-GRP-318,94948,"Ibanez, Lovely Ipac",2006-03-24,Female,"San Julian Norte","City of Vigan",0,2026-05-08T20:21:22.260199+00:00,REVIEW (Name variation with same DOB)
FUZZY_VARIATION,FUZZY-GRP-319,94370,"Iba�ez, Lovely Ipac",2006-03-24,Female,"San Julian Norte","City of Vigan",0,2026-05-08T18:24:16.445145+00:00,REVIEW (Name variation with same DOB)
FUZZY_VARIATION,FUZZY-GRP-319,138125,"Iba?ez, Lovely Ipac",2006-03-24,Female,"San Julian Norte","City of Vigan",0,2026-05-24T02:19:51.101348+00:00,REVIEW (Name variation with same DOB)
FUZZY_VARIATION,FUZZY-GRP-320,94948,"Ibanez, Lovely Ipac",2006-03-24,Female,"San Julian Norte","City of Vigan",0,2026-05-08T20:21:22.260199+00:00,REVIEW (Name variation with same DOB)
FUZZY_VARIATION,FUZZY-GRP-320,138125,"Iba?ez, Lovely Ipac",2006-03-24,Female,"San Julian Norte","City of Vigan",0,2026-05-24T02:19:51.101348+00:00,REVIEW (Name variation with same DOB)
FUZZY_VARIATION,FUZZY-GRP-321,92405,"PUNIO JULIUS DINAMLING",1984-12-24,Male,"Barangay IX","City of Vigan",0,2026-05-08T08:18:16.701418+00:00,REVIEW (Name variation with same DOB)
FUZZY_VARIATION,FUZZY-GRP-321,253974,"Puno, Julius Dinamling",1984-12-24,Male,"Barangay IX","City of Vigan",0,2026-07-21T12:25:15.725005+00:00,REVIEW (Name variation with same DOB)
FUZZY_VARIATION,FUZZY-GRP-322,136051,"PAGALANAN, TEEJAY",2023-01-22,Male,"San Julian Norte","City of Vigan",0,2026-05-24T00:51:13.425653+00:00,REVIEW (Name variation with same DOB)
FUZZY_VARIATION,FUZZY-GRP-322,306097,"PAGALANAN,TEEJAY V.",2023-01-22,Male,"San Julian Norte","City of Vigan",0,2026-09-26T17:03:58.134301+00:00,REVIEW (Name variation with same DOB)
FUZZY_VARIATION,FUZZY-GRP-323,136139,"JAVIER, ZANE ARMIE",2023-01-22,Female,"San Julian Norte","City of Vigan",0,2026-05-24T00:51:13.425653+00:00,REVIEW (Name variation with same DOB)
FUZZY_VARIATION,FUZZY-GRP-323,306060,"JAVIER,ZANE ARMIE P.",2023-01-22,Female,"San Julian Norte","City of Vigan",0,2026-09-26T17:03:58.134301+00:00,REVIEW (Name variation with same DOB)
FUZZY_VARIATION,FUZZY-GRP-324,254787,"Abalos, Aleigna Jamis",2023-04-24,Female,"Cabaroan Laud","City of Vigan",0,2026-07-21T14:47:36.352464+00:00,REVIEW (Name variation with same DOB)
FUZZY_VARIATION,FUZZY-GRP-324,310416,"Abalos, Aleigna Jamis A.",2023-04-24,Female,"Cabaroan Laud","City of Vigan",0,2026-09-27T07:44:45.615861+00:00,REVIEW (Name variation with same DOB)
FUZZY_VARIATION,FUZZY-GRP-325,93308,"Rosario, Jennifer Agup",1977-03-30,Female,"San Pedro","City of Vigan",0,2026-05-08T13:27:21.219826+00:00,REVIEW (Name variation with same DOB)
FUZZY_VARIATION,FUZZY-GRP-325,219874,"Rosario, Jenifer Agup",1977-03-30,Female,"San Pedro","City of Vigan",0,2026-06-23T19:39:09.228885+00:00,REVIEW (Name variation with same DOB)
FUZZY_VARIATION,FUZZY-GRP-326,92627,"PACIS MEL ARTIENDA",2008-09-19,Male,"Barangay IX","City of Vigan",0,2026-05-08T08:18:18.550708+00:00,REVIEW (Name variation with same DOB)
FUZZY_VARIATION,FUZZY-GRP-326,92628,"PACIS NOEL ARTIENDA",2008-09-19,Male,"Barangay IX","City of Vigan",0,2026-05-08T08:18:18.550708+00:00,REVIEW (Name variation with same DOB)
FUZZY_VARIATION,FUZZY-GRP-327,131077,"Altarejos, Rodel Pinto",1986-04-08,Male,"San Pedro","City of Vigan",0,2026-05-22T21:06:18.698842+00:00,REVIEW (Name variation with same DOB)
FUZZY_VARIATION,FUZZY-GRP-327,220278,"Altarejos, Ruel Pinto",1986-04-08,Male,"San Pedro","City of Vigan",0,2026-06-23T19:39:54.987717+00:00,REVIEW (Name variation with same DOB)
FUZZY_VARIATION,FUZZY-GRP-328,93234,"Pinto, Irenea Quiba",1978-01-11,Female,"San Pedro","City of Vigan",0,2026-05-08T13:27:21.219826+00:00,REVIEW (Name variation with same DOB)
FUZZY_VARIATION,FUZZY-GRP-328,219777,"Pinto, Irene Quiba",1978-01-11,Female,"San Pedro","City of Vigan",0,2026-06-23T19:39:09.228885+00:00,REVIEW (Name variation with same DOB)
FUZZY_VARIATION,FUZZY-GRP-329,92950,"Magno, Joymie Gonzaga",2001-02-14,Female,"San Pedro","City of Vigan",0,2026-05-08T08:33:39.053689+00:00,REVIEW (Name variation with same DOB)
FUZZY_VARIATION,FUZZY-GRP-329,220143,"Magno, Jaymiie Gonzaga",2001-02-14,Female,"San Pedro","City of Vigan",0,2026-06-23T19:39:54.987717+00:00,REVIEW (Name variation with same DOB)
FUZZY_VARIATION,FUZZY-GRP-330,93243,"Valencia, Honeygirl Rosario",1989-09-16,Female,"San Pedro","City of Vigan",0,2026-05-08T13:27:21.219826+00:00,REVIEW (Name variation with same DOB)
FUZZY_VARIATION,FUZZY-GRP-330,219617,"Valencia, Honey Girl Rosario",1989-09-16,Female,"San Pedro","City of Vigan",0,2026-06-23T19:39:09.228885+00:00,REVIEW (Name variation with same DOB)
FUZZY_VARIATION,FUZZY-GRP-331,93266,"Magno, Gabrielle Alyiah Ferolino",2022-01-24,Female,"San Pedro","City of Vigan",0,2026-05-08T13:27:21.219826+00:00,REVIEW (Name variation with same DOB)
FUZZY_VARIATION,FUZZY-GRP-331,337486,"Magno, Gaberielle Alyiah Ferolino",2022-01-24,Female,"San Pedro","City of Vigan",0,2026-10-03T23:07:01.768533+00:00,REVIEW (Name variation with same DOB)
FUZZY_VARIATION,FUZZY-GRP-332,94494,"Bri�es, Arnold Tolentino",1988-07-20,Male,"San Julian Norte","City of Vigan",0,2026-05-08T18:24:16.445145+00:00,REVIEW (Name variation with same DOB)
FUZZY_VARIATION,FUZZY-GRP-332,136516,"BRINES, ARNOLD TOLENTINO",1988-07-20,Male,"San Julian Norte","City of Vigan",0,2026-05-24T00:51:15.835019+00:00,REVIEW (Name variation with same DOB)
FUZZY_VARIATION,FUZZY-GRP-333,94494,"Bri�es, Arnold Tolentino",1988-07-20,Male,"San Julian Norte","City of Vigan",0,2026-05-08T18:24:16.445145+00:00,REVIEW (Name variation with same DOB)
FUZZY_VARIATION,FUZZY-GRP-333,138121,"Bri?es, Arnold Tolentino",1988-07-20,Male,"San Julian Norte","City of Vigan",0,2026-05-24T02:19:51.101348+00:00,REVIEW (Name variation with same DOB)
FUZZY_VARIATION,FUZZY-GRP-334,136516,"BRINES, ARNOLD TOLENTINO",1988-07-20,Male,"San Julian Norte","City of Vigan",0,2026-05-24T00:51:15.835019+00:00,REVIEW (Name variation with same DOB)
FUZZY_VARIATION,FUZZY-GRP-334,138121,"Bri?es, Arnold Tolentino",1988-07-20,Male,"San Julian Norte","City of Vigan",0,2026-05-24T02:19:51.101348+00:00,REVIEW (Name variation with same DOB)
FUZZY_VARIATION,FUZZY-GRP-335,93271,"Pinto, Magilyn Abellera",1977-10-10,Female,"San Pedro","City of Vigan",0,2026-05-08T13:27:21.219826+00:00,REVIEW (Name variation with same DOB)
FUZZY_VARIATION,FUZZY-GRP-335,219653,"Pinto, Magelyn Abellera",1977-10-10,Female,"San Pedro","City of Vigan",0,2026-06-23T19:39:09.228885+00:00,REVIEW (Name variation with same DOB)
FUZZY_VARIATION,FUZZY-GRP-336,93303,"Purugganan, Avelina Agapinan",1966-01-14,Female,"San Pedro","City of Vigan",0,2026-05-08T13:27:21.219826+00:00,REVIEW (Name variation with same DOB)
FUZZY_VARIATION,FUZZY-GRP-336,220188,"Purugganan, Aveina Agapinan",1966-01-14,Female,"San Pedro","City of Vigan",0,2026-06-23T19:39:54.987717+00:00,REVIEW (Name variation with same DOB)
FUZZY_VARIATION,FUZZY-GRP-337,93312,"Aludino, Jocelyn Marquez",1978-01-20,Female,"San Pedro","City of Vigan",0,2026-05-08T13:27:21.219826+00:00,REVIEW (Name variation with same DOB)
FUZZY_VARIATION,FUZZY-GRP-337,219908,"Aludino, Jocelyn Marques",1978-01-20,Female,"San Pedro","City of Vigan",0,2026-06-23T19:39:09.228885+00:00,REVIEW (Name variation with same DOB)
FUZZY_VARIATION,FUZZY-GRP-338,93313,"Aludino, Nathara Marquez",2019-12-05,Female,"San Pedro","City of Vigan",0,2026-05-08T13:27:21.219826+00:00,REVIEW (Name variation with same DOB)
FUZZY_VARIATION,FUZZY-GRP-338,219911,"Aludino, Nathara Marques",2019-12-05,Female,"San Pedro","City of Vigan",0,2026-06-23T19:39:09.228885+00:00,REVIEW (Name variation with same DOB)
FUZZY_VARIATION,FUZZY-GRP-339,93315,"Aludino, Jamaica Raposas",2020-08-30,Female,"San Pedro","City of Vigan",0,2026-05-08T13:27:21.219826+00:00,REVIEW (Name variation with same DOB)
FUZZY_VARIATION,FUZZY-GRP-339,219919,"Aludino, Jaimaca Raposas",2020-08-30,Female,"San Pedro","City of Vigan",0,2026-06-23T19:39:09.228885+00:00,REVIEW (Name variation with same DOB)
FUZZY_VARIATION,FUZZY-GRP-340,99612,"Pisalbo, Aliyah Rochelle Pizarro",2020-12-19,Female,"San Jose","City of Vigan",0,2026-05-10T13:36:01.112343+00:00,REVIEW (Name variation with same DOB)
FUZZY_VARIATION,FUZZY-GRP-340,307254,"PISALBO, ALIYAH ROCHELLE PIZARO",2020-12-19,Female,"San Jose","City of Vigan",0,2026-09-27T01:49:05.655683+00:00,REVIEW (Name variation with same DOB)
FUZZY_VARIATION,FUZZY-GRP-341,93322,"Magno, Ma Teodorica Clareth Redoble",1994-10-24,Female,"San Pedro","City of Vigan",0,2026-05-08T13:27:21.219826+00:00,REVIEW (Name variation with same DOB)
FUZZY_VARIATION,FUZZY-GRP-341,220155,"Magno, Ma.Theodorica Clareth Redodble",1994-10-24,Female,"San Pedro","City of Vigan",0,2026-06-23T19:39:54.987717+00:00,REVIEW (Name variation with same DOB)
FUZZY_VARIATION,FUZZY-GRP-342,93339,"Carbonel, Cathlene Tabangcura",2000-04-30,Female,"San Pedro","City of Vigan",0,2026-05-08T13:27:21.219826+00:00,REVIEW (Name variation with same DOB)
FUZZY_VARIATION,FUZZY-GRP-342,219836,"Carbonel, Catheline Tabangcura",2000-04-30,Female,"San Pedro","City of Vigan",0,2026-06-23T19:39:09.228885+00:00,REVIEW (Name variation with same DOB)
FUZZY_VARIATION,FUZZY-GRP-343,308568,"Dela Cruz, Chloie Faye Yago",2021-10-21,Female,"Barangay VII","City of Vigan",0,2026-09-27T02:29:08.993192+00:00,REVIEW (Name variation with same DOB)
FUZZY_VARIATION,FUZZY-GRP-343,317549,"DELA CRUZ, CHOE FAYE YAGO",2021-10-21,Female,"Barangay VII","City of Vigan",0,2026-09-28T13:16:39.771769+00:00,REVIEW (Name variation with same DOB)
FUZZY_VARIATION,FUZZY-GRP-344,93380,"Dela Cruz, Linzen Jazzly Onza",2007-01-10,Female,"San Pedro","City of Vigan",0,2026-05-08T13:27:21.219826+00:00,REVIEW (Name variation with same DOB)
FUZZY_VARIATION,FUZZY-GRP-344,219648,"De La Cruz, Linzen Jazzly Onza",2007-01-10,Female,"San Pedro","City of Vigan",0,2026-06-23T19:39:09.228885+00:00,REVIEW (Name variation with same DOB)
FUZZY_VARIATION,FUZZY-GRP-345,93402,"Agapinan, Manny Panela",1983-12-30,Male,"San Pedro","City of Vigan",0,2026-05-08T13:27:21.219826+00:00,REVIEW (Name variation with same DOB)
FUZZY_VARIATION,FUZZY-GRP-345,220098,"Agapinan, Manny Pamela",1983-12-30,Male,"San Pedro","City of Vigan",0,2026-06-23T19:39:54.987717+00:00,REVIEW (Name variation with same DOB)
FUZZY_VARIATION,FUZZY-GRP-346,93404,"Agapinan, Leiam Tugade",2014-02-22,Male,"San Pedro","City of Vigan",0,2026-05-08T13:27:21.219826+00:00,REVIEW (Name variation with same DOB)
FUZZY_VARIATION,FUZZY-GRP-346,220101,"Agapinan, Liam Tugade",2014-02-22,Male,"San Pedro","City of Vigan",0,2026-06-23T19:39:54.987717+00:00,REVIEW (Name variation with same DOB)
FUZZY_VARIATION,FUZZY-GRP-347,306694,"VALEZA, CHASE AARON RABO",2024-09-08,Male,"Cabalangegan","City of Vigan",0,2026-09-27T00:36:35.948237+00:00,REVIEW (Name variation with same DOB)
FUZZY_VARIATION,FUZZY-GRP-347,316721,"Valeza, Chase Agion Rabo",2024-09-08,Male,"Mindoro","City of Vigan",0,2026-09-28T11:35:52.520864+00:00,REVIEW (Name variation with same DOB)
FUZZY_VARIATION,FUZZY-GRP-348,93430,"Rosario, Agustin Aludino",1944-05-05,Male,"San Pedro","City of Vigan",0,2026-05-08T13:27:21.219826+00:00,REVIEW (Name variation with same DOB)
FUZZY_VARIATION,FUZZY-GRP-348,219877,"Rosario, Augustin  Aludino",1944-05-05,Male,"San Pedro","City of Vigan",0,2026-06-23T19:39:09.228885+00:00,REVIEW (Name variation with same DOB)
FUZZY_VARIATION,FUZZY-GRP-349,93434,"Agapinan, Rendel Paulo Pido",2006-06-09,Male,"San Pedro","City of Vigan",0,2026-05-08T13:27:21.219826+00:00,REVIEW (Name variation with same DOB)
FUZZY_VARIATION,FUZZY-GRP-349,219738,"Agapinan, Randel Paulo Pido",2006-06-09,Male,"San Pedro","City of Vigan",0,2026-06-23T19:39:09.228885+00:00,REVIEW (Name variation with same DOB)
FUZZY_VARIATION,FUZZY-GRP-350,93453,"Paiste, Dominick Jacob Amanonce",2015-04-29,Male,"San Pedro","City of Vigan",0,2026-05-08T13:27:21.219826+00:00,REVIEW (Name variation with same DOB)
FUZZY_VARIATION,FUZZY-GRP-350,220291,"Paiste, Dominic Jacob Amanonce",2015-04-29,Male,"San Pedro","City of Vigan",0,2026-06-23T19:39:54.987717+00:00,REVIEW (Name variation with same DOB)
FUZZY_VARIATION,FUZZY-GRP-351,306662,"ABLIDAS SACHARIAH ZAECHAEUS QUINSAY",2025-02-02,Male,"Camanggaan","City of Vigan",0,2026-09-26T21:17:31.5077+00:00,REVIEW (Name variation with same DOB)
FUZZY_VARIATION,FUZZY-GRP-351,329347,"Ablidas, Zachariah Zacchaeus Quinsay",2025-02-02,Male,"Camanggaan","City of Vigan",0,2026-10-01T13:38:03.636764+00:00,REVIEW (Name variation with same DOB)
FUZZY_VARIATION,FUZZY-GRP-352,93490,"Pinto, Edwin Dela Cruz",1969-03-23,Male,"San Pedro","City of Vigan",0,2026-05-08T13:27:21.219826+00:00,REVIEW (Name variation with same DOB)
FUZZY_VARIATION,FUZZY-GRP-352,219657,"Pinto, Edwin De La Cruz",1969-03-23,Male,"San Pedro","City of Vigan",0,2026-06-23T19:39:09.228885+00:00,REVIEW (Name variation with same DOB)
FUZZY_VARIATION,FUZZY-GRP-353,95808,"AREOLA GIOVANI CALYX PINZON",2024-10-26,Male,"Purok-a-bassit","City of Vigan",0,2026-05-08T23:27:08.191258+00:00,REVIEW (Name variation with same DOB)
FUZZY_VARIATION,FUZZY-GRP-353,304486,"Areola, Giovanni Calyx Pinzon",2024-10-26,Male,"Purok-a-bassit","City of Vigan",0,2026-09-26T12:05:01.772409+00:00,REVIEW (Name variation with same DOB)
FUZZY_VARIATION,FUZZY-GRP-354,306630,"Natividad J L Areola",2024-10-26,Male,"Beddeng Daya","City of Vigan",0,2026-09-26T20:54:58.42556+00:00,REVIEW (Name variation with same DOB)
FUZZY_VARIATION,FUZZY-GRP-354,310023,"Natividad, Jl Areola",2024-10-26,Male,"Beddeng Daya","City of Vigan",0,2026-09-27T05:39:57.820199+00:00,REVIEW (Name variation with same DOB)
FUZZY_VARIATION,FUZZY-GRP-355,93503,"Bayubay, Bobby Rosario",1973-05-17,Male,"San Pedro","City of Vigan",0,2026-05-08T13:27:21.219826+00:00,REVIEW (Name variation with same DOB)
FUZZY_VARIATION,FUZZY-GRP-355,219800,"Bayubay, Bobbie Rosario",1973-05-17,Male,"San Pedro","City of Vigan",0,2026-06-23T19:39:09.228885+00:00,REVIEW (Name variation with same DOB)
FUZZY_VARIATION,FUZZY-GRP-356,93505,"Agapinan, John Michael Villaspir",1986-08-27,Male,"San Pedro","City of Vigan",0,2026-05-08T13:27:21.219826+00:00,REVIEW (Name variation with same DOB)
FUZZY_VARIATION,FUZZY-GRP-356,220167,"Agapinan, John Micheal Villaspir",1986-08-27,Male,"San Pedro","City of Vigan",0,2026-06-23T19:39:54.987717+00:00,REVIEW (Name variation with same DOB)
FUZZY_VARIATION,FUZZY-GRP-357,93509,"Dela Cruz, Ronald Pinto",1985-01-09,Male,"San Pedro","City of Vigan",0,2026-05-08T13:27:21.219826+00:00,REVIEW (Name variation with same DOB)
FUZZY_VARIATION,FUZZY-GRP-357,219639,"De La Cruz, Ronald Pinto",1985-01-09,Male,"San Pedro","City of Vigan",0,2026-06-23T19:39:09.228885+00:00,REVIEW (Name variation with same DOB)
FUZZY_VARIATION,FUZZY-GRP-358,93510,"Dela Cruz, Carlito Altid",1952-09-11,Male,"San Pedro","City of Vigan",0,2026-05-08T13:27:21.219826+00:00,REVIEW (Name variation with same DOB)
FUZZY_VARIATION,FUZZY-GRP-358,219637,"De La Cruz, Carlito Altid",1952-09-11,Male,"San Pedro","City of Vigan",0,2026-06-23T19:39:09.228885+00:00,REVIEW (Name variation with same DOB)
FUZZY_VARIATION,FUZZY-GRP-359,158517,"Dagupion Shayla Zia Sanchez",2023-08-14,Female,"Purok-a-dackel","City of Vigan",0,2026-05-31T08:17:04.191472+00:00,REVIEW (Name variation with same DOB)
FUZZY_VARIATION,FUZZY-GRP-359,304522,"Dagupion, Shaylei Zia Sanchez",2023-08-14,Female,"Purok-a-dackel","City of Vigan",0,2026-09-26T12:05:01.772409+00:00,REVIEW (Name variation with same DOB)
FUZZY_VARIATION,FUZZY-GRP-360,96814,"Bulgaria, Hiley Vice",2023-02-23,Male,"Capangpangan","City of Vigan",0,2026-05-09T05:10:20.6829+00:00,REVIEW (Name variation with same DOB)
FUZZY_VARIATION,FUZZY-GRP-360,96916,"BUGARIA, HILEY VICE",2023-02-23,Male,"Capangpangan","City of Vigan",0,2026-05-09T05:10:20.6829+00:00,REVIEW (Name variation with same DOB)
FUZZY_VARIATION,FUZZY-GRP-361,136038,"TENORIO, CLYVE KELVIN",2022-09-06,Male,"San Julian Norte","City of Vigan",0,2026-05-24T00:51:13.425653+00:00,REVIEW (Name variation with same DOB)
FUZZY_VARIATION,FUZZY-GRP-361,306095,"TENORIO, CLYVE KELVIN P.",2022-09-06,Male,"San Julian Norte","City of Vigan",0,2026-09-26T17:03:58.134301+00:00,REVIEW (Name variation with same DOB)
FUZZY_VARIATION,FUZZY-GRP-362,93702,"NAVARETE ALYSSA QUINN PESCADOR",2021-11-15,Female,"Barangay IX","City of Vigan",0,2026-05-08T13:45:50.366595+00:00,REVIEW (Name variation with same DOB)
FUZZY_VARIATION,FUZZY-GRP-362,308008,"Navarette, Alyssa Quin Pescador",2021-11-15,Female,"Barangay IX","City of Vigan",0,2026-09-27T01:53:20.862627+00:00,REVIEW (Name variation with same DOB)
FUZZY_VARIATION,FUZZY-GRP-363,136120,"DEL CASTILLO, FRANCES MIKAELA",2021-11-04,Female,"San Julian Norte","City of Vigan",0,2026-05-24T00:51:13.425653+00:00,REVIEW (Name variation with same DOB)
FUZZY_VARIATION,FUZZY-GRP-363,306195,"DEL CASTILLO,FRANCES MIKAELLA",2021-11-04,Female,"San Julian Norte","City of Vigan",0,2026-09-26T17:03:58.134301+00:00,REVIEW (Name variation with same DOB)
FUZZY_VARIATION,FUZZY-GRP-364,93623,"NORIEGA,AMARAH BRAILLE, BARID",2019-06-13,Female,"Barangay IX","City of Vigan",0,2026-05-08T13:45:50.366595+00:00,REVIEW (Name variation with same DOB)
FUZZY_VARIATION,FUZZY-GRP-364,93879,"NORIEGA AMARAH BRAILE BARID",2019-06-13,Female,"Barangay IX","City of Vigan",0,2026-05-08T13:45:50.366595+00:00,REVIEW (Name variation with same DOB)
FUZZY_VARIATION,FUZZY-GRP-365,93738,"ALVIEDO AALIYAH JEANE TALINDAN",2018-08-08,Female,"Barangay IX","City of Vigan",0,2026-05-08T13:45:50.366595+00:00,REVIEW (Name variation with same DOB)
FUZZY_VARIATION,FUZZY-GRP-365,96507,"Alviedo, Aaliyah Jeanne Talingdan",2018-08-08,Female,"Capangpangan","City of Vigan",0,2026-05-09T05:10:19.26877+00:00,REVIEW (Name variation with same DOB)
FUZZY_VARIATION,FUZZY-GRP-366,103305,"Bacud, Mickaela Nicole Avila",2005-09-25,Female,"Barangay VII","City of Vigan",0,2026-05-12T12:53:03.465288+00:00,REVIEW (Name variation with same DOB)
FUZZY_VARIATION,FUZZY-GRP-366,317452,"Bacud, Michaela Nicole Avila",2005-09-25,Female,"Barangay VII","City of Vigan",0,2026-09-28T13:16:39.771769+00:00,REVIEW (Name variation with same DOB)
FUZZY_VARIATION,FUZZY-GRP-367,93783,"GADUT KASYZEE RAFAL",2003-12-03,Female,"Barangay IX","City of Vigan",0,2026-05-08T13:45:50.366595+00:00,REVIEW (Name variation with same DOB)
FUZZY_VARIATION,FUZZY-GRP-367,134435,"Gadut, Kaycee Rafal",2003-12-03,Female,"Pantay Daya","City of Vigan",0,2026-05-23T22:35:49.535604+00:00,REVIEW (Name variation with same DOB)
FUZZY_VARIATION,FUZZY-GRP-368,135842,"Toledo, John Warren Reputola",2010-12-09,Male,"San Julian Norte","City of Vigan",0,2026-05-24T00:51:13.425653+00:00,REVIEW (Name variation with same DOB)
FUZZY_VARIATION,FUZZY-GRP-368,136362,"TOLEDO, JOHN WARREN REPOTOLA",2010-12-09,Male,"San Julian Norte","City of Vigan",0,2026-05-24T00:51:15.835019+00:00,REVIEW (Name variation with same DOB)
FUZZY_VARIATION,FUZZY-GRP-369,95622,"AUSTRIA ARNELLA LIAM TAMAG",2023-10-10,Female,"Purok-a-bassit","City of Vigan",1,2026-05-08T23:23:38.7858+00:00,REVIEW (Name variation with same DOB)
FUZZY_VARIATION,FUZZY-GRP-369,310252,"Austria, Arnella Iiam Tamag",2023-10-10,Female,"Purok-a-bassit","City of Vigan",0,2026-09-27T07:09:47.455431+00:00,REVIEW (Name variation with same DOB)
FUZZY_VARIATION,FUZZY-GRP-370,304505,"Austria, Arnella Liam Tamag",2023-10-10,Female,"Purok-a-bassit","City of Vigan",1,2026-09-26T12:05:01.772409+00:00,REVIEW (Name variation with same DOB)
FUZZY_VARIATION,FUZZY-GRP-370,310252,"Austria, Arnella Iiam Tamag",2023-10-10,Female,"Purok-a-bassit","City of Vigan",0,2026-09-27T07:09:47.455431+00:00,REVIEW (Name variation with same DOB)
FUZZY_VARIATION,FUZZY-GRP-371,93949,"Artajos, Ceasar Parel",1973-10-10,Female,"Barangay VII","City of Vigan",0,2026-05-08T14:25:47.205058+00:00,REVIEW (Name variation with same DOB)
FUZZY_VARIATION,FUZZY-GRP-371,318162,"Artajos , Caesar Parel",1973-10-10,Male,"Barangay VII","City of Vigan",0,2026-09-28T13:16:48.28094+00:00,REVIEW (Name variation with same DOB)
FUZZY_VARIATION,FUZZY-GRP-372,93956,"Lopez, Maricar Casta�eda",1981-06-10,Female,"Barangay VII","City of Vigan",0,2026-05-08T14:25:47.205058+00:00,REVIEW (Name variation with same DOB)
FUZZY_VARIATION,FUZZY-GRP-372,317698,"LOPEZ, MARICAR CASTAÑEDA",1981-06-10,Female,"Barangay VII","City of Vigan",0,2026-09-28T13:16:44.993661+00:00,REVIEW (Name variation with same DOB)
FUZZY_VARIATION,FUZZY-GRP-373,93962,"Vitug, Mary Juliana Pacis",2019-08-05,Female,"Barangay VII","City of Vigan",0,2026-05-08T14:25:47.205058+00:00,REVIEW (Name variation with same DOB)
FUZZY_VARIATION,FUZZY-GRP-373,317476,"Vitug, Marie Juliana Pacis",2019-08-05,Female,"Barangay VII","City of Vigan",0,2026-09-28T13:16:39.771769+00:00,REVIEW (Name variation with same DOB)
FUZZY_VARIATION,FUZZY-GRP-374,93963,"Olimberio, John Kristoff Carino",2019-12-18,Male,"Barangay VII","City of Vigan",0,2026-05-08T14:25:47.205058+00:00,REVIEW (Name variation with same DOB)
FUZZY_VARIATION,FUZZY-GRP-374,318165,"Olimberio, John Kristoss Cariño",2019-12-18,Male,"Barangay VII","City of Vigan",0,2026-09-28T13:16:48.28094+00:00,REVIEW (Name variation with same DOB)
FUZZY_VARIATION,FUZZY-GRP-375,93975,"Adora, Asher Caleb Quinan",2024-02-22,Male,"Barangay VII","City of Vigan",0,2026-05-08T14:25:47.205058+00:00,REVIEW (Name variation with same DOB)
FUZZY_VARIATION,FUZZY-GRP-375,318557,"ADORA, ASHER CALEB QUIDAIN",2024-02-22,Male,"Barangay VII","City of Vigan",0,2026-09-28T13:16:48.28094+00:00,REVIEW (Name variation with same DOB)
FUZZY_VARIATION,FUZZY-GRP-376,93978,"Rabino, Alexza Sales",2025-06-24,Female,"Barangay VII","City of Vigan",0,2026-05-08T14:25:47.205058+00:00,REVIEW (Name variation with same DOB)
FUZZY_VARIATION,FUZZY-GRP-376,93979,"Rabino, Alexzi Sales",2025-06-24,Male,"Barangay VII","City of Vigan",0,2026-05-08T14:25:47.205058+00:00,REVIEW (Name variation with same DOB)
FUZZY_VARIATION,FUZZY-GRP-377,93993,"Alcid, Barbara Sumagit",1946-12-04,Female,"Barangay VII","City of Vigan",0,2026-05-08T14:25:47.205058+00:00,REVIEW (Name variation with same DOB)
FUZZY_VARIATION,FUZZY-GRP-377,317314,"ALCID, BARBARA SUMAGUIT",1946-12-04,Female,"Barangay VII","City of Vigan",0,2026-09-28T13:16:39.771769+00:00,REVIEW (Name variation with same DOB)
FUZZY_VARIATION,FUZZY-GRP-378,94307,"Quibal, Valriana Sunio",1948-12-15,Female,"San Julian Norte","City of Vigan",0,2026-05-08T18:24:16.445145+00:00,REVIEW (Name variation with same DOB)
FUZZY_VARIATION,FUZZY-GRP-378,137314,"QUIBAL, VALERIANA SUNIO",1948-12-15,Female,"San Julian Norte","City of Vigan",0,2026-05-24T00:51:20.01736+00:00,REVIEW (Name variation with same DOB)
FUZZY_VARIATION,FUZZY-GRP-379,94018,"De La Cruz, Cyrene Kaye Pinol",1996-09-25,Female,"Cabalangegan","City of Vigan",0,2026-05-08T14:25:47.205058+00:00,REVIEW (Name variation with same DOB)
FUZZY_VARIATION,FUZZY-GRP-379,308195,"DELA CRUZ, CYRENE KAYE PINOL",1996-09-25,Female,"Cabalangegan","City of Vigan",0,2026-09-27T02:18:12.589294+00:00,REVIEW (Name variation with same DOB)
FUZZY_VARIATION,FUZZY-GRP-380,94039,"Artates, Ykca Amari Benzon",2021-09-27,Female,"Capangpangan","City of Vigan",0,2026-05-08T14:25:47.205058+00:00,REVIEW (Name variation with same DOB)
FUZZY_VARIATION,FUZZY-GRP-380,229793,"ARTATES, YCKA AMARI BENZON",2021-09-27,Female,"Capangpangan","City of Vigan",0,2026-06-26T14:49:05.970234+00:00,REVIEW (Name variation with same DOB)
FUZZY_VARIATION,FUZZY-GRP-381,94056,"Alquetra, Mark Reotita",1984-10-01,Male,"Capangpangan","City of Vigan",0,2026-05-08T14:25:47.205058+00:00,REVIEW (Name variation with same DOB)
FUZZY_VARIATION,FUZZY-GRP-381,306870,"Alquetra, Mark Riotita",1984-10-01,Male,"Capangpangan","City of Vigan",0,2026-09-27T00:58:08.790967+00:00,REVIEW (Name variation with same DOB)
FUZZY_VARIATION,FUZZY-GRP-382,94085,"Aslor, Daryl Mar Flores",1996-08-27,Male,"Capangpangan","City of Vigan",0,2026-05-08T14:25:47.205058+00:00,REVIEW (Name variation with same DOB)
FUZZY_VARIATION,FUZZY-GRP-382,307267,"ASLOR, DARYL MAC FLORES",1996-08-27,Male,"San Jose","City of Vigan",0,2026-09-27T01:49:05.655683+00:00,REVIEW (Name variation with same DOB)
FUZZY_VARIATION,FUZZY-GRP-383,96548,"Decena, Nicko Anthony Fontelar",1995-07-22,Male,"Capangpangan","City of Vigan",0,2026-05-09T05:10:19.26877+00:00,REVIEW (Name variation with same DOB)
FUZZY_VARIATION,FUZZY-GRP-383,97112,"DECENA, NICKO ANTHONY FONTELAN",1995-07-22,Male,"Capangpangan","City of Vigan",0,2026-05-09T06:15:25.279506+00:00,REVIEW (Name variation with same DOB)
FUZZY_VARIATION,FUZZY-GRP-384,94094,"Fontejon, Jan Cleo Ragasa",2004-06-06,Male,"Capangpangan","City of Vigan",0,2026-05-08T14:25:47.205058+00:00,REVIEW (Name variation with same DOB)
FUZZY_VARIATION,FUZZY-GRP-384,97008,"FONTEJON, JOHN CLEO RAGASA",2004-06-06,Male,"Capangpangan","City of Vigan",0,2026-05-09T05:10:20.6829+00:00,REVIEW (Name variation with same DOB)
FUZZY_VARIATION,FUZZY-GRP-385,94103,"Llapitan, Janeth Casta�eda",1979-06-22,Female,"Mindoro","City of Vigan",0,2026-05-08T14:25:47.205058+00:00,REVIEW (Name variation with same DOB)
FUZZY_VARIATION,FUZZY-GRP-385,318733,"Llapitan, Janeth Castañeda",1979-06-22,Female,"Mindoro","City of Vigan",0,2026-09-28T14:25:16.08486+00:00,REVIEW (Name variation with same DOB)
FUZZY_VARIATION,FUZZY-GRP-386,94104,"Fernando, Clara Ni�a Ablog",1987-01-02,Female,"Mindoro","City of Vigan",0,2026-05-08T14:25:47.205058+00:00,REVIEW (Name variation with same DOB)
FUZZY_VARIATION,FUZZY-GRP-386,306954,"Fernando, Clara Niña Ablog",1987-01-02,Female,"Mindoro","City of Vigan",0,2026-09-27T01:11:15.669781+00:00,REVIEW (Name variation with same DOB)
FUZZY_VARIATION,FUZZY-GRP-387,94148,"Gasmen, Maria Fatima Casta�eda",1958-03-18,Female,"Mindoro","City of Vigan",0,2026-05-08T14:25:47.205058+00:00,REVIEW (Name variation with same DOB)
FUZZY_VARIATION,FUZZY-GRP-387,306983,"Gasmen, Maria Fatima Castañeda",1958-03-18,Female,"Mindoro","City of Vigan",0,2026-09-27T01:11:15.669781+00:00,REVIEW (Name variation with same DOB)
FUZZY_VARIATION,FUZZY-GRP-388,94151,"Cabotage, Cherry Mae Reoliquio",1997-10-02,Female,"Mindoro","City of Vigan",0,2026-05-08T14:25:47.205058+00:00,REVIEW (Name variation with same DOB)
FUZZY_VARIATION,FUZZY-GRP-388,143115,"Cabotaje, Cherry Mae Reoliquio",1997-10-02,Female,"Mindoro","City of Vigan",0,2026-05-25T11:22:29.263713+00:00,REVIEW (Name variation with same DOB)
FUZZY_VARIATION,FUZZY-GRP-389,94159,"Aquino, Vicenta Balallo",1942-07-17,Female,"Salindeg","City of Vigan",0,2026-05-08T14:25:47.205058+00:00,REVIEW (Name variation with same DOB)
FUZZY_VARIATION,FUZZY-GRP-389,223073,"Aquino, Vicenta Balallio",1942-07-17,Female,"Salindeg","City of Vigan",0,2026-06-24T07:51:26.607208+00:00,REVIEW (Name variation with same DOB)
FUZZY_VARIATION,FUZZY-GRP-390,94162,"Alquiza, Jimmy Azorez",1957-06-06,Male,"Salindeg","City of Vigan",0,2026-05-08T14:25:47.205058+00:00,REVIEW (Name variation with same DOB)
FUZZY_VARIATION,FUZZY-GRP-390,223199,"Alquiza, Jimmy Azores",1957-06-06,Male,"Salindeg","City of Vigan",0,2026-06-24T07:51:26.607208+00:00,REVIEW (Name variation with same DOB)
FUZZY_VARIATION,FUZZY-GRP-391,94184,"Reyes, Peter Jhon Remolete",2016-06-11,Male,"Salindeg","City of Vigan",0,2026-05-08T14:25:47.205058+00:00,REVIEW (Name variation with same DOB)
FUZZY_VARIATION,FUZZY-GRP-391,222570,"Reyes, Peter John Remolete",2016-06-11,Male,"Salindeg","City of Vigan",0,2026-06-24T07:51:24.475842+00:00,REVIEW (Name variation with same DOB)
FUZZY_VARIATION,FUZZY-GRP-392,94192,"Rafanan, Janine Austine Ordo�ez",1991-02-18,Female,"Salindeg","City of Vigan",0,2026-05-08T14:25:47.205058+00:00,REVIEW (Name variation with same DOB)
FUZZY_VARIATION,FUZZY-GRP-392,224261,"Rafanan, Janine Austine OrdoÑez",1991-02-18,Female,"Salindeg","City of Vigan",0,2026-06-25T01:31:45.366031+00:00,REVIEW (Name variation with same DOB)
FUZZY_VARIATION,FUZZY-GRP-393,94196,"Dancel, Danjello Amay",2024-04-26,Male,"Salindeg","City of Vigan",0,2026-05-08T14:25:47.205058+00:00,REVIEW (Name variation with same DOB)
FUZZY_VARIATION,FUZZY-GRP-393,318367,"DANCEL, DANGELO AMAY",2024-04-26,Male,"Barangay VII","City of Vigan",0,2026-09-28T13:16:48.28094+00:00,REVIEW (Name variation with same DOB)
FUZZY_VARIATION,FUZZY-GRP-394,94199,"Paroligan, Jo Anne Anicas",1985-12-31,Female,"San Jose","City of Vigan",0,2026-05-08T14:25:47.205058+00:00,REVIEW (Name variation with same DOB)
FUZZY_VARIATION,FUZZY-GRP-394,307204,"PAROLIGAN , JOANNE ANICAS",1985-12-31,Female,"San Jose","City of Vigan",0,2026-09-27T01:49:05.655683+00:00,REVIEW (Name variation with same DOB)
FUZZY_VARIATION,FUZZY-GRP-395,94201,"Espejo, Marie Joy Rapin",1991-11-20,Female,"San Jose","City of Vigan",0,2026-05-08T14:25:47.205058+00:00,REVIEW (Name variation with same DOB)
FUZZY_VARIATION,FUZZY-GRP-395,307732,"ESPEJO, MARY JOY RAPIN",1991-11-20,Female,"San Jose","City of Vigan",0,2026-09-27T01:49:06.259443+00:00,REVIEW (Name variation with same DOB)
FUZZY_VARIATION,FUZZY-GRP-396,94208,"Pagalanan, Thea Crisette Rabara",2016-09-09,Female,"San Jose","City of Vigan",0,2026-05-08T14:25:47.205058+00:00,REVIEW (Name variation with same DOB)
FUZZY_VARIATION,FUZZY-GRP-396,307082,"PAGALANAN, THEA CRISSETTE RABARA",2016-09-09,Female,"San Jose","City of Vigan",0,2026-09-27T01:49:05.655683+00:00,REVIEW (Name variation with same DOB)
FUZZY_VARIATION,FUZZY-GRP-397,94211,"Rabaca, Jayson Pagalanan",1990-01-22,Male,"San Jose","City of Vigan",0,2026-05-08T14:25:47.205058+00:00,REVIEW (Name variation with same DOB)
FUZZY_VARIATION,FUZZY-GRP-397,307595,"RABACA, JASON PAGALANAN",1990-01-22,Male,"San Jose","City of Vigan",0,2026-09-27T01:49:06.259443+00:00,REVIEW (Name variation with same DOB)
FUZZY_VARIATION,FUZZY-GRP-398,131527,"Altarejos, Jo Ann Tabangin",1990-01-22,Female,"San Pedro","City of Vigan",0,2026-05-22T21:06:18.698842+00:00,REVIEW (Name variation with same DOB)
FUZZY_VARIATION,FUZZY-GRP-398,219627,"Altarejos, Joanne Tabangin",1990-01-22,Female,"San Pedro","City of Vigan",0,2026-06-23T19:39:09.228885+00:00,REVIEW (Name variation with same DOB)
FUZZY_VARIATION,FUZZY-GRP-399,94212,"Rabanal, Athena Louise Ragucos",2020-03-02,Female,"San Jose","City of Vigan",0,2026-05-08T14:25:47.205058+00:00,REVIEW (Name variation with same DOB)
FUZZY_VARIATION,FUZZY-GRP-399,307454,"RABANAL , ATHENA LOUIS RAGUCOS",2020-03-02,Female,"San Jose","City of Vigan",0,2026-09-27T01:49:05.655683+00:00,REVIEW (Name variation with same DOB)
FUZZY_VARIATION,FUZZY-GRP-400,94214,"Pascua, Luisa Ferido",1965-03-16,Female,"San Jose","City of Vigan",0,2026-05-08T14:25:47.205058+00:00,REVIEW (Name variation with same DOB)
FUZZY_VARIATION,FUZZY-GRP-400,307608,"PASCUA, LIZA FERIDO",1965-03-16,Female,"San Jose","City of Vigan",0,2026-09-27T01:49:06.259443+00:00,REVIEW (Name variation with same DOB)
FUZZY_VARIATION,FUZZY-GRP-401,94217,"Frando, Raineir Velasco",1996-05-03,Male,"San Jose","City of Vigan",0,2026-05-08T14:25:47.205058+00:00,REVIEW (Name variation with same DOB)
FUZZY_VARIATION,FUZZY-GRP-401,307790,"FRANDO, REINER VELASCO",1996-05-03,Male,"San Jose","City of Vigan",0,2026-09-27T01:49:06.259443+00:00,REVIEW (Name variation with same DOB)
FUZZY_VARIATION,FUZZY-GRP-402,94221,"Pascua, Magdaleno Paruligan",1968-06-27,Male,"San Jose","City of Vigan",0,2026-05-08T14:25:47.205058+00:00,REVIEW (Name variation with same DOB)
FUZZY_VARIATION,FUZZY-GRP-402,307607,"PASCUA, MAGDALENO PAROLIGAN",1968-06-27,Male,"San Jose","City of Vigan",0,2026-09-27T01:49:06.259443+00:00,REVIEW (Name variation with same DOB)
FUZZY_VARIATION,FUZZY-GRP-403,94223,"Arcena, Nelly Flores",1961-06-22,Female,"San Jose","City of Vigan",0,2026-05-08T14:25:47.205058+00:00,REVIEW (Name variation with same DOB)
FUZZY_VARIATION,FUZZY-GRP-403,307147,"ARCENA, NELIA FLORES",1961-06-22,Female,"San Jose","City of Vigan",0,2026-09-27T01:49:05.655683+00:00,REVIEW (Name variation with same DOB)
FUZZY_VARIATION,FUZZY-GRP-404,94225,"Argel, Jessa Mhay Lazo",2010-07-20,Female,"San Jose","City of Vigan",0,2026-05-08T14:25:47.205058+00:00,REVIEW (Name variation with same DOB)
FUZZY_VARIATION,FUZZY-GRP-404,307768,"ARGEL, JESSA MAY LAZO",2010-07-20,Female,"San Jose","City of Vigan",0,2026-09-27T01:49:06.259443+00:00,REVIEW (Name variation with same DOB)
FUZZY_VARIATION,FUZZY-GRP-405,254082,"Armandico, Jace Jayden, Tigrado",2024-02-02,Male,"Barangay IX","City of Vigan",0,2026-07-21T12:25:15.725005+00:00,REVIEW (Name variation with same DOB)
FUZZY_VARIATION,FUZZY-GRP-405,307935,"Armandico, Jace Jayden Tigarado",2024-02-02,Male,"Barangay IX","City of Vigan",0,2026-09-27T01:53:20.862627+00:00,REVIEW (Name variation with same DOB)
FUZZY_VARIATION,FUZZY-GRP-406,94316,"Alones, Shaina Mae Calayeg",2003-05-01,Female,"San Julian Norte","City of Vigan",0,2026-05-08T18:24:16.445145+00:00,REVIEW (Name variation with same DOB)
FUZZY_VARIATION,FUZZY-GRP-406,95149,"Alones, Shaina May Calayeg",2003-05-01,Female,"San Julian Norte","City of Vigan",0,2026-05-08T20:21:22.260199+00:00,REVIEW (Name variation with same DOB)
FUZZY_VARIATION,FUZZY-GRP-407,136172,"QUEREZA, YANNA BELLE",2024-10-25,Female,"San Julian Norte","City of Vigan",0,2026-05-24T00:51:13.425653+00:00,REVIEW (Name variation with same DOB)
FUZZY_VARIATION,FUZZY-GRP-407,306074,"QUEREZA,YANNA BELLE F.",2024-10-25,Female,"San Julian Norte","City of Vigan",0,2026-09-26T17:03:58.134301+00:00,REVIEW (Name variation with same DOB)
FUZZY_VARIATION,FUZZY-GRP-408,94331,"Reyes, Mark Justine Zamora",2006-09-20,Male,"San Julian Norte","City of Vigan",0,2026-05-08T18:24:16.445145+00:00,REVIEW (Name variation with same DOB)
FUZZY_VARIATION,FUZZY-GRP-408,136818,"REYES, MARK JUSTIN ZAMORA",2006-09-20,Male,"San Julian Norte","City of Vigan",0,2026-05-24T00:51:17.863707+00:00,REVIEW (Name variation with same DOB)
FUZZY_VARIATION,FUZZY-GRP-409,94340,"Alones, Edwin Tordil",1974-10-16,Male,"San Julian Norte","City of Vigan",0,2026-05-08T18:24:16.445145+00:00,REVIEW (Name variation with same DOB)
FUZZY_VARIATION,FUZZY-GRP-409,136867,"ALONES, EDWIN TONDIL",1974-10-16,Male,"San Julian Norte","City of Vigan",0,2026-05-24T00:51:17.863707+00:00,REVIEW (Name variation with same DOB)
FUZZY_VARIATION,FUZZY-GRP-410,131506,"Pinto, Raymund Dela Cruz",1973-10-14,Male,"San Pedro","City of Vigan",0,2026-05-22T21:06:18.698842+00:00,REVIEW (Name variation with same DOB)
FUZZY_VARIATION,FUZZY-GRP-410,219652,"Pinto, Raymond De La Cruz",1973-10-14,Male,"San Pedro","City of Vigan",0,2026-06-23T19:39:09.228885+00:00,REVIEW (Name variation with same DOB)
FUZZY_VARIATION,FUZZY-GRP-411,136164,"DE PERALTA, SOFIA",2024-02-09,Female,"San Julian Norte","City of Vigan",0,2026-05-24T00:51:13.425653+00:00,REVIEW (Name variation with same DOB)
FUZZY_VARIATION,FUZZY-GRP-411,306155,"DE PERALTA,SOFIA A.",2024-02-09,Female,"San Julian Norte","City of Vigan",0,2026-09-26T17:03:58.134301+00:00,REVIEW (Name variation with same DOB)
FUZZY_VARIATION,FUZZY-GRP-412,254081,"Agcarao, Raylen Timothy, Sacatani",2024-02-09,Male,"Barangay IX","City of Vigan",0,2026-07-21T12:25:15.725005+00:00,REVIEW (Name variation with same DOB)
FUZZY_VARIATION,FUZZY-GRP-412,307947,"Agcarao, Raylen Timothy Sakatani",2024-02-09,Male,"Barangay IX","City of Vigan",0,2026-09-27T01:53:20.862627+00:00,REVIEW (Name variation with same DOB)
FUZZY_VARIATION,FUZZY-GRP-413,136033,"DE PERALTA, LUCAS",2022-06-17,Male,"San Julian Norte","City of Vigan",0,2026-05-24T00:51:13.425653+00:00,REVIEW (Name variation with same DOB)
FUZZY_VARIATION,FUZZY-GRP-413,306154,"DE PERALTA, LUCAS A.",2022-06-17,Male,"San Julian Norte","City of Vigan",0,2026-09-26T17:03:58.134301+00:00,REVIEW (Name variation with same DOB)
FUZZY_VARIATION,FUZZY-GRP-414,254057,"Pascua, Zyler Maccius Vibangco",2022-06-17,Male,"Barangay IX","City of Vigan",0,2026-07-21T12:25:15.725005+00:00,REVIEW (Name variation with same DOB)
FUZZY_VARIATION,FUZZY-GRP-414,307984,"Pascua, Zyler Maccaus Vibangco",2022-06-17,Male,"Barangay IX","City of Vigan",0,2026-09-27T01:53:20.862627+00:00,REVIEW (Name variation with same DOB)
FUZZY_VARIATION,FUZZY-GRP-415,94369,"De Peralta, Dahlia Arce",2020-07-15,Female,"San Julian Norte","City of Vigan",0,2026-05-08T18:24:16.445145+00:00,REVIEW (Name variation with same DOB)
FUZZY_VARIATION,FUZZY-GRP-415,135945,"De Peralta, Dalia Arce",2020-07-15,Female,"San Julian Norte","City of Vigan",0,2026-05-24T00:51:13.425653+00:00,REVIEW (Name variation with same DOB)
FUZZY_VARIATION,FUZZY-GRP-416,94371,"Sia, Amaria Keziah Iba�ez",2025-08-13,Female,"San Julian Norte","City of Vigan",0,2026-05-08T18:24:16.445145+00:00,REVIEW (Name variation with same DOB)
FUZZY_VARIATION,FUZZY-GRP-416,135832,"Sia, Amaria Keziah Ibanez",2025-08-13,Female,"San Julian Norte","City of Vigan",0,2026-05-24T00:51:13.425653+00:00,REVIEW (Name variation with same DOB)
FUZZY_VARIATION,FUZZY-GRP-417,94371,"Sia, Amaria Keziah Iba�ez",2025-08-13,Female,"San Julian Norte","City of Vigan",0,2026-05-08T18:24:16.445145+00:00,REVIEW (Name variation with same DOB)
FUZZY_VARIATION,FUZZY-GRP-417,138133,"Sia, Amaria Keziah Iba?ez",2025-08-13,Female,"San Julian Norte","City of Vigan",0,2026-05-24T02:19:51.101348+00:00,REVIEW (Name variation with same DOB)
FUZZY_VARIATION,FUZZY-GRP-418,135832,"Sia, Amaria Keziah Ibanez",2025-08-13,Female,"San Julian Norte","City of Vigan",0,2026-05-24T00:51:13.425653+00:00,REVIEW (Name variation with same DOB)
FUZZY_VARIATION,FUZZY-GRP-418,138133,"Sia, Amaria Keziah Iba?ez",2025-08-13,Female,"San Julian Norte","City of Vigan",0,2026-05-24T02:19:51.101348+00:00,REVIEW (Name variation with same DOB)
FUZZY_VARIATION,FUZZY-GRP-419,95014,"Ripotola, Kyla Cabrera",2006-01-27,Female,"San Julian Norte","City of Vigan",0,2026-05-08T20:21:22.260199+00:00,REVIEW (Name variation with same DOB)
FUZZY_VARIATION,FUZZY-GRP-419,136874,"REPOTOLA, KYLA CABRERA",2006-01-27,Female,"San Julian Norte","City of Vigan",0,2026-05-24T00:51:17.863707+00:00,REVIEW (Name variation with same DOB)
FUZZY_VARIATION,FUZZY-GRP-420,135763,"Martinez, Jennifer Ibe",2006-01-27,Female,"San Julian Norte","City of Vigan",0,2026-05-24T00:51:13.425653+00:00,REVIEW (Name variation with same DOB)
FUZZY_VARIATION,FUZZY-GRP-420,136445,"MARTINEZ, JENIFFER IBE",2006-01-27,Female,"San Julian Norte","City of Vigan",0,2026-05-24T00:51:15.835019+00:00,REVIEW (Name variation with same DOB)
FUZZY_VARIATION,FUZZY-GRP-421,94415,"Ayson, Marijoy Ascano",2000-01-08,Female,"San Julian Norte","City of Vigan",0,2026-05-08T18:24:16.445145+00:00,REVIEW (Name variation with same DOB)
FUZZY_VARIATION,FUZZY-GRP-421,137589,"AYSON, MARY JOY ASCANO",2000-01-08,Female,"San Julian Norte","City of Vigan",0,2026-05-24T00:51:20.01736+00:00,REVIEW (Name variation with same DOB)
FUZZY_VARIATION,FUZZY-GRP-422,94436,"Reputola, Helen Urmeneta",1974-05-07,Female,"San Julian Norte","City of Vigan",0,2026-05-08T18:24:16.445145+00:00,REVIEW (Name variation with same DOB)
FUZZY_VARIATION,FUZZY-GRP-422,136629,"REPOTOLA, HELEN URMENETA",1974-05-07,Female,"San Julian Norte","City of Vigan",0,2026-05-24T00:51:15.835019+00:00,REVIEW (Name variation with same DOB)
FUZZY_VARIATION,FUZZY-GRP-423,94444,"Anicas, Ivy Nichole Yago",2009-06-09,Female,"San Julian Norte","City of Vigan",0,2026-05-08T18:24:16.445145+00:00,REVIEW (Name variation with same DOB)
FUZZY_VARIATION,FUZZY-GRP-423,137448,"ANICAS, IVY NICOLE YAGO",2009-06-09,Female,"San Julian Norte","City of Vigan",0,2026-05-24T00:51:20.01736+00:00,REVIEW (Name variation with same DOB)
FUZZY_VARIATION,FUZZY-GRP-424,136187,"ANDAYA, CLAYTON JAKE",2024-11-15,Male,"San Julian Norte","City of Vigan",0,2026-05-24T00:51:13.425653+00:00,REVIEW (Name variation with same DOB)
FUZZY_VARIATION,FUZZY-GRP-424,306081,"ANDAYA,CLAYTON JAKE P.",2024-11-15,Male,"San Julian Norte","City of Vigan",0,2026-09-26T17:03:58.134301+00:00,REVIEW (Name variation with same DOB)
FUZZY_VARIATION,FUZZY-GRP-425,136030,"RAMOS, PRINCE NAEL",2022-04-16,Male,"San Julian Norte","City of Vigan",0,2026-05-24T00:51:13.425653+00:00,REVIEW (Name variation with same DOB)
FUZZY_VARIATION,FUZZY-GRP-425,306137,"RAMOS,PRINCE NAEL H.",2022-04-16,Male,"San Julian Norte","City of Vigan",0,2026-09-26T17:03:58.134301+00:00,REVIEW (Name variation with same DOB)
FUZZY_VARIATION,FUZZY-GRP-426,94459,"Navarro, Mary Rose Ragub",2000-10-15,Female,"San Julian Norte","City of Vigan",0,2026-05-08T18:24:16.445145+00:00,REVIEW (Name variation with same DOB)
FUZZY_VARIATION,FUZZY-GRP-426,94941,"Navarro, Mary Rose Ragud",2000-10-15,Female,"San Julian Norte","City of Vigan",0,2026-05-08T20:21:22.260199+00:00,REVIEW (Name variation with same DOB)
FUZZY_VARIATION,FUZZY-GRP-427,136186,"FORNEAS, AZRAEL",2023-01-05,Male,"San Julian Norte","City of Vigan",0,2026-05-24T00:51:13.425653+00:00,REVIEW (Name variation with same DOB)
FUZZY_VARIATION,FUZZY-GRP-427,306087,"FORNEAS, AZRAEL P.",2023-01-05,Female,"San Julian Norte","City of Vigan",0,2026-09-26T17:03:58.134301+00:00,REVIEW (Name variation with same DOB)
FUZZY_VARIATION,FUZZY-GRP-428,94467,"Pasion, Marites Aporongao",1969-10-19,Female,"San Julian Norte","City of Vigan",0,2026-05-08T18:24:16.445145+00:00,REVIEW (Name variation with same DOB)
FUZZY_VARIATION,FUZZY-GRP-428,136676,"PASION, MARITESS APORONGAO",1969-10-19,Female,"San Julian Norte","City of Vigan",0,2026-05-24T00:51:15.835019+00:00,REVIEW (Name variation with same DOB)
FUZZY_VARIATION,FUZZY-GRP-429,94474,"Forneas, Maribel Valle",1980-08-12,Female,"San Julian Norte","City of Vigan",0,2026-05-08T18:24:16.445145+00:00,REVIEW (Name variation with same DOB)
FUZZY_VARIATION,FUZZY-GRP-429,137276,"FORNEAS, MARIDEL VALLE",1980-08-12,Female,"San Julian Norte","City of Vigan",0,2026-05-24T00:51:20.01736+00:00,REVIEW (Name variation with same DOB)
FUZZY_VARIATION,FUZZY-GRP-430,94493,"Bri�es, Aaron Riguera",2009-11-26,Male,"San Julian Norte","City of Vigan",0,2026-05-08T18:24:16.445145+00:00,REVIEW (Name variation with same DOB)
FUZZY_VARIATION,FUZZY-GRP-430,135871,"Brines, Aaron Riguera",2009-11-26,Male,"San Julian Norte","City of Vigan",0,2026-05-24T00:51:13.425653+00:00,REVIEW (Name variation with same DOB)
FUZZY_VARIATION,FUZZY-GRP-431,94493,"Bri�es, Aaron Riguera",2009-11-26,Male,"San Julian Norte","City of Vigan",0,2026-05-08T18:24:16.445145+00:00,REVIEW (Name variation with same DOB)
FUZZY_VARIATION,FUZZY-GRP-431,138120,"Bri?es, Aaron Riguera",2009-11-26,Male,"San Julian Norte","City of Vigan",0,2026-05-24T02:19:51.101348+00:00,REVIEW (Name variation with same DOB)
FUZZY_VARIATION,FUZZY-GRP-432,135871,"Brines, Aaron Riguera",2009-11-26,Male,"San Julian Norte","City of Vigan",0,2026-05-24T00:51:13.425653+00:00,REVIEW (Name variation with same DOB)
FUZZY_VARIATION,FUZZY-GRP-432,138120,"Bri?es, Aaron Riguera",2009-11-26,Male,"San Julian Norte","City of Vigan",0,2026-05-24T02:19:51.101348+00:00,REVIEW (Name variation with same DOB)
FUZZY_VARIATION,FUZZY-GRP-433,94633,"Rivero, Linomar Gumboc",1978-08-15,Male,"San Julian Norte","City of Vigan",0,2026-05-08T18:24:16.445145+00:00,REVIEW (Name variation with same DOB)
FUZZY_VARIATION,FUZZY-GRP-433,137687,"RIVERO, LINO MAR GUMBUC",1978-08-15,Male,"San Julian Norte","City of Vigan",0,2026-05-24T00:51:20.01736+00:00,REVIEW (Name variation with same DOB)
FUZZY_VARIATION,FUZZY-GRP-434,94528,"Patubo, Roderick Verzosa",1974-12-15,Male,"San Julian Norte","City of Vigan",0,2026-05-08T18:24:16.445145+00:00,REVIEW (Name variation with same DOB)
FUZZY_VARIATION,FUZZY-GRP-434,136400,"PATUBO, RODERICK VERSOZA",1974-12-15,Male,"San Julian Norte","City of Vigan",0,2026-05-24T00:51:15.835019+00:00,REVIEW (Name variation with same DOB)
FUZZY_VARIATION,FUZZY-GRP-435,94534,"Purugganan, Judy May Ingel",1995-05-02,Female,"San Julian Norte","City of Vigan",0,2026-05-08T18:24:16.445145+00:00,REVIEW (Name variation with same DOB)
FUZZY_VARIATION,FUZZY-GRP-435,137976,"PURUGGANAN, JUDY MAE INGEL",1995-05-02,Female,"San Julian Norte","City of Vigan",0,2026-05-24T00:51:21.663972+00:00,REVIEW (Name variation with same DOB)
FUZZY_VARIATION,FUZZY-GRP-436,94538,"Velasco, Shiela Marie Gascon",1981-12-15,Female,"San Julian Norte","City of Vigan",0,2026-05-08T18:24:16.445145+00:00,REVIEW (Name variation with same DOB)
FUZZY_VARIATION,FUZZY-GRP-436,137084,"VELASCO, SHIELAMARIE GASCON",1981-12-15,Female,"San Julian Norte","City of Vigan",0,2026-05-24T00:51:17.863707+00:00,REVIEW (Name variation with same DOB)
FUZZY_VARIATION,FUZZY-GRP-437,279328,"Recana, April Joy Regua",2002-04-02,Female,"Barangay VI","City of Vigan",0,2026-09-02T12:47:14.496177+00:00,REVIEW (Name variation with same DOB)
FUZZY_VARIATION,FUZZY-GRP-437,303374,"Ricaña, April Joy Regua",2002-04-02,Female,"Barangay VI","City of Vigan",0,2026-09-26T05:36:08.072839+00:00,REVIEW (Name variation with same DOB)
FUZZY_VARIATION,FUZZY-GRP-438,99481,"Arcena, Janz Andrei Guzman",2001-05-18,Male,"San Jose","City of Vigan",0,2026-05-10T13:36:01.112343+00:00,REVIEW (Name variation with same DOB)
FUZZY_VARIATION,FUZZY-GRP-438,307643,"ARCENA, JANZ ANDRIE GUZMAN",2001-05-18,Male,"San Jose","City of Vigan",0,2026-09-27T01:49:06.259443+00:00,REVIEW (Name variation with same DOB)
FUZZY_VARIATION,FUZZY-GRP-439,136029,"PRESTO, EREN CLYNE",2022-04-12,Male,"San Julian Norte","City of Vigan",0,2026-05-24T00:51:13.425653+00:00,REVIEW (Name variation with same DOB)
FUZZY_VARIATION,FUZZY-GRP-439,306079,"PRESTO,EREN CLYNE A.",2022-04-12,Male,"San Julian Norte","City of Vigan",0,2026-09-26T17:03:58.134301+00:00,REVIEW (Name variation with same DOB)
FUZZY_VARIATION,FUZZY-GRP-440,94584,"Canada, Ekko Hael Riguera",2025-05-22,Male,"San Julian Norte","City of Vigan",0,2026-05-08T18:24:16.445145+00:00,REVIEW (Name variation with same DOB)
FUZZY_VARIATION,FUZZY-GRP-440,136192,"Canada, Ekko Hael Rigucera",2025-05-22,Male,"San Julian Norte","City of Vigan",0,2026-05-24T00:51:13.425653+00:00,REVIEW (Name variation with same DOB)
FUZZY_VARIATION,FUZZY-GRP-441,94590,"Berido, Querubin Forges",1979-09-18,Female,"San Julian Norte","City of Vigan",0,2026-05-08T18:24:16.445145+00:00,REVIEW (Name variation with same DOB)
FUZZY_VARIATION,FUZZY-GRP-441,138055,"BERIDO, QUEROBIN FORGES",1979-09-18,Male,"San Julian Norte","City of Vigan",0,2026-05-24T00:51:21.663972+00:00,REVIEW (Name variation with same DOB)
FUZZY_VARIATION,FUZZY-GRP-442,94604,"Yadao, Alyssa Nicole Ladera",2006-09-22,Female,"San Julian Norte","City of Vigan",0,2026-05-08T18:24:16.445145+00:00,REVIEW (Name variation with same DOB)
FUZZY_VARIATION,FUZZY-GRP-442,94991,"Yadao, Alyssa Nhicole Ladera",2006-09-22,Female,"San Julian Norte","City of Vigan",0,2026-05-08T20:21:22.260199+00:00,REVIEW (Name variation with same DOB)
FUZZY_VARIATION,FUZZY-GRP-443,94610,"Forneas, Virgilio Arquiza",1976-10-25,Male,"San Julian Norte","City of Vigan",0,2026-05-08T18:24:16.445145+00:00,REVIEW (Name variation with same DOB)
FUZZY_VARIATION,FUZZY-GRP-443,137909,"FORNEAS, VIRGILIO ARGUEZA",1976-10-25,Male,"San Julian Norte","City of Vigan",0,2026-05-24T00:51:21.663972+00:00,REVIEW (Name variation with same DOB)
FUZZY_VARIATION,FUZZY-GRP-444,94611,"Turingan, Ar-jay Fernandez",1993-08-02,Male,"San Julian Norte","City of Vigan",0,2026-05-08T18:24:16.445145+00:00,REVIEW (Name variation with same DOB)
FUZZY_VARIATION,FUZZY-GRP-444,135888,"Turingan, Arjay Fernandez",1993-08-02,Male,"San Julian Norte","City of Vigan",0,2026-05-24T00:51:13.425653+00:00,REVIEW (Name variation with same DOB)
FUZZY_VARIATION,FUZZY-GRP-445,94621,"Purugganan, Jaina Marie Ingel",2016-10-25,Female,"San Julian Norte","City of Vigan",1,2026-05-08T18:24:16.445145+00:00,REVIEW (Name variation with same DOB)
FUZZY_VARIATION,FUZZY-GRP-445,137977,"PURUGGANAN, JOANA MARIE INGEL",2016-10-25,Female,"San Julian Norte","City of Vigan",0,2026-05-24T00:51:21.663972+00:00,REVIEW (Name variation with same DOB)
FUZZY_VARIATION,FUZZY-GRP-446,136346,"PURUGGANAN,JAINA MARIE, INGEL",2016-10-25,Female,"San Julian Norte","City of Vigan",1,2026-05-24T00:51:15.835019+00:00,REVIEW (Name variation with same DOB)
FUZZY_VARIATION,FUZZY-GRP-446,137977,"PURUGGANAN, JOANA MARIE INGEL",2016-10-25,Female,"San Julian Norte","City of Vigan",0,2026-05-24T00:51:21.663972+00:00,REVIEW (Name variation with same DOB)
FUZZY_VARIATION,FUZZY-GRP-447,136082,"AYUNON, LIAM JACOB",2024-08-20,Male,"San Julian Norte","City of Vigan",0,2026-05-24T00:51:13.425653+00:00,REVIEW (Name variation with same DOB)
FUZZY_VARIATION,FUZZY-GRP-447,306141,"AYUNON,LIAM JACOB C.",2024-08-20,Male,"San Julian Norte","City of Vigan",0,2026-09-26T17:03:58.134301+00:00,REVIEW (Name variation with same DOB)
FUZZY_VARIATION,FUZZY-GRP-448,94632,"Arellano, Melvi Ambacan",1965-12-12,Female,"San Julian Norte","City of Vigan",0,2026-05-08T18:24:16.445145+00:00,REVIEW (Name variation with same DOB)
FUZZY_VARIATION,FUZZY-GRP-448,137670,"ARELLANO, MELBI AMBACAN",1965-12-12,Female,"San Julian Norte","City of Vigan",0,2026-05-24T00:51:20.01736+00:00,REVIEW (Name variation with same DOB)
FUZZY_VARIATION,FUZZY-GRP-449,94635,"Barusoc, Rolando Romano",1970-01-27,Male,"San Julian Norte","City of Vigan",0,2026-05-08T18:24:16.445145+00:00,REVIEW (Name variation with same DOB)
FUZZY_VARIATION,FUZZY-GRP-449,136815,"BAROSO, ROLANDO ROMANO",1970-01-27,Male,"San Julian Norte","City of Vigan",0,2026-05-24T00:51:17.863707+00:00,REVIEW (Name variation with same DOB)
FUZZY_VARIATION,FUZZY-GRP-450,94646,"Bri�es, Avelino Lubbui",1959-12-02,Male,"San Julian Norte","City of Vigan",0,2026-05-08T18:24:16.445145+00:00,REVIEW (Name variation with same DOB)
FUZZY_VARIATION,FUZZY-GRP-450,138122,"Bri?es, Avelino Lubbui",1959-12-02,Male,"San Julian Norte","City of Vigan",0,2026-05-24T02:19:51.101348+00:00,REVIEW (Name variation with same DOB)
FUZZY_VARIATION,FUZZY-GRP-451,136132,"DE GRACIA, JULIAN",2022-08-04,Female,"San Julian Norte","City of Vigan",0,2026-05-24T00:51:13.425653+00:00,REVIEW (Name variation with same DOB)
FUZZY_VARIATION,FUZZY-GRP-451,306160,"DE GRACIA,JULIAN A.",2022-08-04,Female,"San Julian Norte","City of Vigan",0,2026-09-26T17:03:58.134301+00:00,REVIEW (Name variation with same DOB)
FUZZY_VARIATION,FUZZY-GRP-452,94664,"Aquino, Marc Aldrian Atendido",2008-04-21,Male,"San Julian Norte","City of Vigan",0,2026-05-08T18:24:16.445145+00:00,REVIEW (Name variation with same DOB)
FUZZY_VARIATION,FUZZY-GRP-452,137357,"AQUINO, MARC ADRIAN ATENDIDO",2008-04-21,Male,"San Julian Norte","City of Vigan",0,2026-05-24T00:51:20.01736+00:00,REVIEW (Name variation with same DOB)
FUZZY_VARIATION,FUZZY-GRP-453,136048,"PERALTA, AIDEN KYLE",2022-12-22,Male,"San Julian Norte","City of Vigan",0,2026-05-24T00:51:13.425653+00:00,REVIEW (Name variation with same DOB)
FUZZY_VARIATION,FUZZY-GRP-453,306232,"PERALTA,AIDEN KYLE G.",2022-12-22,Male,"San Julian Norte","City of Vigan",0,2026-09-26T17:03:58.134301+00:00,REVIEW (Name variation with same DOB)
FUZZY_VARIATION,FUZZY-GRP-454,306615,"Natividad Patricia Jia Aruejo",2025-12-21,Female,"Beddeng Daya","City of Vigan",0,2026-09-26T20:54:58.42556+00:00,REVIEW (Name variation with same DOB)
FUZZY_VARIATION,FUZZY-GRP-454,310007,"Natividad, Patricia Jia Arruejo",2025-12-21,Female,"Beddeng Daya","City of Vigan",0,2026-09-27T05:39:57.820199+00:00,REVIEW (Name variation with same DOB)
FUZZY_VARIATION,FUZZY-GRP-455,94715,"Artajos, Maria Casoco",1966-12-05,Female,"San Julian Norte","City of Vigan",0,2026-05-08T18:24:16.445145+00:00,REVIEW (Name variation with same DOB)
FUZZY_VARIATION,FUZZY-GRP-455,95121,"Artajos, Maria Casuco",1966-12-05,Female,"San Julian Norte","City of Vigan",0,2026-05-08T20:21:22.260199+00:00,REVIEW (Name variation with same DOB)
FUZZY_VARIATION,FUZZY-GRP-456,94719,"Umbay, Priscila Ramos",1979-07-29,Female,"San Julian Norte","City of Vigan",0,2026-05-08T18:24:16.445145+00:00,REVIEW (Name variation with same DOB)
FUZZY_VARIATION,FUZZY-GRP-456,137231,"UMBAY, PRESCILLA RAMOS",1979-07-29,Female,"San Julian Norte","City of Vigan",0,2026-05-24T00:51:17.863707+00:00,REVIEW (Name variation with same DOB)
FUZZY_VARIATION,FUZZY-GRP-457,136178,"PAGALANAN, XAVIA CAILIE",2025-01-06,Female,"San Julian Norte","City of Vigan",0,2026-05-24T00:51:13.425653+00:00,REVIEW (Name variation with same DOB)
FUZZY_VARIATION,FUZZY-GRP-457,306101,"PAGALANAN,XAVIA CAILIE P.",2025-01-06,Female,"San Julian Norte","City of Vigan",0,2026-09-26T17:03:58.134301+00:00,REVIEW (Name variation with same DOB)
FUZZY_VARIATION,FUZZY-GRP-458,94731,"Escala, Remegio Juli",1963-10-01,Male,"San Julian Norte","City of Vigan",0,2026-05-08T18:24:16.445145+00:00,REVIEW (Name variation with same DOB)
FUZZY_VARIATION,FUZZY-GRP-458,137328,"ESCALA, REMEGIO JULE",1963-10-01,Male,"San Julian Norte","City of Vigan",0,2026-05-24T00:51:20.01736+00:00,REVIEW (Name variation with same DOB)
FUZZY_VARIATION,FUZZY-GRP-459,136070,"PERALTA, CYAN KEIN",2023-11-27,Male,"San Julian Norte","City of Vigan",0,2026-05-24T00:51:13.425653+00:00,REVIEW (Name variation with same DOB)
FUZZY_VARIATION,FUZZY-GRP-459,306150,"PERALTA,CYAN KEIN G.",2023-11-27,Male,"San Julian Norte","City of Vigan",0,2026-09-26T17:03:58.134301+00:00,REVIEW (Name variation with same DOB)
FUZZY_VARIATION,FUZZY-GRP-460,136144,"DELA ROSA, MARYLAN",2023-03-25,Female,"San Julian Norte","City of Vigan",0,2026-05-24T00:51:13.425653+00:00,REVIEW (Name variation with same DOB)
FUZZY_VARIATION,FUZZY-GRP-460,306169,"DELA ROSA,MARYLAN A.",2023-03-25,Female,"San Julian Norte","City of Vigan",0,2026-09-26T17:03:58.134301+00:00,REVIEW (Name variation with same DOB)
FUZZY_VARIATION,FUZZY-GRP-461,94779,"Lofredo, Junalyn Cuadro",2003-06-29,Female,"San Julian Norte","City of Vigan",0,2026-05-08T18:24:16.445145+00:00,REVIEW (Name variation with same DOB)
FUZZY_VARIATION,FUZZY-GRP-461,136972,"LOFREDO, JONALYN CUADRO",2003-06-29,Female,"San Julian Norte","City of Vigan",0,2026-05-24T00:51:17.863707+00:00,REVIEW (Name variation with same DOB)
FUZZY_VARIATION,FUZZY-GRP-462,94782,"Quimin, Juanito Quitazol",1952-06-05,Male,"San Julian Norte","City of Vigan",0,2026-05-08T18:24:16.445145+00:00,REVIEW (Name variation with same DOB)
FUZZY_VARIATION,FUZZY-GRP-462,95042,"Quimin, Juanito Quitasol",1952-06-05,Male,"San Julian Norte","City of Vigan",0,2026-05-08T20:21:22.260199+00:00,REVIEW (Name variation with same DOB)
FUZZY_VARIATION,FUZZY-GRP-463,94785,"Pica�a, Eloisa Alibin",1998-09-27,Female,"San Julian Norte","City of Vigan",0,2026-05-08T18:24:16.445145+00:00,REVIEW (Name variation with same DOB)
FUZZY_VARIATION,FUZZY-GRP-463,138131,"Pica?a, Eloisa Alibin",1998-09-27,Female,"San Julian Norte","City of Vigan",0,2026-05-24T02:19:51.101348+00:00,REVIEW (Name variation with same DOB)
FUZZY_VARIATION,FUZZY-GRP-464,94786,"Tolentino, Xander Louis Pascua",2013-07-28,Male,"San Julian Norte","City of Vigan",0,2026-05-08T18:24:16.445145+00:00,REVIEW (Name variation with same DOB)
FUZZY_VARIATION,FUZZY-GRP-464,136623,"TOLENTINO, XANDER LOUIE PASCUA",2013-07-28,Male,"San Julian Norte","City of Vigan",0,2026-05-24T00:51:15.835019+00:00,REVIEW (Name variation with same DOB)
FUZZY_VARIATION,FUZZY-GRP-465,96439,"Begonia, Daniel Austria",2013-07-28,Male,"Capangpangan","City of Vigan",0,2026-05-09T05:10:19.26877+00:00,REVIEW (Name variation with same DOB)
FUZZY_VARIATION,FUZZY-GRP-465,96514,"Bigonia, Daniel Austria",2013-07-28,Male,"Capangpangan","City of Vigan",0,2026-05-09T05:10:19.26877+00:00,REVIEW (Name variation with same DOB)
FUZZY_VARIATION,FUZZY-GRP-466,94814,"Ferido, Rogelio Santilla",1977-10-03,Male,"San Julian Norte","City of Vigan",0,2026-05-08T18:24:19.560502+00:00,REVIEW (Name variation with same DOB)
FUZZY_VARIATION,FUZZY-GRP-466,136983,"FERIDO, ROGELIO SANTELLA",1977-10-03,Male,"San Julian Norte","City of Vigan",0,2026-05-24T00:51:17.863707+00:00,REVIEW (Name variation with same DOB)
FUZZY_VARIATION,FUZZY-GRP-467,94815,"Recaido, Ruel Tacuyog",1974-02-10,Male,"San Julian Norte","City of Vigan",0,2026-05-08T18:24:19.560502+00:00,REVIEW (Name variation with same DOB)
FUZZY_VARIATION,FUZZY-GRP-467,136390,"RECAIDO, ROEL TACUYOG",1974-02-10,Male,"San Julian Norte","City of Vigan",0,2026-05-24T00:51:15.835019+00:00,REVIEW (Name variation with same DOB)
FUZZY_VARIATION,FUZZY-GRP-468,94818,"Bri�es, Arnel Riguera",2008-03-13,Male,"San Julian Norte","City of Vigan",0,2026-05-08T18:24:19.560502+00:00,REVIEW (Name variation with same DOB)
FUZZY_VARIATION,FUZZY-GRP-468,136274,"Bri?es, Arnel Riguera",2008-03-13,Male,"San Julian Norte","City of Vigan",0,2026-05-24T00:51:15.835019+00:00,REVIEW (Name variation with same DOB)
FUZZY_VARIATION,FUZZY-GRP-469,94818,"Bri�es, Arnel Riguera",2008-03-13,Male,"San Julian Norte","City of Vigan",0,2026-05-08T18:24:19.560502+00:00,REVIEW (Name variation with same DOB)
FUZZY_VARIATION,FUZZY-GRP-469,136518,"BRINES, ARNEL RIGUERA",2008-03-13,Male,"San Julian Norte","City of Vigan",0,2026-05-24T00:51:15.835019+00:00,REVIEW (Name variation with same DOB)
FUZZY_VARIATION,FUZZY-GRP-470,136274,"Bri?es, Arnel Riguera",2008-03-13,Male,"San Julian Norte","City of Vigan",0,2026-05-24T00:51:15.835019+00:00,REVIEW (Name variation with same DOB)
FUZZY_VARIATION,FUZZY-GRP-470,136518,"BRINES, ARNEL RIGUERA",2008-03-13,Male,"San Julian Norte","City of Vigan",0,2026-05-24T00:51:15.835019+00:00,REVIEW (Name variation with same DOB)
FUZZY_VARIATION,FUZZY-GRP-471,94833,"Toledo, Mikee Repotola",1999-10-02,Female,"San Julian Norte","City of Vigan",0,2026-05-08T18:24:19.560502+00:00,REVIEW (Name variation with same DOB)
FUZZY_VARIATION,FUZZY-GRP-471,136361,"TOLEDO, MIKIE REPOTOLA",1999-10-02,Male,"San Julian Norte","City of Vigan",0,2026-05-24T00:51:15.835019+00:00,REVIEW (Name variation with same DOB)
FUZZY_VARIATION,FUZZY-GRP-472,136314,"FALLET, NI�A FAYE O.",2013-08-22,Female,"San Julian Norte","City of Vigan",0,2026-05-24T00:51:15.835019+00:00,REVIEW (Name variation with same DOB)
FUZZY_VARIATION,FUZZY-GRP-472,138124,"FALLET, NI?A FAYE O.",2013-08-22,Female,"San Julian Norte","City of Vigan",0,2026-05-24T02:19:51.101348+00:00,REVIEW (Name variation with same DOB)
FUZZY_VARIATION,FUZZY-GRP-473,94907,"Frando, Lorrie Ann Therese Blando",2018-05-25,Female,"San Julian Norte","City of Vigan",0,2026-05-08T20:21:22.260199+00:00,REVIEW (Name variation with same DOB)
FUZZY_VARIATION,FUZZY-GRP-473,94909,"Frando, Lorie Ann Therese Blando",2018-05-25,Female,"San Julian Norte","City of Vigan",0,2026-05-08T20:21:22.260199+00:00,REVIEW (Name variation with same DOB)
FUZZY_VARIATION,FUZZY-GRP-474,94919,"Frando, Resurrecion Torrejos",1967-12-17,Female,"San Julian Norte","City of Vigan",0,2026-05-08T20:21:22.260199+00:00,REVIEW (Name variation with same DOB)
FUZZY_VARIATION,FUZZY-GRP-474,306581,"Frando, Resurrecion Torrijos",1967-12-17,Female,"San Julian Norte","City of Vigan",0,2026-09-26T20:14:33.802496+00:00,REVIEW (Name variation with same DOB)
FUZZY_VARIATION,FUZZY-GRP-475,136067,"TOLENTINO, LIAM",2023-10-30,Male,"San Julian Norte","City of Vigan",0,2026-05-24T00:51:13.425653+00:00,REVIEW (Name variation with same DOB)
FUZZY_VARIATION,FUZZY-GRP-475,306184,"TOLENTINO,LIAM P.",2023-10-30,Male,"San Julian Norte","City of Vigan",0,2026-09-26T17:03:58.134301+00:00,REVIEW (Name variation with same DOB)
FUZZY_VARIATION,FUZZY-GRP-476,136017,"DOMENDEN, JEROME",2022-01-12,Male,"San Julian Norte","City of Vigan",0,2026-05-24T00:51:13.425653+00:00,REVIEW (Name variation with same DOB)
FUZZY_VARIATION,FUZZY-GRP-476,306205,"DOMENDEN,JEROME B.",2022-01-12,Male,"San Julian Norte","City of Vigan",0,2026-09-26T17:03:58.134301+00:00,REVIEW (Name variation with same DOB)
FUZZY_VARIATION,FUZZY-GRP-477,136147,"DOMENDEN, ROGINA JOY",2023-05-03,Female,"San Julian Norte","City of Vigan",0,2026-05-24T00:51:13.425653+00:00,REVIEW (Name variation with same DOB)
FUZZY_VARIATION,FUZZY-GRP-477,306206,"DOMENDEN,ROGINA JOY B.",2023-05-03,Female,"San Julian Norte","City of Vigan",0,2026-09-26T17:03:58.134301+00:00,REVIEW (Name variation with same DOB)
FUZZY_VARIATION,FUZZY-GRP-478,96888,"Tabusarez, Trylan Mattheo",2021-02-25,Male,"Capangpangan","City of Vigan",0,2026-05-09T05:10:20.6829+00:00,REVIEW (Name variation with same DOB)
FUZZY_VARIATION,FUZZY-GRP-478,96950,"TABUSAREZ,TRYLAN MATHEO",2021-02-25,Male,"Capangpangan","City of Vigan",0,2026-05-09T05:10:20.6829+00:00,REVIEW (Name variation with same DOB)
FUZZY_VARIATION,FUZZY-GRP-479,94933,"Tubog, Jasmine Claire Assen",2005-09-21,Female,"San Julian Norte","City of Vigan",0,2026-05-08T20:21:22.260199+00:00,REVIEW (Name variation with same DOB)
FUZZY_VARIATION,FUZZY-GRP-479,137988,"TUBOG, JASMIN CLAIRE ASSEN",2005-09-21,Female,"San Julian Norte","City of Vigan",0,2026-05-24T00:51:21.663972+00:00,REVIEW (Name variation with same DOB)
FUZZY_VARIATION,FUZZY-GRP-480,94945,"Fontejon, Eldin Recto",1979-06-07,Male,"San Julian Norte","City of Vigan",0,2026-05-08T20:21:22.260199+00:00,REVIEW (Name variation with same DOB)
FUZZY_VARIATION,FUZZY-GRP-480,137758,"FONTEJON, ELDEN RECTO",1979-06-07,Male,"San Julian Norte","City of Vigan",0,2026-05-24T00:51:20.01736+00:00,REVIEW (Name variation with same DOB)
FUZZY_VARIATION,FUZZY-GRP-481,95671,"FIELDAD KHALYX DAVION VIJUAN",2023-08-15,Male,"Purok-a-bassit","City of Vigan",0,2026-05-08T23:23:38.7858+00:00,REVIEW (Name variation with same DOB)
FUZZY_VARIATION,FUZZY-GRP-481,304496,"Fieldad, Kalix Davion Vijuan",2023-08-15,Male,"Purok-a-bassit","City of Vigan",0,2026-09-26T12:05:01.772409+00:00,REVIEW (Name variation with same DOB)
FUZZY_VARIATION,FUZZY-GRP-482,94968,"Flores, Joy Camille Dela Cruz",2015-04-22,Female,"San Julian Norte","City of Vigan",0,2026-05-08T20:21:22.260199+00:00,REVIEW (Name variation with same DOB)
FUZZY_VARIATION,FUZZY-GRP-482,95300,"Flores, Jhoi Camille Dela Cruz",2015-04-22,Female,"San Julian Norte","City of Vigan",0,2026-05-08T20:21:22.260199+00:00,REVIEW (Name variation with same DOB)
FUZZY_VARIATION,FUZZY-GRP-483,94976,"Arcena, Betty Zane Jabeguero",1981-03-12,Female,"San Julian Norte","City of Vigan",0,2026-05-08T20:21:22.260199+00:00,REVIEW (Name variation with same DOB)
FUZZY_VARIATION,FUZZY-GRP-483,138058,"ARCENA, BETTY ZANE JABEQUERO",1981-03-12,Female,"San Julian Norte","City of Vigan",0,2026-05-24T00:51:21.663972+00:00,REVIEW (Name variation with same DOB)
FUZZY_VARIATION,FUZZY-GRP-484,136005,"URBANO, JHARRED ANDREI",2021-09-14,Male,"San Julian Norte","City of Vigan",0,2026-05-24T00:51:13.425653+00:00,REVIEW (Name variation with same DOB)
FUZZY_VARIATION,FUZZY-GRP-484,306190,"URBANO,JHARRED ANDREI B.",2021-09-14,Male,"San Julian Norte","City of Vigan",0,2026-09-26T17:03:58.134301+00:00,REVIEW (Name variation with same DOB)
FUZZY_VARIATION,FUZZY-GRP-485,94989,"Ripotola, Teddy Boy Riguera",1982-08-26,Male,"San Julian Norte","City of Vigan",0,2026-05-08T20:21:22.260199+00:00,REVIEW (Name variation with same DOB)
FUZZY_VARIATION,FUZZY-GRP-485,136872,"REPOTOLA, TEDDY BOY RIGUERA",1982-08-26,Male,"San Julian Norte","City of Vigan",0,2026-05-24T00:51:17.863707+00:00,REVIEW (Name variation with same DOB)
FUZZY_VARIATION,FUZZY-GRP-486,94996,"Reboldela, Jomel Degracia",1985-03-31,Male,"San Julian Norte","City of Vigan",0,2026-05-08T20:21:22.260199+00:00,REVIEW (Name variation with same DOB)
FUZZY_VARIATION,FUZZY-GRP-486,137500,"REBOLDELA, JOMEL DE GRACIA",1985-03-31,Male,"San Julian Norte","City of Vigan",0,2026-05-24T00:51:20.01736+00:00,REVIEW (Name variation with same DOB)
FUZZY_VARIATION,FUZZY-GRP-487,95001,"Atendido, Ni�o Jose Escalera",1990-01-14,Male,"San Julian Norte","City of Vigan",0,2026-05-08T20:21:22.260199+00:00,REVIEW (Name variation with same DOB)
FUZZY_VARIATION,FUZZY-GRP-487,137367,"ATENDIDO, NINO JOSE ESCALERA",1990-01-14,Male,"San Julian Norte","City of Vigan",0,2026-05-24T00:51:20.01736+00:00,REVIEW (Name variation with same DOB)
FUZZY_VARIATION,FUZZY-GRP-488,95001,"Atendido, Ni�o Jose Escalera",1990-01-14,Male,"San Julian Norte","City of Vigan",0,2026-05-08T20:21:22.260199+00:00,REVIEW (Name variation with same DOB)
FUZZY_VARIATION,FUZZY-GRP-488,138117,"Atendido, Ni?o Jose Escalera",1990-01-14,Male,"San Julian Norte","City of Vigan",0,2026-05-24T02:19:51.101348+00:00,REVIEW (Name variation with same DOB)
FUZZY_VARIATION,FUZZY-GRP-489,137367,"ATENDIDO, NINO JOSE ESCALERA",1990-01-14,Male,"San Julian Norte","City of Vigan",0,2026-05-24T00:51:20.01736+00:00,REVIEW (Name variation with same DOB)
FUZZY_VARIATION,FUZZY-GRP-489,138117,"Atendido, Ni?o Jose Escalera",1990-01-14,Male,"San Julian Norte","City of Vigan",0,2026-05-24T02:19:51.101348+00:00,REVIEW (Name variation with same DOB)
FUZZY_VARIATION,FUZZY-GRP-490,95002,"Atendido, Mary Ashley Anne Pabian",2018-12-08,Female,"San Julian Norte","City of Vigan",0,2026-05-08T20:21:22.260199+00:00,REVIEW (Name variation with same DOB)
FUZZY_VARIATION,FUZZY-GRP-490,137371,"ATENDIDO, MARY ASHLEY ANN PABIA",2018-12-08,Female,"San Julian Norte","City of Vigan",0,2026-05-24T00:51:20.01736+00:00,REVIEW (Name variation with same DOB)
FUZZY_VARIATION,FUZZY-GRP-491,95008,"Atendido, Jay-r Adriatico",2017-12-03,Male,"San Julian Norte","City of Vigan",0,2026-05-08T20:21:22.260199+00:00,REVIEW (Name variation with same DOB)
FUZZY_VARIATION,FUZZY-GRP-491,137396,"ATENDIDO, JAY-AR ADRIATICO",2017-12-03,Male,"San Julian Norte","City of Vigan",0,2026-05-24T00:51:20.01736+00:00,REVIEW (Name variation with same DOB)
FUZZY_VARIATION,FUZZY-GRP-492,95009,"Repotola, Alfie Reguera",1980-12-26,Male,"San Julian Norte","City of Vigan",0,2026-05-08T20:21:22.260199+00:00,REVIEW (Name variation with same DOB)
FUZZY_VARIATION,FUZZY-GRP-492,136385,"REPOTOLA, ALFIE RIGUERA",1980-12-26,Female,"San Julian Norte","City of Vigan",0,2026-05-24T00:51:15.835019+00:00,REVIEW (Name variation with same DOB)
FUZZY_VARIATION,FUZZY-GRP-493,95015,"Gascon, Rose Jane Paiste",2005-01-08,Female,"San Julian Norte","City of Vigan",0,2026-05-08T20:21:22.260199+00:00,REVIEW (Name variation with same DOB)
FUZZY_VARIATION,FUZZY-GRP-493,137082,"GASCON, ROSEJANE PAISTE",2005-01-08,Female,"San Julian Norte","City of Vigan",0,2026-05-24T00:51:17.863707+00:00,REVIEW (Name variation with same DOB)
FUZZY_VARIATION,FUZZY-GRP-494,223017,"Alquiza, Estrelita Nu�ez",1961-10-21,Female,"Salindeg","City of Vigan",0,2026-06-24T07:51:26.607208+00:00,REVIEW (Name variation with same DOB)
FUZZY_VARIATION,FUZZY-GRP-494,224278,"Alquiza, Estrelita Nuñez",1961-10-21,Female,"Salindeg","City of Vigan",0,2026-06-25T01:43:06.335932+00:00,REVIEW (Name variation with same DOB)
FUZZY_VARIATION,FUZZY-GRP-495,95020,"Fontejon, Nurhaida Hamdi",1968-06-10,Female,"San Julian Norte","City of Vigan",0,2026-05-08T20:21:22.260199+00:00,REVIEW (Name variation with same DOB)
FUZZY_VARIATION,FUZZY-GRP-495,137261,"FONTEJON, NORHAIDA HAMDI",1968-06-10,Female,"San Julian Norte","City of Vigan",0,2026-05-24T00:51:17.863707+00:00,REVIEW (Name variation with same DOB)
FUZZY_VARIATION,FUZZY-GRP-496,95028,"Palo, Julita Pagalanan",1945-07-17,Female,"San Julian Norte","City of Vigan",0,2026-05-08T20:21:22.260199+00:00,REVIEW (Name variation with same DOB)
FUZZY_VARIATION,FUZZY-GRP-496,137446,"PALO, LITA PAGALANAN",1945-07-17,Female,"San Julian Norte","City of Vigan",0,2026-05-24T00:51:20.01736+00:00,REVIEW (Name variation with same DOB)
FUZZY_VARIATION,FUZZY-GRP-497,95079,"Sagun, Edmark Catubay",2013-09-05,Male,"San Julian Norte","City of Vigan",0,2026-05-08T20:21:22.260199+00:00,REVIEW (Name variation with same DOB)
FUZZY_VARIATION,FUZZY-GRP-497,136950,"SAGUN, ADMARK CATUBAY",2013-09-05,Male,"San Julian Norte","City of Vigan",0,2026-05-24T00:51:17.863707+00:00,REVIEW (Name variation with same DOB)
FUZZY_VARIATION,FUZZY-GRP-498,95089,"Baradi, Roberto Benabente",1983-05-02,Male,"San Julian Norte","City of Vigan",0,2026-05-08T20:21:22.260199+00:00,REVIEW (Name variation with same DOB)
FUZZY_VARIATION,FUZZY-GRP-498,136569,"BARADI, ROBERTO BUENABENTE",1983-05-02,Male,"San Julian Norte","City of Vigan",0,2026-05-24T00:51:15.835019+00:00,REVIEW (Name variation with same DOB)
FUZZY_VARIATION,FUZZY-GRP-499,95092,"Peralta, Jaime Arruejo",1955-08-11,Male,"San Julian Norte","City of Vigan",0,2026-05-08T20:21:22.260199+00:00,REVIEW (Name variation with same DOB)
FUZZY_VARIATION,FUZZY-GRP-499,136805,"PERALTA, JAIME ARUEJO",1955-08-11,Male,"San Julian Norte","City of Vigan",0,2026-05-24T00:51:17.863707+00:00,REVIEW (Name variation with same DOB)
FUZZY_VARIATION,FUZZY-GRP-500,95099,"Baroso, Luisa Mae Duro",2013-07-20,Female,"San Julian Norte","City of Vigan",0,2026-05-08T20:21:22.260199+00:00,REVIEW (Name variation with same DOB)
FUZZY_VARIATION,FUZZY-GRP-500,136420,"BAROSO, LOUIZA MAE DURO",2013-07-20,Female,"San Julian Norte","City of Vigan",0,2026-05-24T00:51:15.835019+00:00,REVIEW (Name variation with same DOB)
FUZZY_VARIATION,FUZZY-GRP-501,95107,"Rivera, Jordan Cyrile Selga",2013-08-27,Male,"San Julian Norte","City of Vigan",0,2026-05-08T20:21:22.260199+00:00,REVIEW (Name variation with same DOB)
FUZZY_VARIATION,FUZZY-GRP-501,136803,"RIVERA, JORDAN CYRIEL SELGA",2013-08-27,Male,"San Julian Norte","City of Vigan",0,2026-05-24T00:51:17.863707+00:00,REVIEW (Name variation with same DOB)
FUZZY_VARIATION,FUZZY-GRP-502,136135,"RONGCALES, AURELIA DAPHNE",2022-10-01,Female,"San Julian Norte","City of Vigan",0,2026-05-24T00:51:13.425653+00:00,REVIEW (Name variation with same DOB)
FUZZY_VARIATION,FUZZY-GRP-502,306185,"RONGCALES,AURELIA DAPHNE P.",2022-10-01,Female,"San Julian Norte","City of Vigan",0,2026-09-26T17:03:58.134301+00:00,REVIEW (Name variation with same DOB)
FUZZY_VARIATION,FUZZY-GRP-503,95129,"Manuel, Maria Isabella Asca�o",2024-02-16,Female,"San Julian Norte","City of Vigan",0,2026-05-08T20:21:22.260199+00:00,REVIEW (Name variation with same DOB)
FUZZY_VARIATION,FUZZY-GRP-503,138126,"Manuel, Maria Isabella Asca?o",2024-02-16,Female,"San Julian Norte","City of Vigan",0,2026-05-24T02:19:51.101348+00:00,REVIEW (Name variation with same DOB)
FUZZY_VARIATION,FUZZY-GRP-504,95134,"Pugrad, Marieta Panogao",1963-05-31,Female,"San Julian Norte","City of Vigan",0,2026-05-08T20:21:22.260199+00:00,REVIEW (Name variation with same DOB)
FUZZY_VARIATION,FUZZY-GRP-504,137175,"PUGRAD, MARIETTA PANOGAO",1963-05-31,Female,"San Julian Norte","City of Vigan",0,2026-05-24T00:51:17.863707+00:00,REVIEW (Name variation with same DOB)
FUZZY_VARIATION,FUZZY-GRP-505,95139,"Villanueva, Dondon Pascua",1990-09-24,Male,"San Julian Norte","City of Vigan",0,2026-05-08T20:21:22.260199+00:00,REVIEW (Name variation with same DOB)
FUZZY_VARIATION,FUZZY-GRP-505,136978,"VILLANUEVA, DON-DON PASCUA",1990-09-24,Male,"San Julian Norte","City of Vigan",0,2026-05-24T00:51:17.863707+00:00,REVIEW (Name variation with same DOB)
FUZZY_VARIATION,FUZZY-GRP-506,95141,"Alones, Eduardo Tordil",1966-10-13,Male,"San Julian Norte","City of Vigan",0,2026-05-08T20:21:22.260199+00:00,REVIEW (Name variation with same DOB)
FUZZY_VARIATION,FUZZY-GRP-506,136549,"ALONES, EDWARDO TONDIL",1966-10-13,Male,"San Julian Norte","City of Vigan",0,2026-05-24T00:51:15.835019+00:00,REVIEW (Name variation with same DOB)
FUZZY_VARIATION,FUZZY-GRP-507,95147,"Fontejon, Jamaica Pisquel",1999-11-08,Female,"San Julian Norte","City of Vigan",0,2026-05-08T20:21:22.260199+00:00,REVIEW (Name variation with same DOB)
FUZZY_VARIATION,FUZZY-GRP-507,137754,"FONTEJON, JAMAICA PISCEL",1999-11-08,Female,"San Julian Norte","City of Vigan",0,2026-05-24T00:51:20.01736+00:00,REVIEW (Name variation with same DOB)
FUZZY_VARIATION,FUZZY-GRP-508,95150,"Ferido, Angela Santilla",1987-09-15,Female,"San Julian Norte","City of Vigan",0,2026-05-08T20:21:22.260199+00:00,REVIEW (Name variation with same DOB)
FUZZY_VARIATION,FUZZY-GRP-508,136982,"FERIDO, ANGELA SANTELLA",1987-09-15,Female,"San Julian Norte","City of Vigan",0,2026-05-24T00:51:17.863707+00:00,REVIEW (Name variation with same DOB)
FUZZY_VARIATION,FUZZY-GRP-509,95180,"Bri�es, Venus Tolentino",1970-07-18,Female,"San Julian Norte","City of Vigan",0,2026-05-08T20:21:22.260199+00:00,REVIEW (Name variation with same DOB)
FUZZY_VARIATION,FUZZY-GRP-509,136364,"BRINES, VENUS TOLENTINO",1970-07-18,Female,"San Julian Norte","City of Vigan",0,2026-05-24T00:51:15.835019+00:00,REVIEW (Name variation with same DOB)
FUZZY_VARIATION,FUZZY-GRP-510,95180,"Bri�es, Venus Tolentino",1970-07-18,Female,"San Julian Norte","City of Vigan",0,2026-05-08T20:21:22.260199+00:00,REVIEW (Name variation with same DOB)
FUZZY_VARIATION,FUZZY-GRP-510,138123,"Bri?es, Venus Tolentino",1970-07-18,Female,"San Julian Norte","City of Vigan",0,2026-05-24T02:19:51.101348+00:00,REVIEW (Name variation with same DOB)
FUZZY_VARIATION,FUZZY-GRP-511,136364,"BRINES, VENUS TOLENTINO",1970-07-18,Female,"San Julian Norte","City of Vigan",0,2026-05-24T00:51:15.835019+00:00,REVIEW (Name variation with same DOB)
FUZZY_VARIATION,FUZZY-GRP-511,138123,"Bri?es, Venus Tolentino",1970-07-18,Female,"San Julian Norte","City of Vigan",0,2026-05-24T02:19:51.101348+00:00,REVIEW (Name variation with same DOB)
FUZZY_VARIATION,FUZZY-GRP-512,136058,"SUDARIA, ETHAN",2023-04-19,Male,"San Julian Norte","City of Vigan",0,2026-05-24T00:51:13.425653+00:00,REVIEW (Name variation with same DOB)
FUZZY_VARIATION,FUZZY-GRP-512,306067,"SUDARIA,ETHAN J.",2023-04-19,Male,"San Julian Norte","City of Vigan",0,2026-09-26T17:03:58.134301+00:00,REVIEW (Name variation with same DOB)
FUZZY_VARIATION,FUZZY-GRP-513,136170,"ATANES, JANAIAH ASTRID",2024-08-12,Female,"San Julian Norte","City of Vigan",0,2026-05-24T00:51:13.425653+00:00,REVIEW (Name variation with same DOB)
FUZZY_VARIATION,FUZZY-GRP-513,306128,"ATANES,JANAIAH ASTRID P.",2024-08-12,Female,"San Julian Norte","City of Vigan",0,2026-09-26T17:03:58.134301+00:00,REVIEW (Name variation with same DOB)
FUZZY_VARIATION,FUZZY-GRP-514,95211,"Pesta�o, Dayana Flores",1977-03-29,Female,"San Julian Norte","City of Vigan",0,2026-05-08T20:21:22.260199+00:00,REVIEW (Name variation with same DOB)
FUZZY_VARIATION,FUZZY-GRP-514,138129,"Pesta?o, Dayana Flores",1977-03-29,Female,"San Julian Norte","City of Vigan",0,2026-05-24T02:19:51.101348+00:00,REVIEW (Name variation with same DOB)
FUZZY_VARIATION,FUZZY-GRP-515,95212,"Rosario, Kristal Jane Cayabyab",2015-06-11,Female,"San Julian Norte","City of Vigan",0,2026-05-08T20:21:22.260199+00:00,REVIEW (Name variation with same DOB)
FUZZY_VARIATION,FUZZY-GRP-515,135901,"Rosario, Krystal Jane Cayabyab",2015-06-11,Female,"San Julian Norte","City of Vigan",0,2026-05-24T00:51:13.425653+00:00,REVIEW (Name variation with same DOB)
FUZZY_VARIATION,FUZZY-GRP-516,131232,"Navarro, Precious Samantha Ablog",2014-04-30,Female,"San Pedro","City of Vigan",0,2026-05-22T21:06:18.698842+00:00,REVIEW (Name variation with same DOB)
FUZZY_VARIATION,FUZZY-GRP-516,220183,"Navarro, Precious Samantha  Abog",2014-04-30,Female,"San Pedro","City of Vigan",0,2026-06-23T19:39:54.987717+00:00,REVIEW (Name variation with same DOB)
FUZZY_VARIATION,FUZZY-GRP-517,95239,"Ordo�ez, Lea Escobar",1994-09-22,Female,"San Julian Norte","City of Vigan",0,2026-05-08T20:21:22.260199+00:00,REVIEW (Name variation with same DOB)
FUZZY_VARIATION,FUZZY-GRP-517,138128,"Ordo?ez, Lea Escobar",1994-09-22,Female,"San Julian Norte","City of Vigan",0,2026-05-24T02:19:51.101348+00:00,REVIEW (Name variation with same DOB)
FUZZY_VARIATION,FUZZY-GRP-518,135953,"Ordo�ez, Lea",1994-09-22,Female,"San Julian Norte","City of Vigan",0,2026-05-24T00:51:13.425653+00:00,REVIEW (Name variation with same DOB)
FUZZY_VARIATION,FUZZY-GRP-518,138127,"Ordo?ez, Lea",1994-09-22,Female,"San Julian Norte","City of Vigan",0,2026-05-24T02:19:51.101348+00:00,REVIEW (Name variation with same DOB)
FUZZY_VARIATION,FUZZY-GRP-519,136019,"MALIWAT, THADDEUS NEJI",2022-01-22,Male,"San Julian Norte","City of Vigan",0,2026-05-24T00:51:13.425653+00:00,REVIEW (Name variation with same DOB)
FUZZY_VARIATION,FUZZY-GRP-519,306218,"MALIWAT,THADDEUS NEJI P.",2022-01-22,Male,"San Julian Norte","City of Vigan",0,2026-09-26T17:03:58.134301+00:00,REVIEW (Name variation with same DOB)
FUZZY_VARIATION,FUZZY-GRP-520,95261,"Alones, Ernesto Tordil",1961-10-04,Male,"San Julian Norte","City of Vigan",0,2026-05-08T20:21:22.260199+00:00,REVIEW (Name variation with same DOB)
FUZZY_VARIATION,FUZZY-GRP-520,136835,"ALONES, ERNESTO TORDUE",1961-10-04,Male,"San Julian Norte","City of Vigan",0,2026-05-24T00:51:17.863707+00:00,REVIEW (Name variation with same DOB)
FUZZY_VARIATION,FUZZY-GRP-521,95263,"Adame, Emely Reguira",1975-12-01,Female,"San Julian Norte","City of Vigan",0,2026-05-08T20:21:22.260199+00:00,REVIEW (Name variation with same DOB)
FUZZY_VARIATION,FUZZY-GRP-521,136716,"ADAME, EMELY RIGUERA",1975-12-01,Female,"San Julian Norte","City of Vigan",0,2026-05-24T00:51:15.835019+00:00,REVIEW (Name variation with same DOB)
FUZZY_VARIATION,FUZZY-GRP-522,95292,"Arcena, Cyrille Jade Orong",2011-04-23,Female,"San Julian Norte","City of Vigan",0,2026-05-08T20:21:22.260199+00:00,REVIEW (Name variation with same DOB)
FUZZY_VARIATION,FUZZY-GRP-522,137777,"ARCENA, CYRELLE JADE ORONG",2011-04-23,Female,"San Julian Norte","City of Vigan",0,2026-05-24T00:51:21.663972+00:00,REVIEW (Name variation with same DOB)
FUZZY_VARIATION,FUZZY-GRP-523,136077,"BAROSO, PRINCE RHEYVEN",2024-03-25,Male,"San Julian Norte","City of Vigan",0,2026-05-24T00:51:13.425653+00:00,REVIEW (Name variation with same DOB)
FUZZY_VARIATION,FUZZY-GRP-523,306226,"BAROSO,PRINCE RHEYVEN T.",2024-03-25,Male,"San Julian Norte","City of Vigan",0,2026-09-26T17:03:58.134301+00:00,REVIEW (Name variation with same DOB)
FUZZY_VARIATION,FUZZY-GRP-524,95309,"Domingo, Rein Lee Alones",2017-11-03,Male,"San Julian Norte","City of Vigan",0,2026-05-08T20:21:22.260199+00:00,REVIEW (Name variation with same DOB)
FUZZY_VARIATION,FUZZY-GRP-524,136866,"DOMINGO, REINLEE ALONES",2017-11-03,Female,"San Julian Norte","City of Vigan",0,2026-05-24T00:51:17.863707+00:00,REVIEW (Name variation with same DOB)
FUZZY_VARIATION,FUZZY-GRP-525,95313,"Parel, Sherry May Formoso",1993-05-19,Female,"San Julian Norte","City of Vigan",0,2026-05-08T20:21:22.260199+00:00,REVIEW (Name variation with same DOB)
FUZZY_VARIATION,FUZZY-GRP-525,136709,"PAREL, SHERRY MAE FORMOSO",1993-05-19,Female,"San Julian Norte","City of Vigan",0,2026-05-24T00:51:15.835019+00:00,REVIEW (Name variation with same DOB)
FUZZY_VARIATION,FUZZY-GRP-526,95327,"Talania, Iyanelle Yvonne Alibin",2007-06-15,Female,"San Julian Norte","City of Vigan",0,2026-05-08T20:21:22.260199+00:00,REVIEW (Name variation with same DOB)
FUZZY_VARIATION,FUZZY-GRP-526,138001,"TALANIA, LYANELLE YVONNE ALIBIN",2007-06-15,Female,"San Julian Norte","City of Vigan",0,2026-05-24T00:51:21.663972+00:00,REVIEW (Name variation with same DOB)
FUZZY_VARIATION,FUZZY-GRP-527,136142,"FENIS, GIANNA ODYSSEY",2023-02-16,Female,"San Julian Norte","City of Vigan",0,2026-05-24T00:51:13.425653+00:00,REVIEW (Name variation with same DOB)
FUZZY_VARIATION,FUZZY-GRP-527,306072,"FENIS,GIANNA ODYSSEY R.",2023-02-16,Female,"San Julian Norte","City of Vigan",0,2026-09-26T17:03:58.134301+00:00,REVIEW (Name variation with same DOB)
FUZZY_VARIATION,FUZZY-GRP-528,95343,"Prades, Ma. Emma Vi�as",1994-09-24,Female,"San Julian Norte","City of Vigan",0,2026-05-08T20:21:22.260199+00:00,REVIEW (Name variation with same DOB)
FUZZY_VARIATION,FUZZY-GRP-528,138099,"PRADES, MA.EMMA VINAS",1994-09-24,Female,"San Julian Norte","City of Vigan",0,2026-05-24T00:51:21.663972+00:00,REVIEW (Name variation with same DOB)
FUZZY_VARIATION,FUZZY-GRP-529,95343,"Prades, Ma. Emma Vi�as",1994-09-24,Female,"San Julian Norte","City of Vigan",0,2026-05-08T20:21:22.260199+00:00,REVIEW (Name variation with same DOB)
FUZZY_VARIATION,FUZZY-GRP-529,138132,"Prades, Ma. Emma Vi?as",1994-09-24,Female,"San Julian Norte","City of Vigan",0,2026-05-24T02:19:51.101348+00:00,REVIEW (Name variation with same DOB)
FUZZY_VARIATION,FUZZY-GRP-530,138099,"PRADES, MA.EMMA VINAS",1994-09-24,Female,"San Julian Norte","City of Vigan",0,2026-05-24T00:51:21.663972+00:00,REVIEW (Name variation with same DOB)
FUZZY_VARIATION,FUZZY-GRP-530,138132,"Prades, Ma. Emma Vi?as",1994-09-24,Female,"San Julian Norte","City of Vigan",0,2026-05-24T02:19:51.101348+00:00,REVIEW (Name variation with same DOB)
FUZZY_VARIATION,FUZZY-GRP-531,95406,"CASTANEDA EDWIN ASLOR",1958-03-11,Male,"Purok-a-bassit","City of Vigan",0,2026-05-08T23:23:38.7858+00:00,REVIEW (Name variation with same DOB)
FUZZY_VARIATION,FUZZY-GRP-531,310233,"Casta�eda, Edwin Aslor",1958-03-11,Male,"Purok-a-bassit","City of Vigan",0,2026-09-27T07:09:47.455431+00:00,REVIEW (Name variation with same DOB)
FUZZY_VARIATION,FUZZY-GRP-532,95407,"CASTANEDA CLARITA JARAMILLO",1958-10-25,Female,"Purok-a-bassit","City of Vigan",0,2026-05-08T23:23:38.7858+00:00,REVIEW (Name variation with same DOB)
FUZZY_VARIATION,FUZZY-GRP-532,310236,"Casta�eda, Clarita Jaramillo",1958-10-25,Female,"Purok-a-bassit","City of Vigan",0,2026-09-27T07:09:47.455431+00:00,REVIEW (Name variation with same DOB)
FUZZY_VARIATION,FUZZY-GRP-533,95430,"ARGALLON EDITHA PINZON",1945-10-06,Female,"Purok-a-bassit","City of Vigan",0,2026-05-08T23:23:38.7858+00:00,REVIEW (Name variation with same DOB)
FUZZY_VARIATION,FUZZY-GRP-533,310240,"Argallon, Edita Pinzon",1945-10-06,Female,"Purok-a-bassit","City of Vigan",0,2026-09-27T07:09:47.455431+00:00,REVIEW (Name variation with same DOB)
FUZZY_VARIATION,FUZZY-GRP-534,95466,"SINGH KAITHLYN THERESE MERCURIO",2020-06-16,Female,"Purok-a-bassit","City of Vigan",0,2026-05-08T23:23:38.7858+00:00,REVIEW (Name variation with same DOB)
FUZZY_VARIATION,FUZZY-GRP-534,99657,"Singh, Kaitlyn Therese Mercurio",2020-06-16,Female,"San Jose","City of Vigan",0,2026-05-10T13:36:01.112343+00:00,REVIEW (Name variation with same DOB)
FUZZY_VARIATION,FUZZY-GRP-535,95514,"INES QUENNIE SCARLETE SARANILLA",2021-10-15,Female,"Purok-a-bassit","City of Vigan",0,2026-05-08T23:23:38.7858+00:00,REVIEW (Name variation with same DOB)
FUZZY_VARIATION,FUZZY-GRP-535,304499,"Ines, Queenie Scarlette Saranilla",2021-10-15,Female,"Purok-a-bassit","City of Vigan",0,2026-09-26T12:05:01.772409+00:00,REVIEW (Name variation with same DOB)
FUZZY_VARIATION,FUZZY-GRP-536,135835,"Atiagan, Estella Ong",1973-06-27,Female,"San Julian Norte","City of Vigan",0,2026-05-24T00:51:13.425653+00:00,REVIEW (Name variation with same DOB)
FUZZY_VARIATION,FUZZY-GRP-536,137846,"ATIAGAN, ESTELA ONG",1973-06-27,Female,"San Julian Norte","City of Vigan",0,2026-05-24T00:51:21.663972+00:00,REVIEW (Name variation with same DOB)
FUZZY_VARIATION,FUZZY-GRP-537,96566,"Venturanza, Jayson Abuan",2001-09-13,Male,"Capangpangan","City of Vigan",0,2026-05-09T05:10:19.26877+00:00,REVIEW (Name variation with same DOB)
FUZZY_VARIATION,FUZZY-GRP-537,158526,"Ventunanza Jayson Abuan",2001-09-13,Male,"Purok-a-dackel","City of Vigan",0,2026-05-31T08:17:04.191472+00:00,REVIEW (Name variation with same DOB)
FUZZY_VARIATION,FUZZY-GRP-538,222569,"Pate�o, Justine Aslor",2016-09-24,Male,"Salindeg","City of Vigan",0,2026-06-24T07:51:24.475842+00:00,REVIEW (Name variation with same DOB)
FUZZY_VARIATION,FUZZY-GRP-538,224251,"Pateño, Justine Aslor",2016-09-24,Male,"Salindeg","City of Vigan",0,2026-06-25T01:31:45.366031+00:00,REVIEW (Name variation with same DOB)
FUZZY_VARIATION,FUZZY-GRP-539,95573,"PAJO CHRISTIAN PETATE",2008-11-16,Male,"Purok-a-bassit","City of Vigan",0,2026-05-08T23:23:38.7858+00:00,REVIEW (Name variation with same DOB)
FUZZY_VARIATION,FUZZY-GRP-539,310282,"Pajo, Cristian Petate",2008-11-16,Male,"Purok-a-bassit","City of Vigan",0,2026-09-27T07:09:47.455431+00:00,REVIEW (Name variation with same DOB)
FUZZY_VARIATION,FUZZY-GRP-540,279313,"Montano, Victorino Aberin",1995-07-07,Male,"Barangay VI","City of Vigan",0,2026-09-02T12:47:14.496177+00:00,REVIEW (Name variation with same DOB)
FUZZY_VARIATION,FUZZY-GRP-540,303663,"Montano, Victorino Averin",1995-07-07,Male,"Barangay VI","City of Vigan",0,2026-09-26T05:36:08.072839+00:00,REVIEW (Name variation with same DOB)
FUZZY_VARIATION,FUZZY-GRP-541,95645,"RIVETA KYLIE ANN VENTURA",2024-03-03,Female,"Purok-a-bassit","City of Vigan",0,2026-05-08T23:23:38.7858+00:00,REVIEW (Name variation with same DOB)
FUZZY_VARIATION,FUZZY-GRP-541,304506,"Riveta, Kylie Anne Ventura",2024-03-03,Female,"Purok-a-bassit","City of Vigan",0,2026-09-26T12:05:01.772409+00:00,REVIEW (Name variation with same DOB)
FUZZY_VARIATION,FUZZY-GRP-542,135929,"Sudaria, Mary Rose Atangan",2015-03-12,Female,"San Julian Norte","City of Vigan",0,2026-05-24T00:51:13.425653+00:00,REVIEW (Name variation with same DOB)
FUZZY_VARIATION,FUZZY-GRP-542,137803,"SUDARIA, MARIE ROSE ATANGAN",2015-03-12,Female,"San Julian Norte","City of Vigan",0,2026-05-24T00:51:21.663972+00:00,REVIEW (Name variation with same DOB)
FUZZY_VARIATION,FUZZY-GRP-543,95739,"PACURSA VEA ANDREA ARRUEJO",2021-11-22,Female,"Purok-a-bassit","City of Vigan",0,2026-05-08T23:27:08.191258+00:00,REVIEW (Name variation with same DOB)
FUZZY_VARIATION,FUZZY-GRP-543,304500,"Pacursa, Via Andrea Arruejo",2021-11-22,Female,"Purok-a-bassit","City of Vigan",0,2026-09-26T12:05:01.772409+00:00,REVIEW (Name variation with same DOB)
FUZZY_VARIATION,FUZZY-GRP-544,95783,"ASPACIO JULITA CARINO",1954-06-16,Female,"Purok-a-bassit","City of Vigan",0,2026-05-08T23:27:08.191258+00:00,REVIEW (Name variation with same DOB)
FUZZY_VARIATION,FUZZY-GRP-544,310254,"Aspacio, Julita Cari�o",1954-06-16,Female,"Purok-a-bassit","City of Vigan",0,2026-09-27T07:09:47.455431+00:00,REVIEW (Name variation with same DOB)
FUZZY_VARIATION,FUZZY-GRP-545,136028,"VILLANUEVA, REDRIEL",2022-04-07,Male,"San Julian Norte","City of Vigan",0,2026-05-24T00:51:13.425653+00:00,REVIEW (Name variation with same DOB)
FUZZY_VARIATION,FUZZY-GRP-545,306230,"VILLANUEVA,REDRIEL E.",2022-04-07,Male,"San Julian Norte","City of Vigan",0,2026-09-26T17:03:58.134301+00:00,REVIEW (Name variation with same DOB)
FUZZY_VARIATION,FUZZY-GRP-546,254056,"Ponce, Brynn Zade De Peralta",2022-04-07,Male,"Barangay IX","City of Vigan",0,2026-07-21T12:25:15.725005+00:00,REVIEW (Name variation with same DOB)
FUZZY_VARIATION,FUZZY-GRP-546,307992,"Ponce, Brynn Jade De Peralta",2022-04-07,Male,"Barangay IX","City of Vigan",0,2026-09-27T01:53:20.862627+00:00,REVIEW (Name variation with same DOB)
FUZZY_VARIATION,FUZZY-GRP-547,96152,"Abellon, Jericho Petate",2009-01-24,Male,"Capangpangan","City of Vigan",0,2026-05-09T05:10:19.26877+00:00,REVIEW (Name variation with same DOB)
FUZZY_VARIATION,FUZZY-GRP-547,96994,"ABELLON, JERICHO PELATE",2009-01-24,Male,"Capangpangan","City of Vigan",0,2026-05-09T05:10:20.6829+00:00,REVIEW (Name variation with same DOB)
FUZZY_VARIATION,FUZZY-GRP-548,96169,"Tobia, Sandara Torio",2006-01-11,Female,"Capangpangan","City of Vigan",0,2026-05-09T05:10:19.26877+00:00,REVIEW (Name variation with same DOB)
FUZZY_VARIATION,FUZZY-GRP-548,96170,"Tobia, Sanaira Torio",2006-01-11,Female,"Capangpangan","City of Vigan",0,2026-05-09T05:10:19.26877+00:00,REVIEW (Name variation with same DOB)
FUZZY_VARIATION,FUZZY-GRP-549,96218,"Mandapat, Bren Joseph Bonaobra",1994-06-24,Male,"Capangpangan","City of Vigan",0,2026-05-09T05:10:19.26877+00:00,REVIEW (Name variation with same DOB)
FUZZY_VARIATION,FUZZY-GRP-549,97127,"MANDAPAT, BEREN JOSEPH BONAOBRA",1994-06-24,Male,"Capangpangan","City of Vigan",0,2026-05-09T06:15:25.279506+00:00,REVIEW (Name variation with same DOB)
FUZZY_VARIATION,FUZZY-GRP-550,96220,"Lim, Nodie Vince Raquepo",2021-05-22,Female,"Capangpangan","City of Vigan",0,2026-05-09T05:10:19.26877+00:00,REVIEW (Name variation with same DOB)
FUZZY_VARIATION,FUZZY-GRP-550,303656,"Lim, Nadi Vince Raquepo",2021-05-22,Male,"Barangay VI","City of Vigan",0,2026-09-26T05:36:08.072839+00:00,REVIEW (Name variation with same DOB)
FUZZY_VARIATION,FUZZY-GRP-551,97719,"Cabotaje, Lance Edrick Dimalanta",2005-05-04,Male,"Pantay Daya","City of Vigan",0,2026-05-09T08:45:57.595276+00:00,REVIEW (Name variation with same DOB)
FUZZY_VARIATION,FUZZY-GRP-551,133929,"Cabotaje, Lance Edrick Dumalanta",2005-05-04,Male,"Pantay Daya","City of Vigan",0,2026-05-23T22:35:47.630264+00:00,REVIEW (Name variation with same DOB)
FUZZY_VARIATION,FUZZY-GRP-552,96223,"Gonzales, Isidra Quisa-ot",1955-05-14,Female,"Capangpangan","City of Vigan",0,2026-05-09T05:10:19.26877+00:00,REVIEW (Name variation with same DOB)
FUZZY_VARIATION,FUZZY-GRP-552,306846,"Gonzales, Isidra Quisaot",1955-05-14,Female,"Capangpangan","City of Vigan",0,2026-09-27T00:55:21.790398+00:00,REVIEW (Name variation with same DOB)
FUZZY_VARIATION,FUZZY-GRP-553,96245,"Fenol, Danica Victoria Aluit",1998-10-27,Female,"Capangpangan","City of Vigan",0,2026-05-09T05:10:19.26877+00:00,REVIEW (Name variation with same DOB)
FUZZY_VARIATION,FUZZY-GRP-553,97068,"FENOL, DANICA VICTORIA ALWIT",1998-10-27,Female,"Capangpangan","City of Vigan",0,2026-05-09T06:15:25.279506+00:00,REVIEW (Name variation with same DOB)
FUZZY_VARIATION,FUZZY-GRP-554,96271,"Armeje, Abigail Raganet",2023-08-25,Female,"Capangpangan","City of Vigan",0,2026-05-09T05:10:19.26877+00:00,REVIEW (Name variation with same DOB)
FUZZY_VARIATION,FUZZY-GRP-554,306917,"Armeji, Abigail Raganet",2023-08-25,Female,"Capangpangan","City of Vigan",0,2026-09-27T01:00:08.576953+00:00,REVIEW (Name variation with same DOB)
FUZZY_VARIATION,FUZZY-GRP-555,96295,"Arce, Raymond Caballero",1980-01-10,Male,"Capangpangan","City of Vigan",0,2026-05-09T05:10:19.26877+00:00,REVIEW (Name variation with same DOB)
FUZZY_VARIATION,FUZZY-GRP-555,97232,"ARCE, RAYMUND CABALLERO",1980-01-10,Male,"Capangpangan","City of Vigan",0,2026-05-09T06:15:25.279506+00:00,REVIEW (Name variation with same DOB)
FUZZY_VARIATION,FUZZY-GRP-556,96341,"Pascua, Virgilio Espina",1983-03-08,Male,"Capangpangan","City of Vigan",0,2026-05-09T05:10:19.26877+00:00,REVIEW (Name variation with same DOB)
FUZZY_VARIATION,FUZZY-GRP-556,97218,"PASCUA, VIRGILIIO ESPINA",1983-03-08,Male,"Capangpangan","City of Vigan",0,2026-05-09T06:15:25.279506+00:00,REVIEW (Name variation with same DOB)
FUZZY_VARIATION,FUZZY-GRP-557,96365,"Abellon, William Petate",2013-03-20,Male,"Capangpangan","City of Vigan",0,2026-05-09T05:10:19.26877+00:00,REVIEW (Name variation with same DOB)
FUZZY_VARIATION,FUZZY-GRP-557,96993,"ABELLON, WILLIAM PELATE",2013-03-20,Male,"Capangpangan","City of Vigan",0,2026-05-09T05:10:20.6829+00:00,REVIEW (Name variation with same DOB)
FUZZY_VARIATION,FUZZY-GRP-558,97294,"LAZO*, ALFREDO RIDOR",1961-07-27,Male,"Capangpangan","City of Vigan",0,2026-05-09T06:15:25.279506+00:00,REVIEW (Name variation with same DOB)
FUZZY_VARIATION,FUZZY-GRP-558,306830,"Lazo, Alfredo Ridor",1961-07-27,Male,"Capangpangan","City of Vigan",0,2026-09-27T00:55:21.790398+00:00,REVIEW (Name variation with same DOB)
FUZZY_VARIATION,FUZZY-GRP-559,96375,"Tacanay, Roberto Apanay",1986-07-12,Male,"Capangpangan","City of Vigan",0,2026-05-09T05:10:19.26877+00:00,REVIEW (Name variation with same DOB)
FUZZY_VARIATION,FUZZY-GRP-559,97200,"TACANAY, ROBERTO ADANAY",1986-07-12,Male,"Capangpangan","City of Vigan",0,2026-05-09T06:15:25.279506+00:00,REVIEW (Name variation with same DOB)
FUZZY_VARIATION,FUZZY-GRP-560,96376,"Tacal, Arcelie Criste",1962-12-26,Female,"Capangpangan","City of Vigan",0,2026-05-09T05:10:19.26877+00:00,REVIEW (Name variation with same DOB)
FUZZY_VARIATION,FUZZY-GRP-560,306869,"Tacal, Arceli Criste",1962-12-26,Female,"Capangpangan","City of Vigan",0,2026-09-27T00:58:08.790967+00:00,REVIEW (Name variation with same DOB)
FUZZY_VARIATION,FUZZY-GRP-561,96392,"Pugal, Ni�a Rus-ane Bascao",2013-12-24,Female,"Capangpangan","City of Vigan",0,2026-05-09T05:10:19.26877+00:00,REVIEW (Name variation with same DOB)
FUZZY_VARIATION,FUZZY-GRP-561,229868,"PUGAL, NINA RUS-ANNE BASCAO",2013-12-24,Female,"Capangpangan","City of Vigan",0,2026-06-26T14:49:05.970234+00:00,REVIEW (Name variation with same DOB)
FUZZY_VARIATION,FUZZY-GRP-562,131053,"Agapinan, Fredelyn Rabilas",1982-02-06,Female,"San Pedro","City of Vigan",0,2026-05-22T21:06:18.698842+00:00,REVIEW (Name variation with same DOB)
FUZZY_VARIATION,FUZZY-GRP-562,219732,"Agapinan, Fredalyn Rabilas",1982-02-06,Female,"San Pedro","City of Vigan",0,2026-06-23T19:39:09.228885+00:00,REVIEW (Name variation with same DOB)
FUZZY_VARIATION,FUZZY-GRP-563,131443,"Magno, Myra Angela Mancao",2015-09-26,Female,"San Pedro","City of Vigan",0,2026-05-22T21:06:18.698842+00:00,REVIEW (Name variation with same DOB)
FUZZY_VARIATION,FUZZY-GRP-563,220008,"Magno, Myna Angel Mancao",2015-09-26,Male,"San Pedro","City of Vigan",0,2026-06-23T19:39:09.228885+00:00,REVIEW (Name variation with same DOB)
FUZZY_VARIATION,FUZZY-GRP-564,278983,"Rabara, Earl Jarren Bascao",2015-09-26,Male,"Barangay VI","City of Vigan",0,2026-09-02T12:22:23.423019+00:00,REVIEW (Name variation with same DOB)
FUZZY_VARIATION,FUZZY-GRP-564,279306,"Rabara, Earl Jharen Bascao",2015-09-26,Male,"Barangay VI","City of Vigan",0,2026-09-02T12:47:14.496177+00:00,REVIEW (Name variation with same DOB)
FUZZY_VARIATION,FUZZY-GRP-565,136288,"Dela Rosa, Mary Chelle Apales",2019-02-28,Female,"San Julian Norte","City of Vigan",1,2026-05-24T00:51:15.835019+00:00,REVIEW (Name variation with same DOB)
FUZZY_VARIATION,FUZZY-GRP-565,136493,"DELA ROSA, MAIRY CHELLE APALES",2019-02-28,Female,"San Julian Norte","City of Vigan",0,2026-05-24T00:51:15.835019+00:00,REVIEW (Name variation with same DOB)
FUZZY_VARIATION,FUZZY-GRP-566,136335,"DELA ROSA,MARY CHELLE, APALES",2019-02-28,Female,"San Julian Norte","City of Vigan",1,2026-05-24T00:51:15.835019+00:00,REVIEW (Name variation with same DOB)
FUZZY_VARIATION,FUZZY-GRP-566,136493,"DELA ROSA, MAIRY CHELLE APALES",2019-02-28,Female,"San Julian Norte","City of Vigan",0,2026-05-24T00:51:15.835019+00:00,REVIEW (Name variation with same DOB)
FUZZY_VARIATION,FUZZY-GRP-567,96468,"Alviar, Zxanille Aldrei Cuevas",2018-01-20,Male,"Capangpangan","City of Vigan",0,2026-05-09T05:10:19.26877+00:00,REVIEW (Name variation with same DOB)
FUZZY_VARIATION,FUZZY-GRP-567,229833,"ALVIAR, ZXANILLE ALREI CUEVAS",2018-01-20,Male,"Capangpangan","City of Vigan",0,2026-06-26T14:49:05.970234+00:00,REVIEW (Name variation with same DOB)
FUZZY_VARIATION,FUZZY-GRP-568,96475,"Pugal, Princess Hannah Bulong",2011-11-18,Female,"Capangpangan","City of Vigan",0,2026-05-09T05:10:19.26877+00:00,REVIEW (Name variation with same DOB)
FUZZY_VARIATION,FUZZY-GRP-568,229894,"PUGAL, PRINCESS HANNA BULONG",2011-11-18,Female,"Capangpangan","City of Vigan",0,2026-06-26T14:49:05.970234+00:00,REVIEW (Name variation with same DOB)
FUZZY_VARIATION,FUZZY-GRP-569,136066,"ADAME, EMERSON JAY",2023-10-26,Male,"San Julian Norte","City of Vigan",0,2026-05-24T00:51:13.425653+00:00,REVIEW (Name variation with same DOB)
FUZZY_VARIATION,FUZZY-GRP-569,306080,"ADAME,EMERSON JAY B.",2023-10-26,Male,"San Julian Norte","City of Vigan",0,2026-09-26T17:03:58.134301+00:00,REVIEW (Name variation with same DOB)
FUZZY_VARIATION,FUZZY-GRP-570,96533,"Criste, Marietta Arce",1934-07-05,Female,"Capangpangan","City of Vigan",0,2026-05-09T05:10:19.26877+00:00,REVIEW (Name variation with same DOB)
FUZZY_VARIATION,FUZZY-GRP-570,306888,"Criste, Marieta Arce",1934-07-05,Female,"Capangpangan","City of Vigan",0,2026-09-27T00:58:08.790967+00:00,REVIEW (Name variation with same DOB)
FUZZY_VARIATION,FUZZY-GRP-571,136175,"ALONES, JANELLA",2025-01-04,Female,"San Julian Norte","City of Vigan",0,2026-05-24T00:51:13.425653+00:00,REVIEW (Name variation with same DOB)
FUZZY_VARIATION,FUZZY-GRP-571,306204,"ALONES,JANELLA P.",2025-01-04,Female,"San Julian Norte","City of Vigan",0,2026-09-26T17:03:58.134301+00:00,REVIEW (Name variation with same DOB)
FUZZY_VARIATION,FUZZY-GRP-572,96540,"Icoy, Johnpaul Villalon",2011-11-09,Male,"Capangpangan","City of Vigan",0,2026-05-09T05:10:19.26877+00:00,REVIEW (Name variation with same DOB)
FUZZY_VARIATION,FUZZY-GRP-572,229904,"ICOY, JOHN PAUL VILLALON",2011-11-09,Male,"Capangpangan","City of Vigan",0,2026-06-26T14:49:05.970234+00:00,REVIEW (Name variation with same DOB)
FUZZY_VARIATION,FUZZY-GRP-573,96541,"Reg, Don Joacquin Piano",2010-08-29,Male,"Capangpangan","City of Vigan",0,2026-05-09T05:10:19.26877+00:00,REVIEW (Name variation with same DOB)
FUZZY_VARIATION,FUZZY-GRP-573,229915,"REG, DON JOAQUIN PIANO",2010-08-29,Male,"Capangpangan","City of Vigan",0,2026-06-26T14:49:05.970234+00:00,REVIEW (Name variation with same DOB)
FUZZY_VARIATION,FUZZY-GRP-574,96596,"Gaan, Jacquelin Aspa",1989-12-12,Female,"Capangpangan","City of Vigan",0,2026-05-09T05:10:19.26877+00:00,REVIEW (Name variation with same DOB)
FUZZY_VARIATION,FUZZY-GRP-574,96601,"GAAN, JACQUELINE ASPA",1989-12-12,Female,"Capangpangan","City of Vigan",0,2026-05-09T05:10:19.26877+00:00,REVIEW (Name variation with same DOB)
FUZZY_VARIATION,FUZZY-GRP-575,96613,"PUGAL, MARIA VICTORIA REBUYACO",1988-02-19,Female,"Capangpangan","City of Vigan",0,2026-05-09T05:10:19.26877+00:00,REVIEW (Name variation with same DOB)
FUZZY_VARIATION,FUZZY-GRP-575,306941,"Pugal, Maria Victoria Ribuyaco",1988-02-19,Female,"Capangpangan","City of Vigan",0,2026-09-27T01:00:08.576953+00:00,REVIEW (Name variation with same DOB)
FUZZY_VARIATION,FUZZY-GRP-576,98149,"Villones, Anna May Ines",1986-05-04,Female,"Pantay Daya","City of Vigan",0,2026-05-09T08:45:59.260172+00:00,REVIEW (Name variation with same DOB)
FUZZY_VARIATION,FUZZY-GRP-576,135572,"Villiones, Anna May Ines",1986-05-04,Female,"Pantay Daya","City of Vigan",0,2026-05-23T22:35:52.650663+00:00,REVIEW (Name variation with same DOB)
FUZZY_VARIATION,FUZZY-GRP-577,96684,"Luna, Luzminda Pinyaluga",1979-03-29,Female,"Capangpangan","City of Vigan",0,2026-05-09T05:10:20.6829+00:00,REVIEW (Name variation with same DOB)
FUZZY_VARIATION,FUZZY-GRP-577,306852,"Luna, Luzminda Piñaloga",1979-03-29,Female,"Capangpangan","City of Vigan",0,2026-09-27T00:55:21.790398+00:00,REVIEW (Name variation with same DOB)
FUZZY_VARIATION,FUZZY-GRP-578,96724,"JAVATE*, CATHERINE PAULINO",1970-09-11,Female,"Capangpangan","City of Vigan",0,2026-05-09T05:10:20.6829+00:00,REVIEW (Name variation with same DOB)
FUZZY_VARIATION,FUZZY-GRP-578,306836,"Javate, Catherine Paulino",1970-09-11,Female,"Capangpangan","City of Vigan",0,2026-09-27T00:55:21.790398+00:00,REVIEW (Name variation with same DOB)
FUZZY_VARIATION,FUZZY-GRP-579,96730,"Criste, Madelyn Arce",1969-11-08,Female,"Capangpangan","City of Vigan",0,2026-05-09T05:10:20.6829+00:00,REVIEW (Name variation with same DOB)
FUZZY_VARIATION,FUZZY-GRP-579,96731,"Criste, Madeline Arce",1969-11-08,Female,"Capangpangan","City of Vigan",0,2026-05-09T05:10:20.6829+00:00,REVIEW (Name variation with same DOB)
FUZZY_VARIATION,FUZZY-GRP-580,136063,"CABREROS, CARL JIREN",2023-07-28,Male,"San Julian Norte","City of Vigan",0,2026-05-24T00:51:13.425653+00:00,REVIEW (Name variation with same DOB)
FUZZY_VARIATION,FUZZY-GRP-580,306135,"CABREROS,CARL JIREN T.",2023-07-28,Male,"San Julian Norte","City of Vigan",0,2026-09-26T17:03:58.134301+00:00,REVIEW (Name variation with same DOB)
FUZZY_VARIATION,FUZZY-GRP-581,96832,"Gonzales, Milan",2022-06-14,Male,"Capangpangan","City of Vigan",0,2026-05-09T05:10:20.6829+00:00,REVIEW (Name variation with same DOB)
FUZZY_VARIATION,FUZZY-GRP-581,96917,"GONSALEZ, MILAN",2022-06-14,Male,"Capangpangan","City of Vigan",0,2026-05-09T05:10:20.6829+00:00,REVIEW (Name variation with same DOB)
FUZZY_VARIATION,FUZZY-GRP-582,96869,"Piano, Wyonona Claire",2021-05-03,Female,"Capangpangan","City of Vigan",0,2026-05-09T05:10:20.6829+00:00,REVIEW (Name variation with same DOB)
FUZZY_VARIATION,FUZZY-GRP-582,96928,"PIANO, WYON0NA CLAIRE",2021-05-03,Female,"Capangpangan","City of Vigan",0,2026-05-09T05:10:20.6829+00:00,REVIEW (Name variation with same DOB)
FUZZY_VARIATION,FUZZY-GRP-583,96885,"Tabbay, Anaiah Ally",2021-07-22,Female,"Capangpangan","City of Vigan",0,2026-05-09T05:10:20.6829+00:00,REVIEW (Name variation with same DOB)
FUZZY_VARIATION,FUZZY-GRP-583,96946,"TABBAL, ANAIAH ALLY",2021-07-22,Female,"Capangpangan","City of Vigan",0,2026-05-09T05:10:20.6829+00:00,REVIEW (Name variation with same DOB)
FUZZY_VARIATION,FUZZY-GRP-584,136332,"TAPALGO,ROIVIN, QUITASOL",2019-04-15,Male,"San Julian Norte","City of Vigan",0,2026-05-24T00:51:15.835019+00:00,REVIEW (Name variation with same DOB)
FUZZY_VARIATION,FUZZY-GRP-584,137016,"TAPALGO, REIVIN QUITASOL",2019-04-15,Male,"San Julian Norte","City of Vigan",0,2026-05-24T00:51:17.863707+00:00,REVIEW (Name variation with same DOB)
FUZZY_VARIATION,FUZZY-GRP-585,96956,"ABELLON,PRECIOUS KEISIA, ESPIRITU",2016-01-05,Female,"Capangpangan","City of Vigan",0,2026-05-09T05:10:20.6829+00:00,REVIEW (Name variation with same DOB)
FUZZY_VARIATION,FUZZY-GRP-585,96992,"ABELLON, PRECIOUS KISIA ESPIRITO",2016-01-05,Female,"Capangpangan","City of Vigan",0,2026-05-09T05:10:20.6829+00:00,REVIEW (Name variation with same DOB)
FUZZY_VARIATION,FUZZY-GRP-586,135851,"Frando, Sofia Keith Palacpac",2015-01-12,Female,"San Julian Norte","City of Vigan",0,2026-05-24T00:51:13.425653+00:00,REVIEW (Name variation with same DOB)
FUZZY_VARIATION,FUZZY-GRP-586,137704,"FRANDO, SOPHIA KEITH PALACPAC",2015-01-12,Female,"San Julian Norte","City of Vigan",0,2026-05-24T00:51:20.01736+00:00,REVIEW (Name variation with same DOB)
FUZZY_VARIATION,FUZZY-GRP-587,99349,"Aganon, Allen Tumbaga",1995-12-16,Male,"Cabalangegan","City of Vigan",0,2026-05-10T10:30:04.352709+00:00,REVIEW (Name variation with same DOB)
FUZZY_VARIATION,FUZZY-GRP-587,308055,"AGANON, ALLEN TOMBAGA",1995-12-16,Male,"Cabalangegan","City of Vigan",0,2026-09-27T02:18:12.589294+00:00,REVIEW (Name variation with same DOB)
FUZZY_VARIATION,FUZZY-GRP-588,222807,"Sales, Joel Reginald Mari�as",1993-02-12,Male,"Salindeg","City of Vigan",0,2026-06-24T07:51:24.475842+00:00,REVIEW (Name variation with same DOB)
FUZZY_VARIATION,FUZZY-GRP-588,224256,"Sales, Joel Reginald Mariñas",1993-02-12,Male,"Salindeg","City of Vigan",0,2026-06-25T01:31:45.366031+00:00,REVIEW (Name variation with same DOB)
FUZZY_VARIATION,FUZZY-GRP-589,97211,"RAFANAN*, PETER RECLUSADO",1983-09-09,Male,"Capangpangan","City of Vigan",0,2026-05-09T06:15:25.279506+00:00,REVIEW (Name variation with same DOB)
FUZZY_VARIATION,FUZZY-GRP-589,135239,"Rafanan, Peter Reclusado",1983-09-09,Male,"Pantay Daya","City of Vigan",0,2026-05-23T22:35:52.650663+00:00,REVIEW (Name variation with same DOB)
FUZZY_VARIATION,FUZZY-GRP-590,97309,"ARTATES, FRANCISCO FERMATO",1949-09-17,Male,"Capangpangan","City of Vigan",0,2026-05-09T06:15:25.279506+00:00,REVIEW (Name variation with same DOB)
FUZZY_VARIATION,FUZZY-GRP-590,306892,"Artates, Francisco Permato",1949-09-17,Male,"Capangpangan","City of Vigan",0,2026-09-27T01:00:08.576953+00:00,REVIEW (Name variation with same DOB)
FUZZY_VARIATION,FUZZY-GRP-591,99543,"Filarca, Johnrey Castillo",1994-03-12,Male,"San Jose","City of Vigan",0,2026-05-10T13:36:01.112343+00:00,REVIEW (Name variation with same DOB)
FUZZY_VARIATION,FUZZY-GRP-591,307880,"FILARCA, JHONREY CASTILLO",1994-03-12,Male,"San Jose","City of Vigan",0,2026-09-27T01:49:06.259443+00:00,REVIEW (Name variation with same DOB)
FUZZY_VARIATION,FUZZY-GRP-592,97329,"JAVATE*, CHARNETT PAULINO",1992-05-16,Female,"Capangpangan","City of Vigan",0,2026-05-09T06:15:25.279506+00:00,REVIEW (Name variation with same DOB)
FUZZY_VARIATION,FUZZY-GRP-592,306925,"Javate, Charnett Paulino",1992-05-16,Female,"Capangpangan","City of Vigan",0,2026-09-27T01:00:08.576953+00:00,REVIEW (Name variation with same DOB)
FUZZY_VARIATION,FUZZY-GRP-593,97612,"Pascual, Saturnino Fuerte",1957-09-15,Male,"Pantay Daya","City of Vigan",0,2026-05-09T08:45:57.595276+00:00,REVIEW (Name variation with same DOB)
FUZZY_VARIATION,FUZZY-GRP-593,135558,"Pascual, Saturino Fuente",1957-09-15,Male,"Pantay Daya","City of Vigan",0,2026-05-23T22:35:52.650663+00:00,REVIEW (Name variation with same DOB)
FUZZY_VARIATION,FUZZY-GRP-594,97616,"Hilario, Donaryl Sacramento",2009-07-03,Female,"Pantay Daya","City of Vigan",0,2026-05-09T08:45:57.595276+00:00,REVIEW (Name variation with same DOB)
FUZZY_VARIATION,FUZZY-GRP-594,134634,"Hilario, Donnaryl Sacramento",2009-07-03,Female,"Pantay Daya","City of Vigan",0,2026-05-23T22:35:50.750088+00:00,REVIEW (Name variation with same DOB)
FUZZY_VARIATION,FUZZY-GRP-595,97817,"Arcedo, Fhiona Marie Taberdo",2023-04-30,Female,"Pantay Daya","City of Vigan",0,2026-05-09T08:45:57.595276+00:00,REVIEW (Name variation with same DOB)
FUZZY_VARIATION,FUZZY-GRP-595,134930,"Arceo, Fhiona Marie Taberdo",2023-04-30,Female,"Pantay Daya","City of Vigan",0,2026-05-23T22:35:50.750088+00:00,REVIEW (Name variation with same DOB)
FUZZY_VARIATION,FUZZY-GRP-596,97621,"Rabang, Billy Joel Bolima",2003-04-22,Male,"Pantay Daya","City of Vigan",0,2026-05-09T08:45:57.595276+00:00,REVIEW (Name variation with same DOB)
FUZZY_VARIATION,FUZZY-GRP-596,135520,"Rabang, Billy Joel Bolina",2003-04-22,Male,"Pantay Daya","City of Vigan",0,2026-05-23T22:35:52.650663+00:00,REVIEW (Name variation with same DOB)
FUZZY_VARIATION,FUZZY-GRP-597,97644,"Fontano, Joanalyn Brillantes",1991-05-27,Female,"Pantay Daya","City of Vigan",0,2026-05-09T08:45:57.595276+00:00,REVIEW (Name variation with same DOB)
FUZZY_VARIATION,FUZZY-GRP-597,133691,"Pontano, Jonalyn Brillantes",1991-05-27,Female,"Pantay Daya","City of Vigan",0,2026-05-23T22:35:47.630264+00:00,REVIEW (Name variation with same DOB)
FUZZY_VARIATION,FUZZY-GRP-598,97662,"Recaido, Windel Sunio",1987-12-21,Male,"Pantay Daya","City of Vigan",0,2026-05-09T08:45:57.595276+00:00,REVIEW (Name variation with same DOB)
FUZZY_VARIATION,FUZZY-GRP-598,134763,"Recaido, Windel Surio",1987-12-21,Male,"Pantay Daya","City of Vigan",0,2026-05-23T22:35:50.750088+00:00,REVIEW (Name variation with same DOB)
FUZZY_VARIATION,FUZZY-GRP-599,97666,"Abat, Maribel Sigua",1974-11-17,Female,"Pantay Daya","City of Vigan",0,2026-05-09T08:45:57.595276+00:00,REVIEW (Name variation with same DOB)
FUZZY_VARIATION,FUZZY-GRP-599,135406,"Abat, Maribel Signa",1974-11-17,Female,"Pantay Daya","City of Vigan",0,2026-05-23T22:35:52.650663+00:00,REVIEW (Name variation with same DOB)
FUZZY_VARIATION,FUZZY-GRP-600,97676,"Amongol, John Christian Tea�o",2000-06-24,Male,"Pantay Daya","City of Vigan",0,2026-05-09T08:45:57.595276+00:00,REVIEW (Name variation with same DOB)
FUZZY_VARIATION,FUZZY-GRP-600,134212,"Amongol, John Cristian Teano",2000-06-24,Male,"Pantay Daya","City of Vigan",0,2026-05-23T22:35:49.535604+00:00,REVIEW (Name variation with same DOB)
FUZZY_VARIATION,FUZZY-GRP-601,97679,"Arconado, Ma. Teresa Ramos",2006-10-13,Female,"Pantay Daya","City of Vigan",0,2026-05-09T08:45:57.595276+00:00,REVIEW (Name variation with same DOB)
FUZZY_VARIATION,FUZZY-GRP-601,97680,"Arconado, Ma. Theresa Ramos",2006-10-13,Female,"Pantay Daya","City of Vigan",1,2026-05-09T08:45:57.595276+00:00,REVIEW (Name variation with same DOB)
FUZZY_VARIATION,FUZZY-GRP-602,97679,"Arconado, Ma. Teresa Ramos",2006-10-13,Female,"Pantay Daya","City of Vigan",0,2026-05-09T08:45:57.595276+00:00,REVIEW (Name variation with same DOB)
FUZZY_VARIATION,FUZZY-GRP-602,135205,"Arconado, Ma.Theresa Ramos",2006-10-13,Female,"Pantay Daya","City of Vigan",1,2026-05-23T22:35:52.650663+00:00,REVIEW (Name variation with same DOB)
FUZZY_VARIATION,FUZZY-GRP-603,136283,"Tapalgo, Limuel Rolan",2006-10-13,Male,"San Julian Norte","City of Vigan",0,2026-05-24T00:51:15.835019+00:00,REVIEW (Name variation with same DOB)
FUZZY_VARIATION,FUZZY-GRP-603,136998,"TAPALGO, OCIMUEL ROLAN",2006-10-13,Male,"San Julian Norte","City of Vigan",0,2026-05-24T00:51:17.863707+00:00,REVIEW (Name variation with same DOB)
FUZZY_VARIATION,FUZZY-GRP-604,97682,"Padilla, Sherilyn Ambida",2001-09-17,Female,"Pantay Daya","City of Vigan",0,2026-05-09T08:45:57.595276+00:00,REVIEW (Name variation with same DOB)
FUZZY_VARIATION,FUZZY-GRP-604,134935,"Padilla, Sherelyn Ambida",2001-09-17,Female,"Pantay Daya","City of Vigan",0,2026-05-23T22:35:50.750088+00:00,REVIEW (Name variation with same DOB)
FUZZY_VARIATION,FUZZY-GRP-605,97684,"Amongol, Rianne Cabbab",2008-01-15,Female,"Pantay Daya","City of Vigan",0,2026-05-09T08:45:57.595276+00:00,REVIEW (Name variation with same DOB)
FUZZY_VARIATION,FUZZY-GRP-605,134204,"Amongol, Rhianne Cabbab",2008-01-15,Female,"Pantay Daya","City of Vigan",0,2026-05-23T22:35:49.535604+00:00,REVIEW (Name variation with same DOB)
FUZZY_VARIATION,FUZZY-GRP-606,103294,"Patani, Jessielyn Asuncion",2008-01-15,Female,"Barangay VII","City of Vigan",0,2026-05-12T12:53:03.465288+00:00,REVIEW (Name variation with same DOB)
FUZZY_VARIATION,FUZZY-GRP-606,317407,"PATANI, JESSELYN ASUNCION",2008-01-15,Female,"Barangay VII","City of Vigan",0,2026-09-28T13:16:39.771769+00:00,REVIEW (Name variation with same DOB)
FUZZY_VARIATION,FUZZY-GRP-607,97685,"Ines, Luzmelva Peralta",1979-08-12,Female,"Pantay Daya","City of Vigan",0,2026-05-09T08:45:57.595276+00:00,REVIEW (Name variation with same DOB)
FUZZY_VARIATION,FUZZY-GRP-607,133818,"Ines, Luzmelba Peralta",1979-08-12,Female,"Pantay Daya","City of Vigan",0,2026-05-23T22:35:47.630264+00:00,REVIEW (Name variation with same DOB)
FUZZY_VARIATION,FUZZY-GRP-608,135862,"Formoso, Zheyden Matthew",2023-12-05,Male,"San Julian Norte","City of Vigan",0,2026-05-24T00:51:13.425653+00:00,REVIEW (Name variation with same DOB)
FUZZY_VARIATION,FUZZY-GRP-608,136071,"FORMOSO, ZHEYDEN MATTEW",2023-12-05,Male,"San Julian Norte","City of Vigan",0,2026-05-24T00:51:13.425653+00:00,REVIEW (Name variation with same DOB)
FUZZY_VARIATION,FUZZY-GRP-609,97724,"Tamayo, Eden Ola",1976-12-15,Female,"Pantay Daya","City of Vigan",0,2026-05-09T08:45:57.595276+00:00,REVIEW (Name variation with same DOB)
FUZZY_VARIATION,FUZZY-GRP-609,134153,"Tamayo, Eden Ula",1976-12-15,Female,"Pantay Daya","City of Vigan",0,2026-05-23T22:35:49.535604+00:00,REVIEW (Name variation with same DOB)
FUZZY_VARIATION,FUZZY-GRP-610,97755,"Real, Jericson Tamayo",2006-12-19,Male,"Pantay Daya","City of Vigan",0,2026-05-09T08:45:57.595276+00:00,REVIEW (Name variation with same DOB)
FUZZY_VARIATION,FUZZY-GRP-610,134154,"Real, Jerickson Tamayo",2006-12-19,Male,"Pantay Daya","City of Vigan",0,2026-05-23T22:35:49.535604+00:00,REVIEW (Name variation with same DOB)
FUZZY_VARIATION,FUZZY-GRP-611,97773,"Ba�o, Prince David Salvador",2012-03-21,Male,"Pantay Daya","City of Vigan",0,2026-05-09T08:45:57.595276+00:00,REVIEW (Name variation with same DOB)
FUZZY_VARIATION,FUZZY-GRP-611,134450,"Bano, Prince David Salvador",2012-03-21,Male,"Pantay Daya","City of Vigan",0,2026-05-23T22:35:49.535604+00:00,REVIEW (Name variation with same DOB)
FUZZY_VARIATION,FUZZY-GRP-612,97774,"Ba�o, Ronalyn Salvador",1978-07-25,Female,"Pantay Daya","City of Vigan",0,2026-05-09T08:45:57.595276+00:00,REVIEW (Name variation with same DOB)
FUZZY_VARIATION,FUZZY-GRP-612,134448,"Bano, Ronalyn Salvador",1978-07-25,Female,"Pantay Daya","City of Vigan",0,2026-05-23T22:35:49.535604+00:00,REVIEW (Name variation with same DOB)
FUZZY_VARIATION,FUZZY-GRP-613,97776,"Baldos, Edlief Paul Echavarre",1999-10-28,Male,"Pantay Daya","City of Vigan",0,2026-05-09T08:45:57.595276+00:00,REVIEW (Name variation with same DOB)
FUZZY_VARIATION,FUZZY-GRP-613,135565,"Baldos, Edlee Paul Echavarre",1999-10-28,Male,"Pantay Daya","City of Vigan",0,2026-05-23T22:35:52.650663+00:00,REVIEW (Name variation with same DOB)
FUZZY_VARIATION,FUZZY-GRP-614,97784,"Casta�eda, Jenelyn Ragucos",2004-04-24,Female,"Pantay Daya","City of Vigan",0,2026-05-09T08:45:57.595276+00:00,REVIEW (Name variation with same DOB)
FUZZY_VARIATION,FUZZY-GRP-614,134666,"Castaneda, Jenalyn Ragucos",2004-04-24,Male,"Pantay Daya","City of Vigan",0,2026-05-23T22:35:50.750088+00:00,REVIEW (Name variation with same DOB)
FUZZY_VARIATION,FUZZY-GRP-615,97788,"Guanzo, Merlie Luis",1975-03-23,Female,"Pantay Daya","City of Vigan",0,2026-05-09T08:45:57.595276+00:00,REVIEW (Name variation with same DOB)
FUZZY_VARIATION,FUZZY-GRP-615,135315,"Guanzo, Merly Luis",1975-03-23,Female,"Pantay Daya","City of Vigan",0,2026-05-23T22:35:52.650663+00:00,REVIEW (Name variation with same DOB)
FUZZY_VARIATION,FUZZY-GRP-616,97798,"Rabanal, Michelle Anne Racca",2013-09-13,Female,"Pantay Daya","City of Vigan",0,2026-05-09T08:45:57.595276+00:00,REVIEW (Name variation with same DOB)
FUZZY_VARIATION,FUZZY-GRP-616,135286,"Rabanal, Michelle Ann Racca",2013-09-13,Female,"Pantay Daya","City of Vigan",0,2026-05-23T22:35:52.650663+00:00,REVIEW (Name variation with same DOB)
FUZZY_VARIATION,FUZZY-GRP-617,97802,"Quitevis, Shirley Aveles",1965-03-21,Female,"Pantay Daya","City of Vigan",0,2026-05-09T08:45:57.595276+00:00,REVIEW (Name variation with same DOB)
FUZZY_VARIATION,FUZZY-GRP-617,135189,"Quitevis, Sherley Aviles",1965-03-21,Female,"Pantay Daya","City of Vigan",0,2026-05-23T22:35:52.650663+00:00,REVIEW (Name variation with same DOB)
FUZZY_VARIATION,FUZZY-GRP-618,97816,"Sales, Lance Matheo Manioag",2011-10-20,Male,"Pantay Daya","City of Vigan",0,2026-05-09T08:45:57.595276+00:00,REVIEW (Name variation with same DOB)
FUZZY_VARIATION,FUZZY-GRP-618,134395,"Sales, Lance Mateo Manioag",2011-10-20,Male,"Pantay Daya","City of Vigan",0,2026-05-23T22:35:49.535604+00:00,REVIEW (Name variation with same DOB)
FUZZY_VARIATION,FUZZY-GRP-619,97826,"Laguesma, Jericson Bravo",1993-08-19,Male,"Pantay Daya","City of Vigan",0,2026-05-09T08:45:57.595276+00:00,REVIEW (Name variation with same DOB)
FUZZY_VARIATION,FUZZY-GRP-619,135336,"Laguesma, Jerikson Bravo",1993-08-19,Male,"Pantay Daya","City of Vigan",0,2026-05-23T22:35:52.650663+00:00,REVIEW (Name variation with same DOB)
FUZZY_VARIATION,FUZZY-GRP-620,97831,"Bose, Kristell Faith Amay",2022-02-07,Female,"Pantay Daya","City of Vigan",0,2026-05-09T08:45:57.595276+00:00,REVIEW (Name variation with same DOB)
FUZZY_VARIATION,FUZZY-GRP-620,222984,"Bose, Kristell Feith Amay",2022-02-07,Female,"Salindeg","City of Vigan",0,2026-06-24T07:51:26.607208+00:00,REVIEW (Name variation with same DOB)
FUZZY_VARIATION,FUZZY-GRP-621,97841,"Bilgera, Marieta Tuason",1944-06-10,Female,"Pantay Daya","City of Vigan",0,2026-05-09T08:45:57.595276+00:00,REVIEW (Name variation with same DOB)
FUZZY_VARIATION,FUZZY-GRP-621,135495,"Bilgera, Marieta Tuazon",1944-06-10,Female,"Pantay Daya","City of Vigan",0,2026-05-23T22:35:52.650663+00:00,REVIEW (Name variation with same DOB)
FUZZY_VARIATION,FUZZY-GRP-622,131136,"Pinto, Moises Dela Cruz",1963-08-29,Male,"San Pedro","City of Vigan",0,2026-05-22T21:06:18.698842+00:00,REVIEW (Name variation with same DOB)
FUZZY_VARIATION,FUZZY-GRP-622,219720,"Pinto, Moises De La Cruz",1963-08-29,Male,"San Pedro","City of Vigan",0,2026-06-23T19:39:09.228885+00:00,REVIEW (Name variation with same DOB)
FUZZY_VARIATION,FUZZY-GRP-623,97863,"Garcia, Reizelle Nicole Agtaguem",2000-09-04,Female,"Pantay Daya","City of Vigan",0,2026-05-09T08:45:57.595276+00:00,REVIEW (Name variation with same DOB)
FUZZY_VARIATION,FUZZY-GRP-623,135545,"Garcia, Reizelle Nicole Agtagem",2000-09-04,Female,"Pantay Daya","City of Vigan",0,2026-05-23T22:35:52.650663+00:00,REVIEW (Name variation with same DOB)
FUZZY_VARIATION,FUZZY-GRP-624,97865,"Manarpaac, Ashlei Amongol",2009-04-09,Female,"Pantay Daya","City of Vigan",0,2026-05-09T08:45:57.595276+00:00,REVIEW (Name variation with same DOB)
FUZZY_VARIATION,FUZZY-GRP-624,134169,"Manarpaac, Ashley Amongol",2009-04-09,Female,"Pantay Daya","City of Vigan",0,2026-05-23T22:35:49.535604+00:00,REVIEW (Name variation with same DOB)
FUZZY_VARIATION,FUZZY-GRP-625,97875,"Lisao, Princess Rae Tolentino",2018-07-18,Female,"Pantay Daya","City of Vigan",0,2026-05-09T08:45:57.595276+00:00,REVIEW (Name variation with same DOB)
FUZZY_VARIATION,FUZZY-GRP-625,133682,"Lisao, Princess Rei Tolentino",2018-07-18,Female,"Pantay Daya","City of Vigan",0,2026-05-23T22:35:47.630264+00:00,REVIEW (Name variation with same DOB)
FUZZY_VARIATION,FUZZY-GRP-626,97891,"Cumuyog, Perfecto Gabay",1961-08-21,Male,"Pantay Daya","City of Vigan",0,2026-05-09T08:45:57.595276+00:00,REVIEW (Name variation with same DOB)
FUZZY_VARIATION,FUZZY-GRP-626,134350,"Cumuyog, Perfecto Gaban",1961-08-21,Male,"Pantay Daya","City of Vigan",0,2026-05-23T22:35:49.535604+00:00,REVIEW (Name variation with same DOB)
FUZZY_VARIATION,FUZZY-GRP-627,97913,"Ambida, Romana Inez",1933-11-18,Female,"Pantay Daya","City of Vigan",0,2026-05-09T08:45:57.595276+00:00,REVIEW (Name variation with same DOB)
FUZZY_VARIATION,FUZZY-GRP-627,134936,"Ambida, Romana Ines",1933-11-18,Female,"Pantay Daya","City of Vigan",0,2026-05-23T22:35:50.750088+00:00,REVIEW (Name variation with same DOB)
FUZZY_VARIATION,FUZZY-GRP-628,97916,"Palo, Marjorie Sinco",1980-03-02,Female,"Pantay Daya","City of Vigan",0,2026-05-09T08:45:57.595276+00:00,REVIEW (Name variation with same DOB)
FUZZY_VARIATION,FUZZY-GRP-628,134742,"Palo, Marjorie Siangco",1980-03-02,Female,"Pantay Daya","City of Vigan",0,2026-05-23T22:35:50.750088+00:00,REVIEW (Name variation with same DOB)
FUZZY_VARIATION,FUZZY-GRP-629,97933,"Enerva, Andrei Damian",1961-09-26,Male,"Pantay Daya","City of Vigan",0,2026-05-09T08:45:57.595276+00:00,REVIEW (Name variation with same DOB)
FUZZY_VARIATION,FUZZY-GRP-629,135048,"Enerva, Anrei Damia",1961-09-26,Male,"Pantay Daya","City of Vigan",0,2026-05-23T22:35:50.750088+00:00,REVIEW (Name variation with same DOB)
FUZZY_VARIATION,FUZZY-GRP-630,97934,"Tique, Joeffrey Francisco",1978-08-20,Male,"Pantay Daya","City of Vigan",0,2026-05-09T08:45:57.595276+00:00,REVIEW (Name variation with same DOB)
FUZZY_VARIATION,FUZZY-GRP-630,134731,"Tique, Jeoffrey Francisco",1978-08-20,Male,"Pantay Daya","City of Vigan",0,2026-05-23T22:35:50.750088+00:00,REVIEW (Name variation with same DOB)
FUZZY_VARIATION,FUZZY-GRP-631,97936,"Rafanan, Gerardo Rafanan",1963-10-03,Male,"Pantay Daya","City of Vigan",0,2026-05-09T08:45:57.595276+00:00,REVIEW (Name variation with same DOB)
FUZZY_VARIATION,FUZZY-GRP-631,135139,"Rafanan, Genardo Rafanan",1963-10-03,Male,"Pantay Daya","City of Vigan",0,2026-05-23T22:35:52.650663+00:00,REVIEW (Name variation with same DOB)
FUZZY_VARIATION,FUZZY-GRP-632,308953,"Cortes, Esperanza Astrologio",1968-11-12,Female,"Rugsuanan","City of Vigan",0,2026-09-27T03:01:39.125179+00:00,REVIEW (Name variation with same DOB)
FUZZY_VARIATION,FUZZY-GRP-632,308983,"Cortez, Esperanza Astrologio",1968-11-12,Female,"Rugsuanan","City of Vigan",0,2026-09-27T03:01:39.125179+00:00,REVIEW (Name variation with same DOB)
FUZZY_VARIATION,FUZZY-GRP-633,97986,"Haylar, Marilyn Torreno",1983-10-09,Female,"Pantay Daya","City of Vigan",0,2026-05-09T08:45:57.595276+00:00,REVIEW (Name variation with same DOB)
FUZZY_VARIATION,FUZZY-GRP-633,134778,"Haylar, Marilyn Toreno",1983-10-09,Female,"Pantay Daya","City of Vigan",0,2026-05-23T22:35:50.750088+00:00,REVIEW (Name variation with same DOB)
FUZZY_VARIATION,FUZZY-GRP-634,98015,"Tormida, Liam Timothy Arconado",2020-05-14,Male,"Pantay Daya","City of Vigan",0,2026-05-09T08:45:57.595276+00:00,REVIEW (Name variation with same DOB)
FUZZY_VARIATION,FUZZY-GRP-634,135262,"Tormida, Liam Thimoty Arconado",2020-05-14,Male,"Pantay Daya","City of Vigan",0,2026-05-23T22:35:52.650663+00:00,REVIEW (Name variation with same DOB)
FUZZY_VARIATION,FUZZY-GRP-635,98056,"Toledo, Mercedita Dela Cruz",1968-08-13,Female,"Pantay Daya","City of Vigan",0,2026-05-09T08:45:57.595276+00:00,REVIEW (Name variation with same DOB)
FUZZY_VARIATION,FUZZY-GRP-635,134003,"Toledo, Mercedita Delacruz",1968-08-13,Female,"Pantay Daya","City of Vigan",0,2026-05-23T22:35:47.630264+00:00,REVIEW (Name variation with same DOB)
FUZZY_VARIATION,FUZZY-GRP-636,98079,"Ayunon, Dominador Apuya",1948-05-07,Male,"Pantay Daya","City of Vigan",0,2026-05-09T08:45:57.595276+00:00,REVIEW (Name variation with same DOB)
FUZZY_VARIATION,FUZZY-GRP-636,133694,"Ayunon, Dominador Apoya",1948-05-07,Male,"Pantay Daya","City of Vigan",0,2026-05-23T22:35:47.630264+00:00,REVIEW (Name variation with same DOB)
FUZZY_VARIATION,FUZZY-GRP-637,98097,"Tollo, Leizel Alones",2006-12-25,Female,"Pantay Daya","City of Vigan",0,2026-05-09T08:45:57.595276+00:00,REVIEW (Name variation with same DOB)
FUZZY_VARIATION,FUZZY-GRP-637,134403,"Tollo, Liezel Alones",2006-12-25,Female,"Pantay Daya","City of Vigan",0,2026-05-23T22:35:49.535604+00:00,REVIEW (Name variation with same DOB)
FUZZY_VARIATION,FUZZY-GRP-638,98108,"Pinzon, Gloria Vivero",1945-04-01,Female,"Pantay Daya","City of Vigan",0,2026-05-09T08:45:59.260172+00:00,REVIEW (Name variation with same DOB)
FUZZY_VARIATION,FUZZY-GRP-638,135404,"Pinzon, Gloria Visero",1945-04-01,Female,"Pantay Daya","City of Vigan",0,2026-05-23T22:35:52.650663+00:00,REVIEW (Name variation with same DOB)
FUZZY_VARIATION,FUZZY-GRP-639,136215,"Arcena, Djhoanna Rigos",1973-03-25,Female,"San Julian Norte","City of Vigan",0,2026-05-24T00:51:13.425653+00:00,REVIEW (Name variation with same DOB)
FUZZY_VARIATION,FUZZY-GRP-639,138040,"ARCENA, DJHOANA RIGOS",1973-03-25,Female,"San Julian Norte","City of Vigan",0,2026-05-24T00:51:21.663972+00:00,REVIEW (Name variation with same DOB)
FUZZY_VARIATION,FUZZY-GRP-640,98117,"Almondia, Jan Carlo Isanan",2004-01-01,Male,"Pantay Daya","City of Vigan",0,2026-05-09T08:45:59.260172+00:00,REVIEW (Name variation with same DOB)
FUZZY_VARIATION,FUZZY-GRP-640,134460,"Almondia, John Carlo Isanan",2004-01-01,Male,"Pantay Daya","City of Vigan",0,2026-05-23T22:35:49.535604+00:00,REVIEW (Name variation with same DOB)
FUZZY_VARIATION,FUZZY-GRP-641,98126,"Aquino, Romel Rabe",1974-08-08,Male,"Pantay Daya","City of Vigan",0,2026-05-09T08:45:59.260172+00:00,REVIEW (Name variation with same DOB)
FUZZY_VARIATION,FUZZY-GRP-641,135560,"Aquino, Romel Rabena",1974-08-08,Male,"Pantay Daya","City of Vigan",0,2026-05-23T22:35:52.650663+00:00,REVIEW (Name variation with same DOB)
FUZZY_VARIATION,FUZZY-GRP-642,131034,"Aludino, Nicole Marquez",2012-11-13,Female,"San Pedro","City of Vigan",0,2026-05-22T21:06:18.698842+00:00,REVIEW (Name variation with same DOB)
FUZZY_VARIATION,FUZZY-GRP-642,219909,"Aludino, Nicole Marques",2012-11-13,Female,"San Pedro","City of Vigan",0,2026-06-23T19:39:09.228885+00:00,REVIEW (Name variation with same DOB)
FUZZY_VARIATION,FUZZY-GRP-643,98148,"Quiocho, Ryan Arsadon",1988-02-13,Male,"Pantay Daya","City of Vigan",0,2026-05-09T08:45:59.260172+00:00,REVIEW (Name variation with same DOB)
FUZZY_VARIATION,FUZZY-GRP-643,134476,"Quiocho, Ryan Arzadon",1988-02-13,Male,"Pantay Daya","City of Vigan",0,2026-05-23T22:35:49.535604+00:00,REVIEW (Name variation with same DOB)
FUZZY_VARIATION,FUZZY-GRP-644,98158,"Palo, Arlene Ragucos",1990-06-16,Female,"Pantay Daya","City of Vigan",0,2026-05-09T08:45:59.260172+00:00,REVIEW (Name variation with same DOB)
FUZZY_VARIATION,FUZZY-GRP-644,134566,"Palo, Arlyn Ragucos",1990-06-16,Female,"Pantay Daya","City of Vigan",0,2026-05-23T22:35:49.535604+00:00,REVIEW (Name variation with same DOB)
FUZZY_VARIATION,FUZZY-GRP-645,99326,"Ganon, Grace Emily Madeleine Castro",1991-10-06,Female,"Cabalangegan","City of Vigan",0,2026-05-10T10:30:04.352709+00:00,REVIEW (Name variation with same DOB)
FUZZY_VARIATION,FUZZY-GRP-645,308243,"GANON, GRACE EMELY MADELEINE CASTRO",1991-10-06,Male,"Cabalangegan","City of Vigan",0,2026-09-27T02:18:12.589294+00:00,REVIEW (Name variation with same DOB)
FUZZY_VARIATION,FUZZY-GRP-646,98571,"Claro, Jhon Kervin Canero",2017-11-27,Male,"Barangay VI","City of Vigan",0,2026-05-09T22:46:24.460576+00:00,REVIEW (Name variation with same DOB)
FUZZY_VARIATION,FUZZY-GRP-646,279069,"Claro, Jhen Kervin Canero",2017-11-27,Male,"Barangay VI","City of Vigan",0,2026-09-02T12:22:23.423019+00:00,REVIEW (Name variation with same DOB)
FUZZY_VARIATION,FUZZY-GRP-647,131309,"Camacho, Kurt Cesar Palero",2000-12-28,Male,"San Pedro","City of Vigan",0,2026-05-22T21:06:18.698842+00:00,REVIEW (Name variation with same DOB)
FUZZY_VARIATION,FUZZY-GRP-647,220241,"Camacho, Kurt Ceazar Palero",2000-12-28,Male,"San Pedro","City of Vigan",0,2026-06-23T19:39:54.987717+00:00,REVIEW (Name variation with same DOB)
FUZZY_VARIATION,FUZZY-GRP-648,98591,"Dela Cruz, Guendalyn Ayson",1975-12-12,Female,"Barangay VI","City of Vigan",0,2026-05-09T22:46:24.460576+00:00,REVIEW (Name variation with same DOB)
FUZZY_VARIATION,FUZZY-GRP-648,303513,"De La Cruz, Guendalyn Ayson",1975-12-12,Female,"Barangay VI","City of Vigan",0,2026-09-26T05:36:08.072839+00:00,REVIEW (Name variation with same DOB)
FUZZY_VARIATION,FUZZY-GRP-649,98628,"Flandez, Princes Ellaine Joven",2011-01-28,Female,"Barangay VI","City of Vigan",0,2026-05-09T22:46:24.460576+00:00,REVIEW (Name variation with same DOB)
FUZZY_VARIATION,FUZZY-GRP-649,279015,"Flandez, Princess Elaine Joven",2011-01-28,Female,"Barangay VI","City of Vigan",0,2026-09-02T12:22:23.423019+00:00,REVIEW (Name variation with same DOB)
FUZZY_VARIATION,FUZZY-GRP-650,98638,"Galcon, Atheena Raegan Tabag",2025-02-14,Female,"Barangay VI","City of Vigan",0,2026-05-09T22:46:24.460576+00:00,REVIEW (Name variation with same DOB)
FUZZY_VARIATION,FUZZY-GRP-650,279055,"Galcon, Athena Raeghan Tabag",2025-02-14,Female,"Barangay VI","City of Vigan",0,2026-09-02T12:22:23.423019+00:00,REVIEW (Name variation with same DOB)
FUZZY_VARIATION,FUZZY-GRP-651,279363,"Patubo, Charito Alebin",1966-01-21,Female,"Barangay VI","City of Vigan",0,2026-09-02T12:47:14.496177+00:00,REVIEW (Name variation with same DOB)
FUZZY_VARIATION,FUZZY-GRP-651,303615,"Patubo, Charito Alibin",1966-01-21,Female,"Barangay VI","City of Vigan",0,2026-09-26T05:36:08.072839+00:00,REVIEW (Name variation with same DOB)
FUZZY_VARIATION,FUZZY-GRP-652,98716,"Pilot, Rianna Reyes",1985-10-31,Female,"Barangay VI","City of Vigan",0,2026-05-09T22:46:24.460576+00:00,REVIEW (Name variation with same DOB)
FUZZY_VARIATION,FUZZY-GRP-652,279153,"Pilot, Rhianna Reyes",1985-10-31,Female,"Barangay VI","City of Vigan",0,2026-09-02T12:22:23.423019+00:00,REVIEW (Name variation with same DOB)
FUZZY_VARIATION,FUZZY-GRP-653,98780,"Verzosa, Besilda Rumanggaya",1976-01-21,Female,"Barangay VI","City of Vigan",0,2026-05-09T22:46:24.460576+00:00,REVIEW (Name variation with same DOB)
FUZZY_VARIATION,FUZZY-GRP-653,279295,"Verzosa, Blesilda Rumanggaya",1976-01-21,Female,"Barangay VI","City of Vigan",0,2026-09-02T12:47:14.496177+00:00,REVIEW (Name variation with same DOB)
FUZZY_VARIATION,FUZZY-GRP-654,99268,"Ventura, Jo-anne Tongson",1992-07-08,Female,"Cabalangegan","City of Vigan",0,2026-05-10T10:30:04.352709+00:00,REVIEW (Name variation with same DOB)
FUZZY_VARIATION,FUZZY-GRP-654,308267,"VENTURA, JOANNE TONGSON",1992-07-08,Female,"Cabalangegan","City of Vigan",0,2026-09-27T02:18:12.589294+00:00,REVIEW (Name variation with same DOB)
FUZZY_VARIATION,FUZZY-GRP-655,136043,"CANTILLO, DAVID HARLEY",2022-10-20,Male,"San Julian Norte","City of Vigan",0,2026-05-24T00:51:13.425653+00:00,REVIEW (Name variation with same DOB)
FUZZY_VARIATION,FUZZY-GRP-655,306133,"CANTILLO,DAVID HARLEY G.",2022-10-20,Male,"San Julian Norte","City of Vigan",0,2026-09-26T17:03:58.134301+00:00,REVIEW (Name variation with same DOB)
FUZZY_VARIATION,FUZZY-GRP-656,99310,"Arellano, Stephanie Purugganan",2014-01-05,Female,"Cabalangegan","City of Vigan",0,2026-05-10T10:30:04.352709+00:00,REVIEW (Name variation with same DOB)
FUZZY_VARIATION,FUZZY-GRP-656,308433,"ARELLANO, STEPHANIE   PURUGANAN",2014-01-05,Female,"Cabalangegan","City of Vigan",0,2026-09-27T02:18:12.589294+00:00,REVIEW (Name variation with same DOB)
FUZZY_VARIATION,FUZZY-GRP-657,99312,"Pisco, Christina May Benamira",2001-12-25,Female,"Cabalangegan","City of Vigan",0,2026-05-10T10:30:04.352709+00:00,REVIEW (Name variation with same DOB)
FUZZY_VARIATION,FUZZY-GRP-657,308344,"PISCO, CHRISTINE MAY BENAMERA",2001-12-25,Female,"Cabalangegan","City of Vigan",0,2026-09-27T02:18:12.589294+00:00,REVIEW (Name variation with same DOB)
FUZZY_VARIATION,FUZZY-GRP-658,131043,"Altares, Krisel Anne Pascua",2010-10-04,Female,"San Pedro","City of Vigan",0,2026-05-22T21:06:18.698842+00:00,REVIEW (Name variation with same DOB)
FUZZY_VARIATION,FUZZY-GRP-658,219822,"Altares, Krizel Anne Pascua",2010-10-04,Female,"San Pedro","City of Vigan",0,2026-06-23T19:39:09.228885+00:00,REVIEW (Name variation with same DOB)
FUZZY_VARIATION,FUZZY-GRP-659,99332,"Facun, Alleck Von Ubaldo",2003-01-08,Male,"Cabalangegan","City of Vigan",0,2026-05-10T10:30:04.352709+00:00,REVIEW (Name variation with same DOB)
FUZZY_VARIATION,FUZZY-GRP-659,308250,"FACUN, ALECK VON UBALDO",2003-01-08,Male,"Cabalangegan","City of Vigan",0,2026-09-27T02:18:12.589294+00:00,REVIEW (Name variation with same DOB)
FUZZY_VARIATION,FUZZY-GRP-660,99337,"Arellano, Michael John Purugganan",2012-10-01,Male,"Cabalangegan","City of Vigan",0,2026-05-10T10:30:04.352709+00:00,REVIEW (Name variation with same DOB)
FUZZY_VARIATION,FUZZY-GRP-660,308432,"ARELLANO, MICHAEL JOHN PURUGANAN",2012-10-01,Male,"Cabalangegan","City of Vigan",0,2026-09-27T02:18:12.589294+00:00,REVIEW (Name variation with same DOB)
FUZZY_VARIATION,FUZZY-GRP-661,99347,"Racadio, Jerome Bolos",2003-05-26,Male,"Cabalangegan","City of Vigan",0,2026-05-10T10:30:04.352709+00:00,REVIEW (Name variation with same DOB)
FUZZY_VARIATION,FUZZY-GRP-661,308167,"RACADIO, JEROME BULOS",2003-05-26,Male,"Cabalangegan","City of Vigan",0,2026-09-27T02:18:12.589294+00:00,REVIEW (Name variation with same DOB)
FUZZY_VARIATION,FUZZY-GRP-662,99351,"Cabacungan, Janssen Agbulos",1989-12-07,Male,"Cabalangegan","City of Vigan",0,2026-05-10T10:30:04.352709+00:00,REVIEW (Name variation with same DOB)
FUZZY_VARIATION,FUZZY-GRP-662,136834,"CABACUNGAN, JANSEN AGBULOS",1989-12-07,Male,"San Julian Norte","City of Vigan",0,2026-05-24T00:51:17.863707+00:00,REVIEW (Name variation with same DOB)
FUZZY_VARIATION,FUZZY-GRP-663,99368,"Dolores, Rowell Alcain",1989-01-15,Male,"Cabalangegan","City of Vigan",0,2026-05-10T10:30:04.352709+00:00,REVIEW (Name variation with same DOB)
FUZZY_VARIATION,FUZZY-GRP-663,308150,"DOLORES, ROWELLE ALCAIN",1989-01-15,Male,"Cabalangegan","City of Vigan",0,2026-09-27T02:18:12.589294+00:00,REVIEW (Name variation with same DOB)
FUZZY_VARIATION,FUZZY-GRP-664,99389,"Quines, Jason Flores",2004-06-10,Male,"Cabalangegan","City of Vigan",0,2026-05-10T10:30:04.352709+00:00,REVIEW (Name variation with same DOB)
FUZZY_VARIATION,FUZZY-GRP-664,308122,"QUINES, JAYSON FLORES",2004-06-10,Male,"Cabalangegan","City of Vigan",0,2026-09-27T02:18:12.589294+00:00,REVIEW (Name variation with same DOB)
FUZZY_VARIATION,FUZZY-GRP-665,99390,"Palijo, Jan Michael Mendoza",1991-09-28,Male,"Cabalangegan","City of Vigan",0,2026-05-10T10:30:04.352709+00:00,REVIEW (Name variation with same DOB)
FUZZY_VARIATION,FUZZY-GRP-665,308305,"PALIJO, JOHN MICHAEL MENDOZA",1991-09-28,Male,"Cabalangegan","City of Vigan",0,2026-09-27T02:18:12.589294+00:00,REVIEW (Name variation with same DOB)
FUZZY_VARIATION,FUZZY-GRP-666,99482,"Arcena, Lorna Ferido",1968-08-02,Female,"San Jose","City of Vigan",0,2026-05-10T13:36:01.112343+00:00,REVIEW (Name variation with same DOB)
FUZZY_VARIATION,FUZZY-GRP-666,307651,"ARCENA, LORNA FERINO",1968-08-02,Female,"San Jose","City of Vigan",0,2026-09-27T01:49:06.259443+00:00,REVIEW (Name variation with same DOB)
FUZZY_VARIATION,FUZZY-GRP-667,99494,"Aslor, Mac Oliver Serafica",2016-03-02,Male,"San Jose","City of Vigan",0,2026-05-10T13:36:01.112343+00:00,REVIEW (Name variation with same DOB)
FUZZY_VARIATION,FUZZY-GRP-667,307268,"ASLOR, MC OLIVER SERAFICA",2016-03-02,Male,"San Jose","City of Vigan",0,2026-09-27T01:49:05.655683+00:00,REVIEW (Name variation with same DOB)
FUZZY_VARIATION,FUZZY-GRP-668,99495,"Atianzar, Maura Carmelita Tamuro",1971-11-08,Female,"San Jose","City of Vigan",0,2026-05-10T13:36:01.112343+00:00,REVIEW (Name variation with same DOB)
FUZZY_VARIATION,FUZZY-GRP-668,307560,"ATIANZAR, MAURA CARMELITA TANORO",1971-11-08,Female,"San Jose","City of Vigan",0,2026-09-27T01:49:06.259443+00:00,REVIEW (Name variation with same DOB)
FUZZY_VARIATION,FUZZY-GRP-669,222497,"Sales, Cecilia Mari�as",1965-09-10,Female,"Salindeg","City of Vigan",0,2026-06-24T07:51:24.475842+00:00,REVIEW (Name variation with same DOB)
FUZZY_VARIATION,FUZZY-GRP-669,224249,"Sales, Cecilia Mariñas",1965-09-10,Female,"Salindeg","City of Vigan",0,2026-06-25T01:31:45.366031+00:00,REVIEW (Name variation with same DOB)
FUZZY_VARIATION,FUZZY-GRP-670,99509,"Bernardino, Ruben Apolinar",1983-08-16,Male,"San Jose","City of Vigan",0,2026-05-10T13:36:01.112343+00:00,REVIEW (Name variation with same DOB)
FUZZY_VARIATION,FUZZY-GRP-670,307171,"BERNANDINO, RUBEN APOLINAR",1983-08-16,Male,"San Jose","City of Vigan",0,2026-09-27T01:49:05.655683+00:00,REVIEW (Name variation with same DOB)
FUZZY_VARIATION,FUZZY-GRP-671,99544,"Filarca, Jomel Pugal",1993-06-14,Male,"San Jose","City of Vigan",0,2026-05-10T13:36:01.112343+00:00,REVIEW (Name variation with same DOB)
FUZZY_VARIATION,FUZZY-GRP-671,307876,"FILARCA, JONEL PUGAL",1993-06-14,Male,"San Jose","City of Vigan",0,2026-09-27T01:49:06.259443+00:00,REVIEW (Name variation with same DOB)
FUZZY_VARIATION,FUZZY-GRP-672,99558,"Frando, Jeremy Rayray",2024-03-15,Male,"San Jose","City of Vigan",0,2026-05-10T13:36:01.112343+00:00,REVIEW (Name variation with same DOB)
FUZZY_VARIATION,FUZZY-GRP-672,307786,"FRANDO, JEREMY RAY-RAY",2024-03-15,Male,"San Jose","City of Vigan",0,2026-09-27T01:49:06.259443+00:00,REVIEW (Name variation with same DOB)
FUZZY_VARIATION,FUZZY-GRP-673,99562,"Frando, Rosemarie Rayray",1991-04-12,Female,"San Jose","City of Vigan",0,2026-05-10T13:36:01.112343+00:00,REVIEW (Name variation with same DOB)
FUZZY_VARIATION,FUZZY-GRP-673,307784,"FRANDO, ROSEMARIE RAY-RAY",1991-04-12,Female,"San Jose","City of Vigan",0,2026-09-27T01:49:06.259443+00:00,REVIEW (Name variation with same DOB)
FUZZY_VARIATION,FUZZY-GRP-674,99578,"Pagalanan, Erwin Aganon",1977-12-19,Male,"San Jose","City of Vigan",0,2026-05-10T13:36:01.112343+00:00,REVIEW (Name variation with same DOB)
FUZZY_VARIATION,FUZZY-GRP-674,307083,"PAGALANAN, DARWIN AGANON",1977-12-19,Male,"San Jose","City of Vigan",0,2026-09-27T01:49:05.655683+00:00,REVIEW (Name variation with same DOB)
FUZZY_VARIATION,FUZZY-GRP-675,99580,"Pagalanan, Jannah Kim Batoon",2010-09-30,Female,"San Jose","City of Vigan",0,2026-05-10T13:36:01.112343+00:00,REVIEW (Name variation with same DOB)
FUZZY_VARIATION,FUZZY-GRP-675,238800,"Pagalanan, Janah Kim Batoon",2010-09-30,Female,"San Jose","City of Vigan",0,2026-07-01T05:42:14.109079+00:00,REVIEW (Name variation with same DOB)
FUZZY_VARIATION,FUZZY-GRP-676,99591,"Paroligan, Cassey Margarette Palo",2011-10-09,Female,"San Jose","City of Vigan",0,2026-05-10T13:36:01.112343+00:00,REVIEW (Name variation with same DOB)
FUZZY_VARIATION,FUZZY-GRP-676,307672,"PAROLIGAN, CASSEY MARGARETH PALO",2011-10-09,Female,"San Jose","City of Vigan",0,2026-09-27T01:49:06.259443+00:00,REVIEW (Name variation with same DOB)
FUZZY_VARIATION,FUZZY-GRP-677,99593,"Paroligan, Jenny Rose Campus",2006-12-14,Female,"San Jose","City of Vigan",0,2026-05-10T13:36:01.112343+00:00,REVIEW (Name variation with same DOB)
FUZZY_VARIATION,FUZZY-GRP-677,307827,"PAROLIGAN, JENNY ROSE CAMPOS",2006-12-14,Female,"San Jose","City of Vigan",0,2026-09-27T01:49:06.259443+00:00,REVIEW (Name variation with same DOB)
FUZZY_VARIATION,FUZZY-GRP-678,99598,"Paroligan, Princess Jane Palo",1993-07-28,Female,"San Jose","City of Vigan",0,2026-05-10T13:36:01.112343+00:00,REVIEW (Name variation with same DOB)
FUZZY_VARIATION,FUZZY-GRP-678,307671,"PAROLIGAN, PRINCESS JEAN PALO",1993-07-28,Female,"San Jose","City of Vigan",0,2026-09-27T01:49:06.259443+00:00,REVIEW (Name variation with same DOB)
FUZZY_VARIATION,FUZZY-GRP-679,99600,"Paroligan, Trisha Pisalbo",2004-11-22,Female,"San Jose","City of Vigan",0,2026-05-10T13:36:01.112343+00:00,REVIEW (Name variation with same DOB)
FUZZY_VARIATION,FUZZY-GRP-679,307270,"PAROLIGAN, TRINA PISALBO",2004-11-22,Female,"San Jose","City of Vigan",0,2026-09-27T01:49:05.655683+00:00,REVIEW (Name variation with same DOB)
FUZZY_VARIATION,FUZZY-GRP-680,99620,"Pisalbo, Michelle Pizarro",1995-03-17,Female,"San Jose","City of Vigan",0,2026-05-10T13:36:01.112343+00:00,REVIEW (Name variation with same DOB)
FUZZY_VARIATION,FUZZY-GRP-680,307253,"PISALBO, MICHELLE PIZARO",1995-03-17,Female,"San Jose","City of Vigan",0,2026-09-27T01:49:05.655683+00:00,REVIEW (Name variation with same DOB)
FUZZY_VARIATION,FUZZY-GRP-681,112498,"Ballesteros, Ben Ambrosio",1969-01-08,Male,"Salindeg","City of Vigan",0,2026-05-17T10:58:27.890517+00:00,REVIEW (Name variation with same DOB)
FUZZY_VARIATION,FUZZY-GRP-681,223140,"Ballesteros, Ben Ambrocio",1969-01-08,Male,"Salindeg","City of Vigan",0,2026-06-24T07:51:26.607208+00:00,REVIEW (Name variation with same DOB)
FUZZY_VARIATION,FUZZY-GRP-682,99639,"Quimin, Adriane Heart Tomas",1999-01-08,Male,"San Jose","City of Vigan",0,2026-05-10T13:36:01.112343+00:00,REVIEW (Name variation with same DOB)
FUZZY_VARIATION,FUZZY-GRP-682,307426,"QUIMIN, ADRIAN HEART TOMAS",1999-01-08,Male,"San Jose","City of Vigan",0,2026-09-27T01:49:05.655683+00:00,REVIEW (Name variation with same DOB)
FUZZY_VARIATION,FUZZY-GRP-683,99651,"Reotutar, Ohna Patricia Tacud",2001-01-25,Female,"San Jose","City of Vigan",0,2026-05-10T13:36:01.112343+00:00,REVIEW (Name variation with same DOB)
FUZZY_VARIATION,FUZZY-GRP-683,307684,"REOTUTAR, OHNA PATRICIA JACUD",2001-01-25,Female,"San Jose","City of Vigan",0,2026-09-27T01:49:06.259443+00:00,REVIEW (Name variation with same DOB)
FUZZY_VARIATION,FUZZY-GRP-684,99659,"Sumay, Rodel Sabaten",1982-06-30,Male,"San Jose","City of Vigan",0,2026-05-10T13:36:01.112343+00:00,REVIEW (Name variation with same DOB)
FUZZY_VARIATION,FUZZY-GRP-684,307544,"SUMAY, RODEL SABATIN",1982-06-30,Male,"San Jose","City of Vigan",0,2026-09-27T01:49:05.655683+00:00,REVIEW (Name variation with same DOB)
FUZZY_VARIATION,FUZZY-GRP-685,103272,"Balisi, Joyce Argonza",1971-09-15,Female,"Barangay VII","City of Vigan",0,2026-05-12T12:53:03.465288+00:00,REVIEW (Name variation with same DOB)
FUZZY_VARIATION,FUZZY-GRP-685,317303,"BALISI, JOYCE ANCONZA",1971-09-15,Female,"Barangay VII","City of Vigan",0,2026-09-28T13:16:39.771769+00:00,REVIEW (Name variation with same DOB)
FUZZY_VARIATION,FUZZY-GRP-686,103282,"Alcartado, Edarlino Leonen",1959-10-21,Male,"Barangay VII","City of Vigan",0,2026-05-12T12:53:03.465288+00:00,REVIEW (Name variation with same DOB)
FUZZY_VARIATION,FUZZY-GRP-686,318191,"Alcartado, Edarlino Leonan",1959-10-21,Male,"Barangay VII","City of Vigan",0,2026-09-28T13:16:48.28094+00:00,REVIEW (Name variation with same DOB)
FUZZY_VARIATION,FUZZY-GRP-687,103283,"Villegas, Marian Gonzales",2011-05-06,Female,"Barangay VII","City of Vigan",0,2026-05-12T12:53:03.465288+00:00,REVIEW (Name variation with same DOB)
FUZZY_VARIATION,FUZZY-GRP-687,317370,"VILLEGAS, MARIANNE GONZALES",2011-05-06,Female,"Barangay VII","City of Vigan",0,2026-09-28T13:16:39.771769+00:00,REVIEW (Name variation with same DOB)
FUZZY_VARIATION,FUZZY-GRP-688,103288,"Patani, Shiela Shame Asuncion",2013-02-04,Female,"Barangay VII","City of Vigan",0,2026-05-12T12:53:03.465288+00:00,REVIEW (Name variation with same DOB)
FUZZY_VARIATION,FUZZY-GRP-688,317408,"PATANI, SHIELA SHANE ASUNCION",2013-02-04,Female,"Barangay VII","City of Vigan",0,2026-09-28T13:16:39.771769+00:00,REVIEW (Name variation with same DOB)
FUZZY_VARIATION,FUZZY-GRP-689,103303,"Guzman, Esther Venegas",1966-04-28,Female,"Barangay VII","City of Vigan",0,2026-05-12T12:53:03.465288+00:00,REVIEW (Name variation with same DOB)
FUZZY_VARIATION,FUZZY-GRP-689,308634,"Guzman, Ester Vinegas",1966-04-28,Female,"Barangay VII","City of Vigan",0,2026-09-27T02:29:08.993192+00:00,REVIEW (Name variation with same DOB)
FUZZY_VARIATION,FUZZY-GRP-690,112468,"Benzon, Alfredo Aquizay",1964-09-26,Male,"Salindeg","City of Vigan",0,2026-05-17T10:58:27.890517+00:00,REVIEW (Name variation with same DOB)
FUZZY_VARIATION,FUZZY-GRP-690,223170,"Benzon, Alfredo Aguisay",1964-09-26,Male,"Salindeg","City of Vigan",0,2026-06-24T07:51:26.607208+00:00,REVIEW (Name variation with same DOB)
FUZZY_VARIATION,FUZZY-GRP-691,112493,"Pacada, Teresita Aupe",1958-06-25,Female,"Salindeg","City of Vigan",0,2026-05-17T10:58:27.890517+00:00,REVIEW (Name variation with same DOB)
FUZZY_VARIATION,FUZZY-GRP-691,223029,"Pacaola, Teresita Aupe",1958-06-25,Female,"Salindeg","City of Vigan",0,2026-06-24T07:51:26.607208+00:00,REVIEW (Name variation with same DOB)
FUZZY_VARIATION,FUZZY-GRP-692,112500,"Lardizabal, Markce John David Benzon",2008-09-02,Male,"Salindeg","City of Vigan",0,2026-05-17T10:58:27.890517+00:00,REVIEW (Name variation with same DOB)
FUZZY_VARIATION,FUZZY-GRP-692,222648,"Larzidabal, Markce John David Benzon",2008-09-02,Male,"Salindeg","City of Vigan",0,2026-06-24T07:51:24.475842+00:00,REVIEW (Name variation with same DOB)
FUZZY_VARIATION,FUZZY-GRP-693,131052,"Agapinan, Mark Joey Panela",1986-06-07,Male,"San Pedro","City of Vigan",0,2026-05-22T21:06:18.698842+00:00,REVIEW (Name variation with same DOB)
FUZZY_VARIATION,FUZZY-GRP-693,220096,"Agapinan, Mark Joey Pamela",1986-06-07,Female,"San Pedro","City of Vigan",0,2026-06-23T19:39:54.987717+00:00,REVIEW (Name variation with same DOB)
FUZZY_VARIATION,FUZZY-GRP-694,131066,"Agapinan, Jacquelyn Tugade",1986-10-10,Female,"San Pedro","City of Vigan",0,2026-05-22T21:06:18.698842+00:00,REVIEW (Name variation with same DOB)
FUZZY_VARIATION,FUZZY-GRP-694,220099,"Agapinan, Jacqueline Tugade",1986-10-10,Female,"San Pedro","City of Vigan",0,2026-06-23T19:39:54.987717+00:00,REVIEW (Name variation with same DOB)
FUZZY_VARIATION,FUZZY-GRP-695,131082,"Ponce, Leonard Albiller",1999-07-21,Male,"San Pedro","City of Vigan",0,2026-05-22T21:06:18.698842+00:00,REVIEW (Name variation with same DOB)
FUZZY_VARIATION,FUZZY-GRP-695,219849,"Ponce, Leonard Abiller",1999-07-21,Male,"San Pedro","City of Vigan",0,2026-06-23T19:39:09.228885+00:00,REVIEW (Name variation with same DOB)
FUZZY_VARIATION,FUZZY-GRP-696,131084,"Baclig, Julie Ann Bayya",2012-07-18,Female,"San Pedro","City of Vigan",0,2026-05-22T21:06:18.698842+00:00,REVIEW (Name variation with same DOB)
FUZZY_VARIATION,FUZZY-GRP-696,220126,"Baclig, Jiulie Ann Bayya",2012-07-18,Female,"San Pedro","City of Vigan",0,2026-06-23T19:39:54.987717+00:00,REVIEW (Name variation with same DOB)
FUZZY_VARIATION,FUZZY-GRP-697,131101,"Magno, Gregorio Racquel",1944-06-01,Male,"San Pedro","City of Vigan",0,2026-05-22T21:06:18.698842+00:00,REVIEW (Name variation with same DOB)
FUZZY_VARIATION,FUZZY-GRP-697,219707,"Magno, Gregorio  Raquel",1944-06-01,Male,"San Pedro","City of Vigan",0,2026-06-23T19:39:09.228885+00:00,REVIEW (Name variation with same DOB)
FUZZY_VARIATION,FUZZY-GRP-698,131105,"Curato, Jan Jexus Harvy Pinto",2017-08-30,Male,"San Pedro","City of Vigan",0,2026-05-22T21:06:18.698842+00:00,REVIEW (Name variation with same DOB)
FUZZY_VARIATION,FUZZY-GRP-698,219794,"Curato, Jan Jexus Harvey Pinto",2017-08-30,Female,"San Pedro","City of Vigan",0,2026-06-23T19:39:09.228885+00:00,REVIEW (Name variation with same DOB)
FUZZY_VARIATION,FUZZY-GRP-699,131147,"Agapinan, Janine Querubin",2014-12-19,Female,"San Pedro","City of Vigan",0,2026-05-22T21:06:18.698842+00:00,REVIEW (Name variation with same DOB)
FUZZY_VARIATION,FUZZY-GRP-699,220035,"Agapinan, Janine Quiruben",2014-12-19,Female,"San Pedro","City of Vigan",0,2026-06-23T19:39:09.228885+00:00,REVIEW (Name variation with same DOB)
FUZZY_VARIATION,FUZZY-GRP-700,131155,"Pinto, Ma. Angelica Abellera",2001-12-30,Female,"San Pedro","City of Vigan",0,2026-05-22T21:06:18.698842+00:00,REVIEW (Name variation with same DOB)
FUZZY_VARIATION,FUZZY-GRP-700,219654,"Pinto, Ma. Angelika Abellera",2001-12-30,Female,"San Pedro","City of Vigan",0,2026-06-23T19:39:09.228885+00:00,REVIEW (Name variation with same DOB)
FUZZY_VARIATION,FUZZY-GRP-701,135770,"Atendido, Matthew Garabiles",2019-05-19,Male,"San Julian Norte","City of Vigan",0,2026-05-24T00:51:13.425653+00:00,REVIEW (Name variation with same DOB)
FUZZY_VARIATION,FUZZY-GRP-701,137354,"ATENDIDO, MATTEO GARABILES",2019-05-19,Male,"San Julian Norte","City of Vigan",0,2026-05-24T00:51:20.01736+00:00,REVIEW (Name variation with same DOB)
FUZZY_VARIATION,FUZZY-GRP-702,131181,"Fernandez, Reynaldo Regonton",1955-09-30,Male,"San Pedro","City of Vigan",0,2026-05-22T21:06:18.698842+00:00,REVIEW (Name variation with same DOB)
FUZZY_VARIATION,FUZZY-GRP-702,219952,"Fernandez, Reynaldo Ragonton",1955-09-30,Male,"San Pedro","City of Vigan",0,2026-06-23T19:39:09.228885+00:00,REVIEW (Name variation with same DOB)
FUZZY_VARIATION,FUZZY-GRP-703,131184,"Magno, Denis Dela Cruz",1959-05-19,Male,"San Pedro","City of Vigan",0,2026-05-22T21:06:18.698842+00:00,REVIEW (Name variation with same DOB)
FUZZY_VARIATION,FUZZY-GRP-703,220021,"Magno, Dennis Dela Cruz",1959-05-19,Male,"San Pedro","City of Vigan",0,2026-06-23T19:39:09.228885+00:00,REVIEW (Name variation with same DOB)
FUZZY_VARIATION,FUZZY-GRP-704,131219,"Aludino, Eduardo Viernes",1964-11-14,Male,"San Pedro","City of Vigan",0,2026-05-22T21:06:18.698842+00:00,REVIEW (Name variation with same DOB)
FUZZY_VARIATION,FUZZY-GRP-704,219924,"Aludino, Edwardo Viernes",1964-11-14,Male,"San Pedro","City of Vigan",0,2026-06-23T19:39:09.228885+00:00,REVIEW (Name variation with same DOB)
FUZZY_VARIATION,FUZZY-GRP-705,131234,"Navarro, Prince Rj Ablog",2011-09-19,Male,"San Pedro","City of Vigan",0,2026-05-22T21:06:18.698842+00:00,REVIEW (Name variation with same DOB)
FUZZY_VARIATION,FUZZY-GRP-705,220182,"Navarro, Prince Rj  Abog",2011-09-19,Male,"San Pedro","City of Vigan",0,2026-06-23T19:39:54.987717+00:00,REVIEW (Name variation with same DOB)
FUZZY_VARIATION,FUZZY-GRP-706,317560,"TAPICERIA, ELOYZA VIERNES",2004-09-03,Female,"Barangay VII","City of Vigan",0,2026-09-28T13:16:39.771769+00:00,REVIEW (Name variation with same DOB)
FUZZY_VARIATION,FUZZY-GRP-706,317561,"TAPICERIA, ELIZA VIERNES",2004-09-03,Female,"Barangay VII","City of Vigan",0,2026-09-28T13:16:39.771769+00:00,REVIEW (Name variation with same DOB)
FUZZY_VARIATION,FUZZY-GRP-707,131264,"De La Cruz, Kristalyn Quintal",2004-10-12,Female,"San Pedro","City of Vigan",0,2026-05-22T21:06:18.698842+00:00,REVIEW (Name variation with same DOB)
FUZZY_VARIATION,FUZZY-GRP-707,131265,"De La Cruz, Krisalyn Quintal",2004-10-12,Female,"San Pedro","City of Vigan",0,2026-05-22T21:06:18.698842+00:00,REVIEW (Name variation with same DOB)
FUZZY_VARIATION,FUZZY-GRP-708,131283,"Altares, Zildjian Puno",2017-12-15,Male,"San Pedro","City of Vigan",0,2026-05-22T21:06:18.698842+00:00,REVIEW (Name variation with same DOB)
FUZZY_VARIATION,FUZZY-GRP-708,219676,"Altares, Zildjan Puno",2017-12-15,Male,"San Pedro","City of Vigan",0,2026-06-23T19:39:09.228885+00:00,REVIEW (Name variation with same DOB)
FUZZY_VARIATION,FUZZY-GRP-709,131291,"Amancio, Rolly Reotita",1980-06-16,Male,"San Pedro","City of Vigan",0,2026-05-22T21:06:18.698842+00:00,REVIEW (Name variation with same DOB)
FUZZY_VARIATION,FUZZY-GRP-709,220292,"Amancio, Roly Riotita",1980-06-16,Male,"San Pedro","City of Vigan",0,2026-06-23T19:39:54.987717+00:00,REVIEW (Name variation with same DOB)
FUZZY_VARIATION,FUZZY-GRP-710,131305,"Ponce, Cristine Tebia",2009-02-05,Female,"San Pedro","City of Vigan",0,2026-05-22T21:06:18.698842+00:00,REVIEW (Name variation with same DOB)
FUZZY_VARIATION,FUZZY-GRP-710,220094,"Ponce, Christine Tebia",2009-02-05,Female,"San Pedro","City of Vigan",0,2026-06-23T19:39:54.987717+00:00,REVIEW (Name variation with same DOB)
FUZZY_VARIATION,FUZZY-GRP-711,131315,"Dela Cruz, Maria Ablog",1941-02-15,Female,"San Pedro","City of Vigan",0,2026-05-22T21:06:18.698842+00:00,REVIEW (Name variation with same DOB)
FUZZY_VARIATION,FUZZY-GRP-711,219634,"De La Cruz, Maria Ablog",1941-02-15,Female,"San Pedro","City of Vigan",0,2026-06-23T19:39:09.228885+00:00,REVIEW (Name variation with same DOB)
FUZZY_VARIATION,FUZZY-GRP-712,131322,"Raquel, Mira Ella Perinon",2007-05-03,Female,"San Pedro","City of Vigan",0,2026-05-22T21:06:18.698842+00:00,REVIEW (Name variation with same DOB)
FUZZY_VARIATION,FUZZY-GRP-712,220233,"Raquel, Mikaella Perinon",2007-05-03,Female,"San Pedro","City of Vigan",0,2026-06-23T19:39:54.987717+00:00,REVIEW (Name variation with same DOB)
FUZZY_VARIATION,FUZZY-GRP-713,131331,"Arista, Romulo Giorla",1984-01-12,Male,"San Pedro","City of Vigan",0,2026-05-22T21:06:18.698842+00:00,REVIEW (Name variation with same DOB)
FUZZY_VARIATION,FUZZY-GRP-713,220251,"Arista, Romulo Glorla",1984-01-12,Male,"San Pedro","City of Vigan",0,2026-06-23T19:39:54.987717+00:00,REVIEW (Name variation with same DOB)
FUZZY_VARIATION,FUZZY-GRP-714,131358,"Amanonce, Jamaica Khate Magno",2011-07-25,Female,"San Pedro","City of Vigan",0,2026-05-22T21:06:18.698842+00:00,REVIEW (Name variation with same DOB)
FUZZY_VARIATION,FUZZY-GRP-714,219571,"Amanonce, Jamaica Kate Magno",2011-07-25,Female,"San Pedro","City of Vigan",0,2026-06-23T19:39:09.228885+00:00,REVIEW (Name variation with same DOB)
FUZZY_VARIATION,FUZZY-GRP-715,131378,"Altares, Roland Altes",1981-04-12,Male,"San Pedro","City of Vigan",0,2026-05-22T21:06:18.698842+00:00,REVIEW (Name variation with same DOB)
FUZZY_VARIATION,FUZZY-GRP-715,219675,"Altares, Roland Altez",1981-04-12,Male,"San Pedro","City of Vigan",0,2026-06-23T19:39:09.228885+00:00,REVIEW (Name variation with same DOB)
FUZZY_VARIATION,FUZZY-GRP-716,136152,"PAGUD, LEA",2023-08-10,Female,"San Julian Norte","City of Vigan",0,2026-05-24T00:51:13.425653+00:00,REVIEW (Name variation with same DOB)
FUZZY_VARIATION,FUZZY-GRP-716,306183,"PAGUD, LEA B.",2023-08-10,Female,"San Julian Norte","City of Vigan",0,2026-09-26T17:03:58.134301+00:00,REVIEW (Name variation with same DOB)
FUZZY_VARIATION,FUZZY-GRP-717,131399,"Agapinan, Dario Dela Cruz",1963-10-26,Male,"San Pedro","City of Vigan",0,2026-05-22T21:06:18.698842+00:00,REVIEW (Name variation with same DOB)
FUZZY_VARIATION,FUZZY-GRP-717,220121,"Agapinan, Dario De La Cruz",1963-10-26,Male,"San Pedro","City of Vigan",0,2026-06-23T19:39:54.987717+00:00,REVIEW (Name variation with same DOB)
FUZZY_VARIATION,FUZZY-GRP-718,131420,"Curato, Luke Harizon Pinto",2020-03-13,Male,"San Pedro","City of Vigan",0,2026-05-22T21:06:18.698842+00:00,REVIEW (Name variation with same DOB)
FUZZY_VARIATION,FUZZY-GRP-718,219795,"Curato, Luke Harisson Pinto",2020-03-13,Male,"San Pedro","City of Vigan",0,2026-06-23T19:39:09.228885+00:00,REVIEW (Name variation with same DOB)
FUZZY_VARIATION,FUZZY-GRP-719,131430,"Jimenez, Jhonloyd Llpitan",2012-10-04,Male,"San Pedro","City of Vigan",0,2026-05-22T21:06:18.698842+00:00,REVIEW (Name variation with same DOB)
FUZZY_VARIATION,FUZZY-GRP-719,219995,"Jimenez, Jhon Loyd Llapitan",2012-10-04,Male,"San Pedro","City of Vigan",0,2026-06-23T19:39:09.228885+00:00,REVIEW (Name variation with same DOB)
FUZZY_VARIATION,FUZZY-GRP-720,131447,"Magno, Sha-sha Marie Alinan",1991-11-29,Female,"San Pedro","City of Vigan",0,2026-05-22T21:06:18.698842+00:00,REVIEW (Name variation with same DOB)
FUZZY_VARIATION,FUZZY-GRP-720,220138,"Magno, Sha-Sha Marie Aliman",1991-11-29,Female,"San Pedro","City of Vigan",0,2026-06-23T19:39:54.987717+00:00,REVIEW (Name variation with same DOB)
FUZZY_VARIATION,FUZZY-GRP-721,131463,"Aludino, Zane Asher Velasquez",2021-03-31,Male,"San Pedro","City of Vigan",0,2026-05-22T21:06:18.698842+00:00,REVIEW (Name variation with same DOB)
FUZZY_VARIATION,FUZZY-GRP-721,219888,"Aludino, Zane Asher Velasques",2021-03-31,Male,"San Pedro","City of Vigan",0,2026-06-23T19:39:09.228885+00:00,REVIEW (Name variation with same DOB)
FUZZY_VARIATION,FUZZY-GRP-722,131467,"Magno, Esperanza Unza",1945-04-20,Female,"San Pedro","City of Vigan",0,2026-05-22T21:06:18.698842+00:00,REVIEW (Name variation with same DOB)
FUZZY_VARIATION,FUZZY-GRP-722,219708,"Magno, Esperanza  Onza",1945-04-20,Female,"San Pedro","City of Vigan",0,2026-06-23T19:39:09.228885+00:00,REVIEW (Name variation with same DOB)
FUZZY_VARIATION,FUZZY-GRP-723,143283,"Casta�eda, Joseph Lopez",1985-11-15,Male,"Mindoro","City of Vigan",0,2026-05-25T11:22:29.263713+00:00,REVIEW (Name variation with same DOB)
FUZZY_VARIATION,FUZZY-GRP-723,254846,"Casta?da, Joseph Lopez",1985-11-15,Male,"Mindoro","City of Vigan",0,2026-07-22T00:10:36.421976+00:00,REVIEW (Name variation with same DOB)
FUZZY_VARIATION,FUZZY-GRP-724,131489,"Formoso, Chrisrey Nixon Cabrillas",2015-10-12,Male,"San Pedro","City of Vigan",0,2026-05-22T21:06:18.698842+00:00,REVIEW (Name variation with same DOB)
FUZZY_VARIATION,FUZZY-GRP-724,220014,"Formoso, Chrisrey Nivon Cabrillas",2015-10-12,Male,"San Pedro","City of Vigan",0,2026-06-23T19:39:09.228885+00:00,REVIEW (Name variation with same DOB)
FUZZY_VARIATION,FUZZY-GRP-725,131629,"Reotutar, Sheward Ragudo",1989-03-17,Male,"Barangay III","City of Vigan",0,2026-05-22T21:20:21.582482+00:00,REVIEW (Name variation with same DOB)
FUZZY_VARIATION,FUZZY-GRP-725,158546,"Reototar Shuward Ragudo",1989-03-17,Male,"Purok-a-dackel","City of Vigan",0,2026-05-31T08:17:04.191472+00:00,REVIEW (Name variation with same DOB)
FUZZY_VARIATION,FUZZY-GRP-726,131682,"Pablico, Gerald Paulo Mon",2000-06-17,Male,"Barangay III","City of Vigan",0,2026-05-22T21:20:21.582482+00:00,REVIEW (Name variation with same DOB)
FUZZY_VARIATION,FUZZY-GRP-726,131715,"Pablico, Gerald Paolo Mon",2000-06-17,Male,"Barangay III","City of Vigan",0,2026-05-22T21:20:21.582482+00:00,REVIEW (Name variation with same DOB)
FUZZY_VARIATION,FUZZY-GRP-727,131777,"Cuade, Elizabeth Ba?z",1957-11-15,Female,"Barangay III","City of Vigan",0,2026-05-22T21:20:21.582482+00:00,REVIEW (Name variation with same DOB)
FUZZY_VARIATION,FUZZY-GRP-727,230050,"Cuade, Elizabeth Bañez",1957-11-15,Female,"Barangay III","City of Vigan",0,2026-06-26T22:04:57.616985+00:00,REVIEW (Name variation with same DOB)
FUZZY_VARIATION,FUZZY-GRP-728,136046,"ENOMIS, ZION SHEAN",2022-12-08,Male,"San Julian Norte","City of Vigan",0,2026-05-24T00:51:13.425653+00:00,REVIEW (Name variation with same DOB)
FUZZY_VARIATION,FUZZY-GRP-728,306066,"ENOMIS,ZION SHEAN D.",2022-12-08,Male,"San Julian Norte","City of Vigan",0,2026-09-26T17:03:58.134301+00:00,REVIEW (Name variation with same DOB)
FUZZY_VARIATION,FUZZY-GRP-729,134390,"Alones, Zedrick Nino Foronda",2008-09-18,Male,"Pantay Daya","City of Vigan",0,2026-05-23T22:35:49.535604+00:00,REVIEW (Name variation with same DOB)
FUZZY_VARIATION,FUZZY-GRP-729,222645,"Alones, Zedrick Ni�0 Foronda",2008-09-18,Male,"Salindeg","City of Vigan",0,2026-06-24T07:51:24.475842+00:00,REVIEW (Name variation with same DOB)
FUZZY_VARIATION,FUZZY-GRP-730,134390,"Alones, Zedrick Nino Foronda",2008-09-18,Male,"Pantay Daya","City of Vigan",0,2026-05-23T22:35:49.535604+00:00,REVIEW (Name variation with same DOB)
FUZZY_VARIATION,FUZZY-GRP-730,224252,"Alones, Zedrick Niñ0 Foronda",2008-09-18,Male,"Salindeg","City of Vigan",0,2026-06-25T01:31:45.366031+00:00,REVIEW (Name variation with same DOB)
FUZZY_VARIATION,FUZZY-GRP-731,222645,"Alones, Zedrick Ni�0 Foronda",2008-09-18,Male,"Salindeg","City of Vigan",0,2026-06-24T07:51:24.475842+00:00,REVIEW (Name variation with same DOB)
FUZZY_VARIATION,FUZZY-GRP-731,224252,"Alones, Zedrick Niñ0 Foronda",2008-09-18,Male,"Salindeg","City of Vigan",0,2026-06-25T01:31:45.366031+00:00,REVIEW (Name variation with same DOB)
FUZZY_VARIATION,FUZZY-GRP-732,136259,"Sacramento, Erick Mondancia",2003-08-30,Male,"San Julian Norte","City of Vigan",0,2026-05-24T00:51:13.425653+00:00,REVIEW (Name variation with same DOB)
FUZZY_VARIATION,FUZZY-GRP-732,136592,"SACRAMENTO, ERIC MODANCIA",2003-08-30,Male,"San Julian Norte","City of Vigan",0,2026-05-24T00:51:15.835019+00:00,REVIEW (Name variation with same DOB)
FUZZY_VARIATION,FUZZY-GRP-733,134679,"Ragucos, Flordelita Raboy",1980-01-31,Female,"Pantay Daya","City of Vigan",0,2026-05-23T22:35:50.750088+00:00,REVIEW (Name variation with same DOB)
FUZZY_VARIATION,FUZZY-GRP-733,134709,"Ragucos, Flordeliza Raboy",1980-01-31,Female,"Pantay Daya","City of Vigan",0,2026-05-23T22:35:50.750088+00:00,REVIEW (Name variation with same DOB)
FUZZY_VARIATION,FUZZY-GRP-734,134688,"Bano, Zul Angelo Ragucos",2001-10-23,Male,"Pantay Daya","City of Vigan",0,2026-05-23T22:35:50.750088+00:00,REVIEW (Name variation with same DOB)
FUZZY_VARIATION,FUZZY-GRP-734,134713,"Bano, Zol Angelo Ragucos",2001-10-23,Male,"Pantay Daya","City of Vigan",0,2026-05-23T22:35:50.750088+00:00,REVIEW (Name variation with same DOB)
FUZZY_VARIATION,FUZZY-GRP-735,308592,"Bongalos, Angellyn",1999-11-03,Female,"Barangay VII","City of Vigan",0,2026-09-27T02:29:08.993192+00:00,REVIEW (Name variation with same DOB)
FUZZY_VARIATION,FUZZY-GRP-735,317411,"BONGALOS, ANGELYN",1999-11-03,Female,"Barangay VII","City of Vigan",0,2026-09-28T13:16:39.771769+00:00,REVIEW (Name variation with same DOB)
FUZZY_VARIATION,FUZZY-GRP-736,222900,"Andallo, Flynn Qui�ola",1983-09-26,Male,"Salindeg","City of Vigan",0,2026-06-24T07:51:24.475842+00:00,REVIEW (Name variation with same DOB)
FUZZY_VARIATION,FUZZY-GRP-736,224259,"Andallo, Flynn Quiñola",1983-09-26,Male,"Salindeg","City of Vigan",0,2026-06-25T01:31:45.366031+00:00,REVIEW (Name variation with same DOB)
FUZZY_VARIATION,FUZZY-GRP-737,135156,"Bautista, Mikaela  Amber Cabotaje",2017-04-30,Female,"Pantay Daya","City of Vigan",0,2026-05-23T22:35:52.650663+00:00,REVIEW (Name variation with same DOB)
FUZZY_VARIATION,FUZZY-GRP-737,317755,"BAUTISTA, MICHAELA AMBER CABOTAJE",2017-04-30,Female,"Barangay VII","City of Vigan",0,2026-09-28T13:16:44.993661+00:00,REVIEW (Name variation with same DOB)
FUZZY_VARIATION,FUZZY-GRP-738,135252,"Arconado, Rosemarie Larioza",1991-09-15,Female,"Pantay Daya","City of Vigan",0,2026-05-23T22:35:52.650663+00:00,REVIEW (Name variation with same DOB)
FUZZY_VARIATION,FUZZY-GRP-738,135257,"Arconado, Rose Marie Larioza",1991-09-15,Female,"Pantay Daya","City of Vigan",0,2026-05-23T22:35:52.650663+00:00,REVIEW (Name variation with same DOB)
FUZZY_VARIATION,FUZZY-GRP-739,135275,"Racadio, Jamina Rafanan",2001-03-05,Female,"Pantay Daya","City of Vigan",0,2026-05-23T22:35:52.650663+00:00,REVIEW (Name variation with same DOB)
FUZZY_VARIATION,FUZZY-GRP-739,135374,"Racadio, Jemina Rafanan",2001-03-05,Female,"Pantay Daya","City of Vigan",0,2026-05-23T22:35:52.650663+00:00,REVIEW (Name variation with same DOB)
FUZZY_VARIATION,FUZZY-GRP-740,136018,"CAPISTRANO, FRITS XION",2022-01-18,Male,"San Julian Norte","City of Vigan",0,2026-05-24T00:51:13.425653+00:00,REVIEW (Name variation with same DOB)
FUZZY_VARIATION,FUZZY-GRP-740,306151,"CAPISTRANO,FRITZ XION",2022-01-18,Male,"San Julian Norte","City of Vigan",0,2026-09-26T17:03:58.134301+00:00,REVIEW (Name variation with same DOB)
FUZZY_VARIATION,FUZZY-GRP-741,136050,"PAROLIGAN, ERIS JASPHER",2023-01-17,Male,"San Julian Norte","City of Vigan",0,2026-05-24T00:51:13.425653+00:00,REVIEW (Name variation with same DOB)
FUZZY_VARIATION,FUZZY-GRP-741,306096,"PAROLIGAN,ERIS JASPHER A.",2023-01-17,Male,"San Julian Norte","City of Vigan",0,2026-09-26T17:03:58.134301+00:00,REVIEW (Name variation with same DOB)
FUZZY_VARIATION,FUZZY-GRP-742,136138,"ITALIN, ATHALIA FAYE",2023-01-17,Female,"San Julian Norte","City of Vigan",0,2026-05-24T00:51:13.425653+00:00,REVIEW (Name variation with same DOB)
FUZZY_VARIATION,FUZZY-GRP-742,306126,"ITALIN,ATHALIA FAYE T.",2023-01-17,Female,"San Julian Norte","City of Vigan",0,2026-09-26T17:03:58.134301+00:00,REVIEW (Name variation with same DOB)
FUZZY_VARIATION,FUZZY-GRP-743,135793,"Bautista, Scarlet Snow Penis",2019-05-11,Female,"San Julian Norte","City of Vigan",0,2026-05-24T00:51:13.425653+00:00,REVIEW (Name variation with same DOB)
FUZZY_VARIATION,FUZZY-GRP-743,137456,"BAUTISTA, SCARLET SNOW PEHIS",2019-05-11,Female,"San Julian Norte","City of Vigan",0,2026-05-24T00:51:20.01736+00:00,REVIEW (Name variation with same DOB)
FUZZY_VARIATION,FUZZY-GRP-744,309321,"Alcantara, Richllyne Ortal",2022-02-17,Female,"Nagsangalan","City of Vigan",0,2026-09-27T03:17:42.169983+00:00,REVIEW (Name variation with same DOB)
FUZZY_VARIATION,FUZZY-GRP-744,335820,"ALCANTARA, RICHLYN ORTAL",2022-02-17,Female,"Nagsangalan","City of Vigan",0,2026-10-02T06:19:44.858483+00:00,REVIEW (Name variation with same DOB)
FUZZY_VARIATION,FUZZY-GRP-745,135834,"Atiagan, Ni�a Angela Ong",2017-07-23,Female,"San Julian Norte","City of Vigan",0,2026-05-24T00:51:13.425653+00:00,REVIEW (Name variation with same DOB)
FUZZY_VARIATION,FUZZY-GRP-745,138119,"Atiagan, Ni?a Angela Ong",2017-07-23,Female,"San Julian Norte","City of Vigan",0,2026-05-24T02:19:51.101348+00:00,REVIEW (Name variation with same DOB)
FUZZY_VARIATION,FUZZY-GRP-746,135844,"Flores, Yvonne Dela Cruz",1993-09-29,Female,"San Julian Norte","City of Vigan",0,2026-05-24T00:51:13.425653+00:00,REVIEW (Name variation with same DOB)
FUZZY_VARIATION,FUZZY-GRP-746,138069,"FLORES, YVONE DELA CRUZ",1993-09-29,Female,"San Julian Norte","City of Vigan",0,2026-05-24T00:51:21.663972+00:00,REVIEW (Name variation with same DOB)
FUZZY_VARIATION,FUZZY-GRP-747,135858,"Peralta, Juanito Reputola",1957-11-20,Male,"San Julian Norte","City of Vigan",0,2026-05-24T00:51:13.425653+00:00,REVIEW (Name variation with same DOB)
FUZZY_VARIATION,FUZZY-GRP-747,136453,"PERALTA, JUANITO REPOTOLA",1957-11-20,Male,"San Julian Norte","City of Vigan",0,2026-05-24T00:51:15.835019+00:00,REVIEW (Name variation with same DOB)
FUZZY_VARIATION,FUZZY-GRP-748,135874,"Anicas, Emilio Flores",1947-05-22,Male,"San Julian Norte","City of Vigan",0,2026-05-24T00:51:13.425653+00:00,REVIEW (Name variation with same DOB)
FUZZY_VARIATION,FUZZY-GRP-748,136684,"ANICAS, EVILIO FLORES",1947-05-22,Male,"San Julian Norte","City of Vigan",0,2026-05-24T00:51:15.835019+00:00,REVIEW (Name variation with same DOB)
FUZZY_VARIATION,FUZZY-GRP-749,135883,"Ignacio, Brent Jakob Rabanal",2013-04-26,Male,"San Julian Norte","City of Vigan",0,2026-05-24T00:51:13.425653+00:00,REVIEW (Name variation with same DOB)
FUZZY_VARIATION,FUZZY-GRP-749,137076,"IGNACIO, BRENT JACOB RABANAL",2013-04-26,Male,"San Julian Norte","City of Vigan",0,2026-05-24T00:51:17.863707+00:00,REVIEW (Name variation with same DOB)
FUZZY_VARIATION,FUZZY-GRP-750,135887,"Fontejon, Perlita Galaites",1957-04-16,Female,"San Julian Norte","City of Vigan",0,2026-05-24T00:51:13.425653+00:00,REVIEW (Name variation with same DOB)
FUZZY_VARIATION,FUZZY-GRP-750,137271,"FONTEJON, PERLITA GALAYTIS",1957-04-16,Female,"San Julian Norte","City of Vigan",0,2026-05-24T00:51:20.01736+00:00,REVIEW (Name variation with same DOB)
FUZZY_VARIATION,FUZZY-GRP-751,135893,"Peralta, Charles Zedrixx Aniciete",2011-03-06,Male,"San Julian Norte","City of Vigan",0,2026-05-24T00:51:13.425653+00:00,REVIEW (Name variation with same DOB)
FUZZY_VARIATION,FUZZY-GRP-751,136457,"PERALTA, CHARLES ZEDRIX ANICIETE",2011-03-06,Male,"San Julian Norte","City of Vigan",0,2026-05-24T00:51:15.835019+00:00,REVIEW (Name variation with same DOB)
FUZZY_VARIATION,FUZZY-GRP-752,136117,"JAVIER, YSLA",2021-09-13,Female,"San Julian Norte","City of Vigan",0,2026-05-24T00:51:13.425653+00:00,REVIEW (Name variation with same DOB)
FUZZY_VARIATION,FUZZY-GRP-752,306059,"JAVIER,YSLA P.",2021-09-13,Female,"San Julian Norte","City of Vigan",0,2026-09-26T17:03:58.134301+00:00,REVIEW (Name variation with same DOB)
FUZZY_VARIATION,FUZZY-GRP-753,135923,"Ferido, Rosemarie Grae Umbay",2012-06-02,Female,"San Julian Norte","City of Vigan",0,2026-05-24T00:51:13.425653+00:00,REVIEW (Name variation with same DOB)
FUZZY_VARIATION,FUZZY-GRP-753,137232,"FERIDO, ROSEMARIE GRACE UMBAY",2012-06-02,Female,"San Julian Norte","City of Vigan",0,2026-05-24T00:51:17.863707+00:00,REVIEW (Name variation with same DOB)
FUZZY_VARIATION,FUZZY-GRP-754,136114,"AREOLA, MAXINE RAE",2021-08-04,Female,"San Julian Norte","City of Vigan",0,2026-05-24T00:51:13.425653+00:00,REVIEW (Name variation with same DOB)
FUZZY_VARIATION,FUZZY-GRP-754,306121,"AREOLA,MAXINE RAE A.",2021-08-04,Female,"San Julian Norte","City of Vigan",0,2026-09-26T17:03:58.134301+00:00,REVIEW (Name variation with same DOB)
FUZZY_VARIATION,FUZZY-GRP-755,136015,"ANTONIO, JAIRO",2021-12-18,Male,"San Julian Norte","City of Vigan",0,2026-05-24T00:51:13.425653+00:00,REVIEW (Name variation with same DOB)
FUZZY_VARIATION,FUZZY-GRP-755,306210,"ANTONIO,JAIRO A.",2021-12-18,Male,"San Julian Norte","City of Vigan",0,2026-09-26T17:03:58.134301+00:00,REVIEW (Name variation with same DOB)
FUZZY_VARIATION,FUZZY-GRP-756,136024,"MANAHAN, JOSH JAKESON",2021-11-05,Male,"San Julian Norte","City of Vigan",0,2026-05-24T00:51:13.425653+00:00,REVIEW (Name variation with same DOB)
FUZZY_VARIATION,FUZZY-GRP-756,306175,"MANAHAN,JOSH JAKESON P.",2021-11-05,Male,"San Julian Norte","City of Vigan",0,2026-09-26T17:03:58.134301+00:00,REVIEW (Name variation with same DOB)
FUZZY_VARIATION,FUZZY-GRP-757,136026,"AMBACAN, JOHN CLYDE",2022-03-23,Male,"San Julian Norte","City of Vigan",0,2026-05-24T00:51:13.425653+00:00,REVIEW (Name variation with same DOB)
FUZZY_VARIATION,FUZZY-GRP-757,306139,"AMBACAN,JOHN CLYDE R.",2022-03-23,Male,"San Julian Norte","City of Vigan",0,2026-09-26T17:03:58.134301+00:00,REVIEW (Name variation with same DOB)
FUZZY_VARIATION,FUZZY-GRP-758,136036,"QUINES, WHISLER",2022-08-08,Male,"San Julian Norte","City of Vigan",0,2026-05-24T00:51:13.425653+00:00,REVIEW (Name variation with same DOB)
FUZZY_VARIATION,FUZZY-GRP-758,306078,"QUINES,WHISLER A.",2022-08-08,Male,"San Julian Norte","City of Vigan",0,2026-09-26T17:03:58.134301+00:00,REVIEW (Name variation with same DOB)
FUZZY_VARIATION,FUZZY-GRP-759,136039,"FRANDO, MARK ALEXANDREI",2022-09-08,Male,"San Julian Norte","City of Vigan",0,2026-05-24T00:51:13.425653+00:00,REVIEW (Name variation with same DOB)
FUZZY_VARIATION,FUZZY-GRP-759,306119,"FRANDO,MARK ALEXANDREI P.",2022-09-08,Male,"San Julian Norte","City of Vigan",0,2026-09-26T17:03:58.134301+00:00,REVIEW (Name variation with same DOB)
FUZZY_VARIATION,FUZZY-GRP-760,254796,"Corpuz, Czialyn Aeisha",2022-09-08,Female,"Cabaroan Laud","City of Vigan",0,2026-07-21T14:53:31.887539+00:00,REVIEW (Name variation with same DOB)
FUZZY_VARIATION,FUZZY-GRP-760,310425,"Corpus, Cziarlyn Aeisha",2022-09-08,Female,"Cabaroan Laud","City of Vigan",0,2026-09-27T07:48:21.98233+00:00,REVIEW (Name variation with same DOB)
FUZZY_VARIATION,FUZZY-GRP-761,136040,"DELA CRUZ, JOHN PRINCE",2022-09-25,Male,"San Julian Norte","City of Vigan",0,2026-05-24T00:51:13.425653+00:00,REVIEW (Name variation with same DOB)
FUZZY_VARIATION,FUZZY-GRP-761,306201,"DELA CRUZ,JOHN PRINCE E.",2022-09-25,Male,"San Julian Norte","City of Vigan",0,2026-09-26T17:03:58.134301+00:00,REVIEW (Name variation with same DOB)
FUZZY_VARIATION,FUZZY-GRP-762,136041,"CRISTOBAL, ZAIDEN KYLE",2022-09-26,Male,"San Julian Norte","City of Vigan",0,2026-05-24T00:51:13.425653+00:00,REVIEW (Name variation with same DOB)
FUZZY_VARIATION,FUZZY-GRP-762,306136,"CRISTOBAL,ZAIDEN KYLE C.",2022-09-26,Male,"San Julian Norte","City of Vigan",0,2026-09-26T17:03:58.134301+00:00,REVIEW (Name variation with same DOB)
FUZZY_VARIATION,FUZZY-GRP-763,136045,"SIA, RYZEN",2022-11-26,Male,"San Julian Norte","City of Vigan",0,2026-05-24T00:51:13.425653+00:00,REVIEW (Name variation with same DOB)
FUZZY_VARIATION,FUZZY-GRP-763,306221,"SIA,RYZEN E.",2022-11-26,Male,"San Julian Norte","City of Vigan",0,2026-09-26T17:03:58.134301+00:00,REVIEW (Name variation with same DOB)
FUZZY_VARIATION,FUZZY-GRP-764,136047,"PILLOS, RHYS LANIER",2022-12-13,Male,"San Julian Norte","City of Vigan",0,2026-05-24T00:51:13.425653+00:00,REVIEW (Name variation with same DOB)
FUZZY_VARIATION,FUZZY-GRP-764,306109,"PILLOS,RHYS LANIER F.",2022-12-13,Male,"San Julian Norte","City of Vigan",0,2026-09-26T17:03:58.134301+00:00,REVIEW (Name variation with same DOB)
FUZZY_VARIATION,FUZZY-GRP-765,136049,"RESUELLO, ALBERT",2023-01-16,Male,"San Julian Norte","City of Vigan",0,2026-05-24T00:51:13.425653+00:00,REVIEW (Name variation with same DOB)
FUZZY_VARIATION,FUZZY-GRP-765,306174,"RESUELLO,ALBERT A.",2023-01-16,Male,"San Julian Norte","City of Vigan",0,2026-09-26T17:03:58.134301+00:00,REVIEW (Name variation with same DOB)
FUZZY_VARIATION,FUZZY-GRP-766,136052,"MANUEL, JOHN CARLO",2023-02-22,Male,"San Julian Norte","City of Vigan",0,2026-05-24T00:51:13.425653+00:00,REVIEW (Name variation with same DOB)
FUZZY_VARIATION,FUZZY-GRP-766,306117,"MANUEL,JOHN CARLO A.",2023-02-22,Male,"San Julian Norte","City of Vigan",0,2026-09-26T17:03:58.134301+00:00,REVIEW (Name variation with same DOB)
FUZZY_VARIATION,FUZZY-GRP-767,136068,"ALVARADO, EZEKIEL ZEN",2023-11-04,Male,"San Julian Norte","City of Vigan",0,2026-05-24T00:51:13.425653+00:00,REVIEW (Name variation with same DOB)
FUZZY_VARIATION,FUZZY-GRP-767,306055,"ALVARADO,EZEKIEL ZEN Q.",2023-11-04,Male,"San Julian Norte","City of Vigan",0,2026-09-26T17:03:58.134301+00:00,REVIEW (Name variation with same DOB)
FUZZY_VARIATION,FUZZY-GRP-768,136073,"MANUEL, JOHN REY",2023-12-15,Male,"San Julian Norte","City of Vigan",0,2026-05-24T00:51:13.425653+00:00,REVIEW (Name variation with same DOB)
FUZZY_VARIATION,FUZZY-GRP-768,306224,"MANUEL,JOHN REY B.",2023-12-15,Male,"San Julian Norte","City of Vigan",0,2026-09-26T17:03:58.134301+00:00,REVIEW (Name variation with same DOB)
FUZZY_VARIATION,FUZZY-GRP-769,136084,"BERSALONA, JAYLORD",2024-09-12,Male,"San Julian Norte","City of Vigan",0,2026-05-24T00:51:13.425653+00:00,REVIEW (Name variation with same DOB)
FUZZY_VARIATION,FUZZY-GRP-769,306228,"BERSALONA,JAYLORD E.",2024-09-12,Male,"San Julian Norte","City of Vigan",0,2026-09-26T17:03:58.134301+00:00,REVIEW (Name variation with same DOB)
FUZZY_VARIATION,FUZZY-GRP-770,136086,"DURUIN, MITSUKI YURI",2024-09-19,Male,"San Julian Norte","City of Vigan",0,2026-05-24T00:51:13.425653+00:00,REVIEW (Name variation with same DOB)
FUZZY_VARIATION,FUZZY-GRP-770,306056,"DURUIN,MITSUKI YURI B.",2024-09-19,Male,"San Julian Norte","City of Vigan",0,2026-09-26T17:03:58.134301+00:00,REVIEW (Name variation with same DOB)
FUZZY_VARIATION,FUZZY-GRP-771,136115,"PARPALI, KUINA KIARRA",2021-08-11,Female,"San Julian Norte","City of Vigan",0,2026-05-24T00:51:13.425653+00:00,REVIEW (Name variation with same DOB)
FUZZY_VARIATION,FUZZY-GRP-771,306098,"PARPALI,KUINA KIARRA G.",2021-08-11,Female,"San Julian Norte","City of Vigan",0,2026-09-26T17:03:58.134301+00:00,REVIEW (Name variation with same DOB)
FUZZY_VARIATION,FUZZY-GRP-772,136122,"AGUSTO, CLIO ADELAIDE",2021-11-30,Female,"San Julian Norte","City of Vigan",0,2026-05-24T00:51:13.425653+00:00,REVIEW (Name variation with same DOB)
FUZZY_VARIATION,FUZZY-GRP-772,306105,"AGUSTO,CLIO ADELAIDE F.",2021-11-30,Female,"San Julian Norte","City of Vigan",0,2026-09-26T17:03:58.134301+00:00,REVIEW (Name variation with same DOB)
FUZZY_VARIATION,FUZZY-GRP-773,136126,"FORNEAS, LIAN ZIA",2022-02-08,Female,"San Julian Norte","City of Vigan",0,2026-05-24T00:51:13.425653+00:00,REVIEW (Name variation with same DOB)
FUZZY_VARIATION,FUZZY-GRP-773,306071,"FORNEAS,LIAN ZIA P.",2022-02-08,Female,"San Julian Norte","City of Vigan",0,2026-09-26T17:03:58.134301+00:00,REVIEW (Name variation with same DOB)
FUZZY_VARIATION,FUZZY-GRP-774,136128,"BAUTISTA, AMYRAH CELESTA",2022-04-14,Female,"San Julian Norte","City of Vigan",0,2026-05-24T00:51:13.425653+00:00,REVIEW (Name variation with same DOB)
FUZZY_VARIATION,FUZZY-GRP-774,306176,"BAUTISTA,AMYRAH CELESTE",2022-04-14,Female,"San Julian Norte","City of Vigan",0,2026-09-26T17:03:58.134301+00:00,REVIEW (Name variation with same DOB)
FUZZY_VARIATION,FUZZY-GRP-775,136131,"ALONES, TRIXIE MAE",2022-06-19,Female,"San Julian Norte","City of Vigan",0,2026-05-24T00:51:13.425653+00:00,REVIEW (Name variation with same DOB)
FUZZY_VARIATION,FUZZY-GRP-775,306203,"ALONES,TRIXIE MAE P.",2022-06-19,Female,"San Julian Norte","City of Vigan",0,2026-09-26T17:03:58.134301+00:00,REVIEW (Name variation with same DOB)
FUZZY_VARIATION,FUZZY-GRP-776,136146,"LOPEZ, ZAMIRAH ADDISON",2023-04-23,Female,"San Julian Norte","City of Vigan",0,2026-05-24T00:51:13.425653+00:00,REVIEW (Name variation with same DOB)
FUZZY_VARIATION,FUZZY-GRP-776,306073,"LOPEZ,ZAMIRAH ADDISON A.",2023-04-23,Female,"San Julian Norte","City of Vigan",0,2026-09-26T17:03:58.134301+00:00,REVIEW (Name variation with same DOB)
FUZZY_VARIATION,FUZZY-GRP-777,136148,"BALAURO, ANGELA MAE",2023-05-10,Female,"San Julian Norte","City of Vigan",0,2026-05-24T00:51:13.425653+00:00,REVIEW (Name variation with same DOB)
FUZZY_VARIATION,FUZZY-GRP-777,306107,"BALAURO,ANGELA MAE G.",2023-05-10,Female,"San Julian Norte","City of Vigan",0,2026-09-26T17:03:58.134301+00:00,REVIEW (Name variation with same DOB)
FUZZY_VARIATION,FUZZY-GRP-778,136159,"REVOLTEADO, STELLA",2023-11-29,Female,"San Julian Norte","City of Vigan",0,2026-05-24T00:51:13.425653+00:00,REVIEW (Name variation with same DOB)
FUZZY_VARIATION,FUZZY-GRP-778,306198,"REVOLTEADO,STELLA P.",2023-11-29,Female,"San Julian Norte","City of Vigan",0,2026-09-26T17:03:58.134301+00:00,REVIEW (Name variation with same DOB)
FUZZY_VARIATION,FUZZY-GRP-779,136162,"MENDOZA, BRIANNA ANGELA",2024-01-14,Female,"San Julian Norte","City of Vigan",0,2026-05-24T00:51:13.425653+00:00,REVIEW (Name variation with same DOB)
FUZZY_VARIATION,FUZZY-GRP-779,306211,"MENDOZA,BRIANNA ANGELA L.",2024-01-14,Female,"San Julian Norte","City of Vigan",0,2026-09-26T17:03:58.134301+00:00,REVIEW (Name variation with same DOB)
FUZZY_VARIATION,FUZZY-GRP-780,136166,"PIANO, HELINA JURLIQUE",2024-02-19,Female,"San Julian Norte","City of Vigan",0,2026-05-24T00:51:13.425653+00:00,REVIEW (Name variation with same DOB)
FUZZY_VARIATION,FUZZY-GRP-780,306100,"PIANO,HELINA JURLIQUE P.",2024-02-19,Female,"San Julian Norte","City of Vigan",0,2026-09-26T17:03:58.134301+00:00,REVIEW (Name variation with same DOB)
FUZZY_VARIATION,FUZZY-GRP-781,136167,"ALONES, SAVANNAH ALLIAH",2024-04-14,Female,"San Julian Norte","City of Vigan",0,2026-05-24T00:51:13.425653+00:00,REVIEW (Name variation with same DOB)
FUZZY_VARIATION,FUZZY-GRP-781,306187,"ALONES,SAVANNAH ALIAH",2024-04-14,Female,"San Julian Norte","City of Vigan",0,2026-09-26T17:03:58.134301+00:00,REVIEW (Name variation with same DOB)
FUZZY_VARIATION,FUZZY-GRP-782,136179,"CANTILLO, KEZIAH CYRA",2025-01-12,Female,"San Julian Norte","City of Vigan",0,2026-05-24T00:51:13.425653+00:00,REVIEW (Name variation with same DOB)
FUZZY_VARIATION,FUZZY-GRP-782,306147,"CANTILLO,KEZIAH CYRA G.",2025-01-12,Female,"San Julian Norte","City of Vigan",0,2026-09-26T17:03:58.134301+00:00,REVIEW (Name variation with same DOB)
FUZZY_VARIATION,FUZZY-GRP-783,136181,"CADORNA, AVELINE SEVI",2023-06-15,Female,"San Julian Norte","City of Vigan",0,2026-05-24T00:51:13.425653+00:00,REVIEW (Name variation with same DOB)
FUZZY_VARIATION,FUZZY-GRP-783,306122,"CADORNA,AVELINE SEVI B.",2023-06-15,Female,"San Julian Norte","City of Vigan",0,2026-09-26T17:03:58.134301+00:00,REVIEW (Name variation with same DOB)
FUZZY_VARIATION,FUZZY-GRP-784,136217,"Cabrera, Jane Pestano",2019-06-12,Female,"San Julian Norte","City of Vigan",0,2026-05-24T00:51:13.425653+00:00,REVIEW (Name variation with same DOB)
FUZZY_VARIATION,FUZZY-GRP-784,136442,"CABRERA, JANE PESTANIO",2019-06-12,Female,"San Julian Norte","City of Vigan",0,2026-05-24T00:51:15.835019+00:00,REVIEW (Name variation with same DOB)
FUZZY_VARIATION,FUZZY-GRP-785,136220,"Quindipan, Arexa Lei Perlas",2018-09-17,Female,"San Julian Norte","City of Vigan",0,2026-05-24T00:51:13.425653+00:00,REVIEW (Name variation with same DOB)
FUZZY_VARIATION,FUZZY-GRP-785,136760,"QUIDIPAN, AREXA LEI PERLAS",2018-09-17,Female,"San Julian Norte","City of Vigan",0,2026-05-24T00:51:15.835019+00:00,REVIEW (Name variation with same DOB)
FUZZY_VARIATION,FUZZY-GRP-786,136221,"Perlas, Janel Sabalo",1992-09-15,Female,"San Julian Norte","City of Vigan",0,2026-05-24T00:51:13.425653+00:00,REVIEW (Name variation with same DOB)
FUZZY_VARIATION,FUZZY-GRP-786,136757,"PERLAS, JANELL SABALO",1992-09-15,Female,"San Julian Norte","City of Vigan",0,2026-05-24T00:51:15.835019+00:00,REVIEW (Name variation with same DOB)
FUZZY_VARIATION,FUZZY-GRP-787,136237,"Anicas, Raymund Alviedo",2008-09-09,Male,"San Julian Norte","City of Vigan",0,2026-05-24T00:51:13.425653+00:00,REVIEW (Name variation with same DOB)
FUZZY_VARIATION,FUZZY-GRP-787,136674,"ANICAS, RAYMOND ALVIEDO",2008-09-09,Male,"San Julian Norte","City of Vigan",0,2026-05-24T00:51:15.835019+00:00,REVIEW (Name variation with same DOB)
FUZZY_VARIATION,FUZZY-GRP-788,136238,"Atendido, John Loyd Ramos",2013-04-24,Male,"San Julian Norte","City of Vigan",0,2026-05-24T00:51:13.425653+00:00,REVIEW (Name variation with same DOB)
FUZZY_VARIATION,FUZZY-GRP-788,137389,"ATENDIDO, JOHN LLOYD RAMOS",2013-04-24,Male,"San Julian Norte","City of Vigan",0,2026-05-24T00:51:20.01736+00:00,REVIEW (Name variation with same DOB)
FUZZY_VARIATION,FUZZY-GRP-789,136239,"Sagun, Erica Catubay",2006-06-23,Female,"San Julian Norte","City of Vigan",0,2026-05-24T00:51:13.425653+00:00,REVIEW (Name variation with same DOB)
FUZZY_VARIATION,FUZZY-GRP-789,136949,"SAGUN, ARICA CATUBAY",2006-06-23,Female,"San Julian Norte","City of Vigan",0,2026-05-24T00:51:17.863707+00:00,REVIEW (Name variation with same DOB)
FUZZY_VARIATION,FUZZY-GRP-790,136256,"Piamonte, Reynaldo Dubla",2003-01-22,Male,"San Julian Norte","City of Vigan",0,2026-05-24T00:51:13.425653+00:00,REVIEW (Name variation with same DOB)
FUZZY_VARIATION,FUZZY-GRP-790,136657,"PIAMONTE, REYNALDO DOBLA",2003-01-22,Male,"San Julian Norte","City of Vigan",0,2026-05-24T00:51:15.835019+00:00,REVIEW (Name variation with same DOB)
FUZZY_VARIATION,FUZZY-GRP-791,136261,"Arellano, Trisha Maguslog",2014-07-03,Female,"San Julian Norte","City of Vigan",0,2026-05-24T00:51:13.425653+00:00,REVIEW (Name variation with same DOB)
FUZZY_VARIATION,FUZZY-GRP-791,136924,"ARELLANO, TRISA MAGUSLOG",2014-07-03,Female,"San Julian Norte","City of Vigan",0,2026-05-24T00:51:17.863707+00:00,REVIEW (Name variation with same DOB)
FUZZY_VARIATION,FUZZY-GRP-792,136264,"Arellano, Shiela May Maguslog",2002-04-07,Female,"San Julian Norte","City of Vigan",0,2026-05-24T00:51:15.835019+00:00,REVIEW (Name variation with same DOB)
FUZZY_VARIATION,FUZZY-GRP-792,136922,"ARELLANO, SHELA MAE MAGUSLOG",2002-04-07,Female,"San Julian Norte","City of Vigan",0,2026-05-24T00:51:17.863707+00:00,REVIEW (Name variation with same DOB)
FUZZY_VARIATION,FUZZY-GRP-793,136347,"QUINDIPAN,CHANIECE PEARL, PERLAS",2016-01-02,Female,"San Julian Norte","City of Vigan",0,2026-05-24T00:51:15.835019+00:00,REVIEW (Name variation with same DOB)
FUZZY_VARIATION,FUZZY-GRP-793,136758,"QUIDIPAN, CHANICE PEARL PERLAS",2016-01-02,Female,"San Julian Norte","City of Vigan",0,2026-05-24T00:51:15.835019+00:00,REVIEW (Name variation with same DOB)
FUZZY_VARIATION,FUZZY-GRP-794,136351,"URATA,NICA ELLA, BRI�ES",2016-04-08,Female,"San Julian Norte","City of Vigan",0,2026-05-24T00:51:15.835019+00:00,REVIEW (Name variation with same DOB)
FUZZY_VARIATION,FUZZY-GRP-794,136537,"URATA, NICAELLA BRINES",2016-04-08,Female,"San Julian Norte","City of Vigan",0,2026-05-24T00:51:15.835019+00:00,REVIEW (Name variation with same DOB)
FUZZY_VARIATION,FUZZY-GRP-795,136351,"URATA,NICA ELLA, BRI�ES",2016-04-08,Female,"San Julian Norte","City of Vigan",0,2026-05-24T00:51:15.835019+00:00,REVIEW (Name variation with same DOB)
FUZZY_VARIATION,FUZZY-GRP-795,138134,"URATA,NICA ELLA, BRI?ES",2016-04-08,Female,"San Julian Norte","City of Vigan",0,2026-05-24T02:19:51.101348+00:00,REVIEW (Name variation with same DOB)
FUZZY_VARIATION,FUZZY-GRP-796,136537,"URATA, NICAELLA BRINES",2016-04-08,Female,"San Julian Norte","City of Vigan",0,2026-05-24T00:51:15.835019+00:00,REVIEW (Name variation with same DOB)
FUZZY_VARIATION,FUZZY-GRP-796,138134,"URATA,NICA ELLA, BRI?ES",2016-04-08,Female,"San Julian Norte","City of Vigan",0,2026-05-24T02:19:51.101348+00:00,REVIEW (Name variation with same DOB)
FUZZY_VARIATION,FUZZY-GRP-797,136868,"ALONES, LEAI TAMARGO",1979-09-29,Female,"San Julian Norte","City of Vigan",0,2026-05-24T00:51:17.863707+00:00,REVIEW (Name variation with same DOB)
FUZZY_VARIATION,FUZZY-GRP-797,306580,"Alones, Leah Tamargo",1979-09-29,Female,"San Julian Norte","City of Vigan",0,2026-09-26T20:14:33.802496+00:00,REVIEW (Name variation with same DOB)
FUZZY_VARIATION,FUZZY-GRP-798,137070,"VILLANUEVA, REDEN ENRIQUE",2016-12-18,Male,"San Julian Norte","City of Vigan",0,2026-05-24T00:51:17.863707+00:00,REVIEW (Name variation with same DOB)
FUZZY_VARIATION,FUZZY-GRP-798,222567,"Villanueva, Redhen Enriquez",2016-12-18,Male,"Salindeg","City of Vigan",0,2026-06-24T07:51:24.475842+00:00,REVIEW (Name variation with same DOB)
FUZZY_VARIATION,FUZZY-GRP-799,137071,"VILLANUEVA, RENZ GABRIEL ENRIQUE",2020-05-04,Male,"San Julian Norte","City of Vigan",0,2026-05-24T00:51:17.863707+00:00,REVIEW (Name variation with same DOB)
FUZZY_VARIATION,FUZZY-GRP-799,222531,"Villanueva, Renz Gabriel Enriquez",2020-05-04,Male,"Salindeg","City of Vigan",0,2026-06-24T07:51:24.475842+00:00,REVIEW (Name variation with same DOB)
FUZZY_VARIATION,FUZZY-GRP-800,143367,"Ablog, Kean John Pascua",2017-09-04,Male,"Mindoro","City of Vigan",0,2026-05-25T11:22:29.263713+00:00,REVIEW (Name variation with same DOB)
FUZZY_VARIATION,FUZZY-GRP-800,318775,"Ablog, Kian John Pascua",2017-09-04,Male,"Mindoro","City of Vigan",0,2026-09-28T14:25:16.08486+00:00,REVIEW (Name variation with same DOB)
FUZZY_VARIATION,FUZZY-GRP-801,222936,"Mari�as, Laurice Mabbago",1987-09-28,Female,"Salindeg","City of Vigan",0,2026-06-24T07:51:24.475842+00:00,REVIEW (Name variation with same DOB)
FUZZY_VARIATION,FUZZY-GRP-801,224277,"Mariñas, Laurice Mabbago",1987-09-28,Female,"Salindeg","City of Vigan",0,2026-06-25T01:43:06.335932+00:00,REVIEW (Name variation with same DOB)
FUZZY_VARIATION,FUZZY-GRP-802,222955,"Dasalla, Junalyn Florendo",1987-09-12,Female,"Salindeg","City of Vigan",0,2026-06-24T07:51:24.475842+00:00,REVIEW (Name variation with same DOB)
FUZZY_VARIATION,FUZZY-GRP-802,224669,"Dasalla, Jonalyn Florendo",1987-09-12,Female,"Salindeg","City of Vigan",0,2026-06-25T02:02:47.604419+00:00,REVIEW (Name variation with same DOB)
FUZZY_VARIATION,FUZZY-GRP-803,222965,"Areola, Diane Areola",2004-05-12,Female,"Salindeg","City of Vigan",0,2026-06-24T07:51:24.475842+00:00,REVIEW (Name variation with same DOB)
FUZZY_VARIATION,FUZZY-GRP-803,224488,"Areola, Dianne  Areola",2004-05-12,Female,"Salindeg","City of Vigan",0,2026-06-25T02:02:47.604419+00:00,REVIEW (Name variation with same DOB)
FUZZY_VARIATION,FUZZY-GRP-804,137753,"FONTEJON, CORAZON PISCEL",1971-11-06,Female,"San Julian Norte","City of Vigan",0,2026-05-24T00:51:20.01736+00:00,REVIEW (Name variation with same DOB)
FUZZY_VARIATION,FUZZY-GRP-804,306603,"Fontejon, Corazon Pisquel",1971-11-06,Female,"San Julian Norte","City of Vigan",0,2026-09-26T20:14:33.802496+00:00,REVIEW (Name variation with same DOB)
FUZZY_VARIATION,FUZZY-GRP-805,143074,"Ablog, Maria Teresa Pascua",1978-10-12,Female,"Mindoro","City of Vigan",0,2026-05-25T11:22:29.263713+00:00,REVIEW (Name variation with same DOB)
FUZZY_VARIATION,FUZZY-GRP-805,318721,"Ablog, Maria Theresa Pascua",1978-10-12,Female,"Mindoro","City of Vigan",0,2026-09-28T14:25:16.08486+00:00,REVIEW (Name variation with same DOB)
FUZZY_VARIATION,FUZZY-GRP-806,143090,"Caba�ero, Jackie Racca",1987-10-28,Female,"Mindoro","City of Vigan",0,2026-05-25T11:22:29.263713+00:00,REVIEW (Name variation with same DOB)
FUZZY_VARIATION,FUZZY-GRP-806,306956,"Cabañero, Jackie Racca",1987-10-28,Female,"Mindoro","City of Vigan",0,2026-09-27T01:11:15.669781+00:00,REVIEW (Name variation with same DOB)
FUZZY_VARIATION,FUZZY-GRP-807,143135,"Rebolledo, Angelica Ablog",2006-08-13,Female,"Mindoro","City of Vigan",0,2026-05-25T11:22:29.263713+00:00,REVIEW (Name variation with same DOB)
FUZZY_VARIATION,FUZZY-GRP-807,318704,"Rebulledo, Angelica Ablog",2006-08-13,Female,"Mindoro","City of Vigan",0,2026-09-28T14:25:16.08486+00:00,REVIEW (Name variation with same DOB)
FUZZY_VARIATION,FUZZY-GRP-808,143183,"Ablog, Roby Anne Raposas",2016-07-14,Female,"Mindoro","City of Vigan",0,2026-05-25T11:22:29.263713+00:00,REVIEW (Name variation with same DOB)
FUZZY_VARIATION,FUZZY-GRP-808,318722,"Ablog, Ruby Ann Raposas",2016-07-14,Female,"Mindoro","City of Vigan",0,2026-09-28T14:25:16.08486+00:00,REVIEW (Name variation with same DOB)
FUZZY_VARIATION,FUZZY-GRP-809,143206,"Galolo, Sabrine Ava Casta�eda",2024-12-15,Female,"Mindoro","City of Vigan",0,2026-05-25T11:22:29.263713+00:00,REVIEW (Name variation with same DOB)
FUZZY_VARIATION,FUZZY-GRP-809,254841,"Galolo, Sabrine Ava Casta?da",2024-12-15,Female,"Mindoro","City of Vigan",0,2026-07-22T00:10:36.421976+00:00,REVIEW (Name variation with same DOB)
FUZZY_VARIATION,FUZZY-GRP-810,306673,"REYES ZANE PRINCESS QUIBAL",2022-10-16,Female,"Camanggaan","City of Vigan",0,2026-09-26T21:17:31.5077+00:00,REVIEW (Name variation with same DOB)
FUZZY_VARIATION,FUZZY-GRP-810,329353,"Reyes, Zane Princess Quiba",2022-10-16,Female,"Camanggaan","City of Vigan",0,2026-10-01T13:38:03.636764+00:00,REVIEW (Name variation with same DOB)
FUZZY_VARIATION,FUZZY-GRP-811,158636,"Pinzo Enrique Estaban",1968-07-15,Male,"Purok-a-dackel","City of Vigan",0,2026-05-31T08:17:04.191472+00:00,REVIEW (Name variation with same DOB)
FUZZY_VARIATION,FUZZY-GRP-811,158730,"Pinzon Enrique Esteban",1968-07-15,Male,"Purok-a-dackel","City of Vigan",0,2026-05-31T08:17:06.090701+00:00,REVIEW (Name variation with same DOB)
FUZZY_VARIATION,FUZZY-GRP-812,309291,"Farrales, Jhamaica Jaranilla",2025-04-27,Female,"Nagsangalan","City of Vigan",0,2026-09-27T03:17:42.169983+00:00,REVIEW (Name variation with same DOB)
FUZZY_VARIATION,FUZZY-GRP-812,335874,"FARRALES, JHAMAICA JARAMILLA",2025-04-27,Female,"Nagsangalan","City of Vigan",0,2026-10-02T06:19:44.858483+00:00,REVIEW (Name variation with same DOB)
FUZZY_VARIATION,FUZZY-GRP-813,219625,"Altarejos, Psalm Elijah Aruejo",2022-10-25,Male,"San Pedro","City of Vigan",0,2026-06-23T19:39:09.228885+00:00,REVIEW (Name variation with same DOB)
FUZZY_VARIATION,FUZZY-GRP-813,337490,"Altarejos, Psalm Elijah Arujo",2022-10-25,Male,"San Pedro","City of Vigan",0,2026-10-03T23:07:01.768533+00:00,REVIEW (Name variation with same DOB)
FUZZY_VARIATION,FUZZY-GRP-814,222512,"Andallo, Vilma Qui�ola",1963-03-28,Female,"Salindeg","City of Vigan",0,2026-06-24T07:51:24.475842+00:00,REVIEW (Name variation with same DOB)
FUZZY_VARIATION,FUZZY-GRP-814,224250,"Andallo, Vilma Quiñola",1963-03-28,Female,"Salindeg","City of Vigan",0,2026-06-25T01:31:45.366031+00:00,REVIEW (Name variation with same DOB)
FUZZY_VARIATION,FUZZY-GRP-815,222723,"Aslor, Darwin Maqui�ana",2000-07-06,Male,"Salindeg","City of Vigan",0,2026-06-24T07:51:24.475842+00:00,REVIEW (Name variation with same DOB)
FUZZY_VARIATION,FUZZY-GRP-815,224254,"Aslor, Darwin Maquiñana",2000-07-06,Male,"Salindeg","City of Vigan",0,2026-06-25T01:31:45.366031+00:00,REVIEW (Name variation with same DOB)
FUZZY_VARIATION,FUZZY-GRP-816,222757,"Ga�ola, Erwin Almoite",1997-06-27,Male,"Salindeg","City of Vigan",0,2026-06-24T07:51:24.475842+00:00,REVIEW (Name variation with same DOB)
FUZZY_VARIATION,FUZZY-GRP-816,224255,"Gañola, Erwin Almoite",1997-06-27,Male,"Salindeg","City of Vigan",0,2026-06-25T01:31:45.366031+00:00,REVIEW (Name variation with same DOB)
FUZZY_VARIATION,FUZZY-GRP-817,222773,"Amano, Roger Areola",1996-02-03,Male,"Salindeg","City of Vigan",0,2026-06-24T07:51:24.475842+00:00,REVIEW (Name variation with same DOB)
FUZZY_VARIATION,FUZZY-GRP-817,222963,"Amano, Roger Ariola",1996-02-03,Male,"Salindeg","City of Vigan",0,2026-06-24T07:51:24.475842+00:00,REVIEW (Name variation with same DOB)
FUZZY_VARIATION,FUZZY-GRP-818,222786,"Taclas, Wesley Rodriquez",1995-02-14,Male,"Salindeg","City of Vigan",0,2026-06-24T07:51:24.475842+00:00,REVIEW (Name variation with same DOB)
FUZZY_VARIATION,FUZZY-GRP-818,222950,"Taclas, Wesley Rodriguez",1995-02-14,Male,"Salindeg","City of Vigan",0,2026-06-24T07:51:24.475842+00:00,REVIEW (Name variation with same DOB)
FUZZY_VARIATION,FUZZY-GRP-819,222823,"Pate�o, June Rey Hisona",1991-06-04,Male,"Salindeg","City of Vigan",0,2026-06-24T07:51:24.475842+00:00,REVIEW (Name variation with same DOB)
FUZZY_VARIATION,FUZZY-GRP-819,224257,"Pateño, June Rey Hisona",1991-06-04,Male,"Salindeg","City of Vigan",0,2026-06-25T01:31:45.366031+00:00,REVIEW (Name variation with same DOB)
FUZZY_VARIATION,FUZZY-GRP-820,222842,"Sales, Joecel Jasper Mari�as",1989-09-23,Male,"Salindeg","City of Vigan",0,2026-06-24T07:51:24.475842+00:00,REVIEW (Name variation with same DOB)
FUZZY_VARIATION,FUZZY-GRP-820,224258,"Sales, Joecel Jasper Mariñas",1989-09-23,Male,"Salindeg","City of Vigan",0,2026-06-25T01:31:45.366031+00:00,REVIEW (Name variation with same DOB)
FUZZY_VARIATION,FUZZY-GRP-821,222915,"Alquiza, Arnel Nu�ez",1981-09-15,Male,"Salindeg","City of Vigan",0,2026-06-24T07:51:24.475842+00:00,REVIEW (Name variation with same DOB)
FUZZY_VARIATION,FUZZY-GRP-821,224260,"Alquiza, Arnel Nuñez",1981-09-15,Male,"Salindeg","City of Vigan",0,2026-06-25T01:31:45.366031+00:00,REVIEW (Name variation with same DOB)
FUZZY_VARIATION,FUZZY-GRP-822,222933,"Aslor, Edwin Naraval",1965-03-25,Male,"Salindeg","City of Vigan",0,2026-06-24T07:51:24.475842+00:00,REVIEW (Name variation with same DOB)
FUZZY_VARIATION,FUZZY-GRP-822,223166,"Aslor, Edwin Narraval",1965-03-25,Male,"Salindeg","City of Vigan",0,2026-06-24T07:51:26.607208+00:00,REVIEW (Name variation with same DOB)
FUZZY_VARIATION,FUZZY-GRP-823,222940,"Mayor, Angela Dianne Navarrete",2008-11-13,Female,"Salindeg","City of Vigan",0,2026-06-24T07:51:24.475842+00:00,REVIEW (Name variation with same DOB)
FUZZY_VARIATION,FUZZY-GRP-823,224432,"Mayor, Angela Diane Navarrete",2008-11-13,Female,"Salindeg","City of Vigan",0,2026-06-25T02:02:47.604419+00:00,REVIEW (Name variation with same DOB)
FUZZY_VARIATION,FUZZY-GRP-824,222953,"Duran, Eliyah Greizl Aquino",2019-05-23,Female,"Salindeg","City of Vigan",0,2026-06-24T07:51:24.475842+00:00,REVIEW (Name variation with same DOB)
FUZZY_VARIATION,FUZZY-GRP-824,224331,"Duran, Eliyah Griezl Aquino",2019-05-23,Female,"Salindeg","City of Vigan",0,2026-06-25T02:02:47.604419+00:00,REVIEW (Name variation with same DOB)
FUZZY_VARIATION,FUZZY-GRP-825,222981,"Belano, Jobella Elish Quidolit",2022-04-26,Female,"Salindeg","City of Vigan",0,2026-06-24T07:51:26.607208+00:00,REVIEW (Name variation with same DOB)
FUZZY_VARIATION,FUZZY-GRP-825,306771,"BELANO, JOBELLA EILISH QUIDOLIT",2022-04-26,Female,"Salindeg","City of Vigan",0,2026-09-27T00:36:35.948237+00:00,REVIEW (Name variation with same DOB)
FUZZY_VARIATION,FUZZY-GRP-826,222982,"Amano, Haelyn Faith Bacor",2022-03-17,Female,"Salindeg","City of Vigan",0,2026-06-24T07:51:26.607208+00:00,REVIEW (Name variation with same DOB)
FUZZY_VARIATION,FUZZY-GRP-826,306770,"AMANO, HEALYN FAITH BACOR",2022-03-17,Female,"Salindeg","City of Vigan",0,2026-09-27T00:36:35.948237+00:00,REVIEW (Name variation with same DOB)
FUZZY_VARIATION,FUZZY-GRP-827,222990,"Cabiles, Leigh Mark Abelido",2022-12-16,Male,"Salindeg","City of Vigan",0,2026-06-24T07:51:26.607208+00:00,REVIEW (Name variation with same DOB)
FUZZY_VARIATION,FUZZY-GRP-827,306751,"CABILES, LEIGH MARK AVELIDO",2022-12-16,Male,"Salindeg","City of Vigan",0,2026-09-27T00:36:35.948237+00:00,REVIEW (Name variation with same DOB)
FUZZY_VARIATION,FUZZY-GRP-828,222998,"Calpito, Justine Areola",2022-01-23,Male,"Salindeg","City of Vigan",0,2026-06-24T07:51:26.607208+00:00,REVIEW (Name variation with same DOB)
FUZZY_VARIATION,FUZZY-GRP-828,306748,"CALPITO, JUSTIN AREOLA",2022-01-23,Male,"Salindeg","City of Vigan",0,2026-09-27T00:36:35.948237+00:00,REVIEW (Name variation with same DOB)
FUZZY_VARIATION,FUZZY-GRP-829,223000,"Cuevas, Cian Kei Elejer",2022-01-13,Male,"Salindeg","City of Vigan",0,2026-06-24T07:51:26.607208+00:00,REVIEW (Name variation with same DOB)
FUZZY_VARIATION,FUZZY-GRP-829,229796,"CUEVAS, AION KEI ELEJER",2022-01-13,Male,"Capangpangan","City of Vigan",0,2026-06-26T14:49:05.970234+00:00,REVIEW (Name variation with same DOB)
FUZZY_VARIATION,FUZZY-GRP-830,308555,"Felipe, Rychella Janine Ante",2010-05-18,Female,"Barangay VII","City of Vigan",0,2026-09-27T02:29:08.993192+00:00,REVIEW (Name variation with same DOB)
FUZZY_VARIATION,FUZZY-GRP-830,317606,"FELIPE, RACHELLA JANINE ANTE",2010-05-18,Female,"Barangay VII","City of Vigan",0,2026-09-28T13:16:44.993661+00:00,REVIEW (Name variation with same DOB)
FUZZY_VARIATION,FUZZY-GRP-831,225947,"Suyat Zoey Jaden Reintar",2016-10-17,Female,"Barangay VII","City of Vigan",2,2026-06-25T11:13:45.270667+00:00,REVIEW (Name variation with same DOB)
FUZZY_VARIATION,FUZZY-GRP-831,308585,"Suyat, Zoey Jadean Reintar",2016-10-17,Female,"Barangay VII","City of Vigan",0,2026-09-27T02:29:08.993192+00:00,REVIEW (Name variation with same DOB)
FUZZY_VARIATION,FUZZY-GRP-832,308585,"Suyat, Zoey Jadean Reintar",2016-10-17,Female,"Barangay VII","City of Vigan",0,2026-09-27T02:29:08.993192+00:00,REVIEW (Name variation with same DOB)
FUZZY_VARIATION,FUZZY-GRP-832,317154,"SUYAT, ZOEY JADEN REINTAR",2016-10-17,Female,"Barangay VII","City of Vigan",1,2026-09-28T13:16:39.771769+00:00,REVIEW (Name variation with same DOB)
FUZZY_VARIATION,FUZZY-GRP-833,228596,"Mangaliman, Ybrahim Luke Buccat",2025-04-01,Male,"Pantay Daya","City of Vigan",0,2026-06-26T13:27:22.714643+00:00,REVIEW (Name variation with same DOB)
FUZZY_VARIATION,FUZZY-GRP-833,254765,"Mangaliman, YbrahmLuke Buccat",2025-04-01,Male,"Pantay Daya","City of Vigan",0,2026-07-21T13:55:20.47079+00:00,REVIEW (Name variation with same DOB)
FUZZY_VARIATION,FUZZY-GRP-834,308575,"Soria, Segundina Tacod",1952-08-26,Female,"Barangay VII","City of Vigan",0,2026-09-27T02:29:08.993192+00:00,REVIEW (Name variation with same DOB)
FUZZY_VARIATION,FUZZY-GRP-834,317589,"SORIA, SEGUNDINA TACUD",1952-08-26,Female,"Barangay VII","City of Vigan",0,2026-09-28T13:16:44.993661+00:00,REVIEW (Name variation with same DOB)
FUZZY_VARIATION,FUZZY-GRP-835,308560,"Zarasate, Wilfredo John Syver Pacpaco",2004-10-03,Male,"Barangay VII","City of Vigan",0,2026-09-27T02:29:08.993192+00:00,REVIEW (Name variation with same DOB)
FUZZY_VARIATION,FUZZY-GRP-835,318013,"ZARASATE, WILFREDO JOH SYVER PACPACO",2004-10-03,Male,"Barangay VII","City of Vigan",0,2026-09-28T13:16:44.993661+00:00,REVIEW (Name variation with same DOB)
FUZZY_VARIATION,FUZZY-GRP-836,308633,"Camus, Joana Lourdes Pisalbo",2002-02-11,Female,"Barangay VII","City of Vigan",0,2026-09-27T02:29:08.993192+00:00,REVIEW (Name variation with same DOB)
FUZZY_VARIATION,FUZZY-GRP-836,317725,"CAMUS, JOANA LOURDES PISALVO",2002-02-11,Female,"Barangay VII","City of Vigan",0,2026-09-28T13:16:44.993661+00:00,REVIEW (Name variation with same DOB)
FUZZY_VARIATION,FUZZY-GRP-837,253988,"Astom, George Dele�a",1980-10-28,Male,"Barangay IX","City of Vigan",0,2026-07-21T12:25:15.725005+00:00,REVIEW (Name variation with same DOB)
FUZZY_VARIATION,FUZZY-GRP-837,254021,"ASTOM, GEORGE DELENA",1980-10-28,Male,"Barangay IX","City of Vigan",0,2026-07-21T12:25:15.725005+00:00,REVIEW (Name variation with same DOB)
FUZZY_VARIATION,FUZZY-GRP-838,254118,"GRANDE CHALS OLIBER",2022-07-06,Male,"Barangay IX","City of Vigan",0,2026-07-21T12:25:15.725005+00:00,REVIEW (Name variation with same DOB)
FUZZY_VARIATION,FUZZY-GRP-838,306120,"GRANDE,CHALS OLIVERC.",2022-07-06,Male,"San Julian Norte","City of Vigan",0,2026-09-26T17:03:58.134301+00:00,REVIEW (Name variation with same DOB)
FUZZY_VARIATION,FUZZY-GRP-839,254058,"Fortes, Justine Khizer Guese",2022-02-24,Male,"Barangay IX","City of Vigan",0,2026-07-21T12:25:15.725005+00:00,REVIEW (Name variation with same DOB)
FUZZY_VARIATION,FUZZY-GRP-839,307995,"\Fortes, Justine Khizer Guese",2022-02-24,Male,"Barangay IX","City of Vigan",0,2026-09-27T01:53:20.862627+00:00,REVIEW (Name variation with same DOB)
FUZZY_VARIATION,FUZZY-GRP-840,254078,"Castro, Zayden Grayson Armani, Advincula",2024-04-08,Male,"Barangay IX","City of Vigan",0,2026-07-21T12:25:15.725005+00:00,REVIEW (Name variation with same DOB)
FUZZY_VARIATION,FUZZY-GRP-840,307943,"Castro, Zayeon Grayson Armani Advincula",2024-04-08,Male,"Barangay IX","City of Vigan",0,2026-09-27T01:53:20.862627+00:00,REVIEW (Name variation with same DOB)
FUZZY_VARIATION,FUZZY-GRP-841,254138,"SIABABA GRAYSON LUKE",2022-03-11,Male,"Barangay IX","City of Vigan",0,2026-07-21T12:25:15.725005+00:00,REVIEW (Name variation with same DOB)
FUZZY_VARIATION,FUZZY-GRP-841,307899,"Siababa, Grayson Ruke",2022-03-11,Male,"Barangay IX","City of Vigan",0,2026-09-27T01:53:20.862627+00:00,REVIEW (Name variation with same DOB)
FUZZY_VARIATION,FUZZY-GRP-842,259000,"Arcena, Michael Ribuca",1986-02-03,Male,"Cabaroan Daya","City of Vigan",0,2026-07-26T01:05:36.878601+00:00,REVIEW (Name variation with same DOB)
FUZZY_VARIATION,FUZZY-GRP-842,307146,"ARCENA, MICHAEL REBUCCA",1986-02-03,Male,"San Jose","City of Vigan",0,2026-09-27T01:49:05.655683+00:00,REVIEW (Name variation with same DOB)
FUZZY_VARIATION,FUZZY-GRP-843,304536,"Andallo, Callix Jabion Rei Anicas",2025-03-28,Male,"Purok-a-dackel","City of Vigan",0,2026-09-26T12:05:01.772409+00:00,REVIEW (Name variation with same DOB)
FUZZY_VARIATION,FUZZY-GRP-843,309374,"Andallo, Callix Javion Rei Anicas",2025-03-28,Male,"Nagsangalan","City of Vigan",0,2026-09-27T03:17:42.169983+00:00,REVIEW (Name variation with same DOB)
FUZZY_VARIATION,FUZZY-GRP-844,306048,"Dela Rosa, Pearl Jasmin Ramos",2007-07-05,Female,"Barangay III","City of Vigan",0,2026-09-26T15:01:22.497206+00:00,REVIEW (Name variation with same DOB)
FUZZY_VARIATION,FUZZY-GRP-844,317717,"DELA ROSA, PEARL JASMINE RAMOS",2007-07-05,Female,"Barangay VII","City of Vigan",0,2026-09-28T13:16:44.993661+00:00,REVIEW (Name variation with same DOB)
FUZZY_VARIATION,FUZZY-GRP-845,306607,"Valdez Stacey Mariene Tang-O",2023-11-16,Female,"Beddeng Daya","City of Vigan",0,2026-09-26T20:54:58.42556+00:00,REVIEW (Name variation with same DOB)
FUZZY_VARIATION,FUZZY-GRP-845,329839,"Valdez, Stacey Mariene Tang-0",2023-11-16,Female,"Beddeng Daya","City of Vigan",0,2026-10-01T14:32:45.907122+00:00,REVIEW (Name variation with same DOB)
FUZZY_VARIATION,FUZZY-GRP-846,306614,"De Los Santos Amarah Gwen Rapisura",2025-08-23,Female,"Beddeng Daya","City of Vigan",0,2026-09-26T20:54:58.42556+00:00,REVIEW (Name variation with same DOB)
FUZZY_VARIATION,FUZZY-GRP-846,310016,"Delos Santos, Amarah Gwen Rapisura",2025-08-23,Female,"Beddeng Daya","City of Vigan",0,2026-09-27T05:39:57.820199+00:00,REVIEW (Name variation with same DOB)
FUZZY_VARIATION,FUZZY-GRP-847,306631,"Pinol Zekiel Jerald Bersalona",2024-12-25,Male,"Beddeng Daya","City of Vigan",0,2026-09-26T20:54:58.42556+00:00,REVIEW (Name variation with same DOB)
FUZZY_VARIATION,FUZZY-GRP-847,310027,"Pinol, Zekiel Jerard Bersalona",2024-12-25,Male,"Beddeng Daya","City of Vigan",0,2026-09-27T05:39:57.820199+00:00,REVIEW (Name variation with same DOB)
FUZZY_VARIATION,FUZZY-GRP-848,306648,"PAJO JAYLORD  COLLADO",2022-03-18,Male,"Camanggaan","City of Vigan",0,2026-09-26T21:17:31.5077+00:00,REVIEW (Name variation with same DOB)
FUZZY_VARIATION,FUZZY-GRP-848,329486,"Pajo, Jay Lord Collado",2022-03-18,Male,"Camanggaan","City of Vigan",0,2026-10-01T13:38:03.636764+00:00,REVIEW (Name variation with same DOB)
FUZZY_VARIATION,FUZZY-GRP-849,306655,"PANTALEON  ZANDER PHILLIP QUITASOL",2023-03-24,Male,"Camanggaan","City of Vigan",0,2026-09-26T21:17:31.5077+00:00,REVIEW (Name variation with same DOB)
FUZZY_VARIATION,FUZZY-GRP-849,329424,"Pantaleon, Zander Phillip Quitazol",2023-03-24,Male,"Camanggaan","City of Vigan",0,2026-10-01T13:38:03.636764+00:00,REVIEW (Name variation with same DOB)
FUZZY_VARIATION,FUZZY-GRP-850,306670,"FABRO  CAIRON ACER QUEDADO",2026-02-13,Male,"Camanggaan","City of Vigan",0,2026-09-26T21:17:31.5077+00:00,REVIEW (Name variation with same DOB)
FUZZY_VARIATION,FUZZY-GRP-850,329349,"Fabro, Cairon Ace Quedado",2026-02-13,Male,"Camanggaan","City of Vigan",0,2026-10-01T13:38:03.636764+00:00,REVIEW (Name variation with same DOB)
FUZZY_VARIATION,FUZZY-GRP-851,308230,"PELAYO, ANALYN ALCAIN",1980-11-12,Female,"Cabalangegan","City of Vigan",0,2026-09-27T02:18:12.589294+00:00,REVIEW (Name variation with same DOB)
FUZZY_VARIATION,FUZZY-GRP-851,308254,"PELAYO, ANNALYN ALCAIN",1980-11-12,Female,"Cabalangegan","City of Vigan",0,2026-09-27T02:18:12.589294+00:00,REVIEW (Name variation with same DOB)
FUZZY_VARIATION,FUZZY-GRP-852,308579,"Artajos, Keidenn Gray Santos",2024-04-20,Male,"Barangay VII","City of Vigan",0,2026-09-27T02:29:08.993192+00:00,REVIEW (Name variation with same DOB)
FUZZY_VARIATION,FUZZY-GRP-852,318147,"ARTAJOS, KEIDENN GREY SANTOS",2024-04-20,Male,"Barangay VII","City of Vigan",0,2026-09-28T13:16:48.28094+00:00,REVIEW (Name variation with same DOB)
FUZZY_VARIATION,FUZZY-GRP-853,308632,"Adora, Maria Venus Quinain",1987-10-06,Female,"Barangay VII","City of Vigan",0,2026-09-27T02:29:08.993192+00:00,REVIEW (Name variation with same DOB)
FUZZY_VARIATION,FUZZY-GRP-853,317820,"ADORA, MARIA VENUS QUIDAIN",1987-10-06,Female,"Barangay VII","City of Vigan",0,2026-09-28T13:16:44.993661+00:00,REVIEW (Name variation with same DOB)
FUZZY_VARIATION,FUZZY-GRP-854,309433,"Benabese, John Mikie Bisares",2024-11-28,Male,"Nagsangalan","City of Vigan",0,2026-09-27T03:17:42.169983+00:00,REVIEW (Name variation with same DOB)
FUZZY_VARIATION,FUZZY-GRP-854,335871,"BENABESE, JOHN MICKIE BISARES",2024-11-28,Male,"Nagsangalan","City of Vigan",0,2026-10-02T06:19:44.858483+00:00,REVIEW (Name variation with same DOB)
FUZZY_VARIATION,FUZZY-GRP-855,309521,"Tesoro, Zayne Rayleigh Levi Pons",2025-09-30,Male,"Nagsangalan","City of Vigan",0,2026-09-27T03:17:42.169983+00:00,REVIEW (Name variation with same DOB)
FUZZY_VARIATION,FUZZY-GRP-855,335879,"TESORO, ZAYN RAYLEIGH LEVI PONS",2025-09-30,Male,"Nagsangalan","City of Vigan",0,2026-10-02T06:19:44.858483+00:00,REVIEW (Name variation with same DOB)
FUZZY_VARIATION,FUZZY-GRP-856,310588,"Torres, ZiennBrielle",2025-08-29,Male,"Pantay Daya","City of Vigan",0,2026-09-27T09:57:57.526699+00:00,REVIEW (Name variation with same DOB)
FUZZY_VARIATION,FUZZY-GRP-856,310622,"Torres, Zien Brielle",2025-08-29,Female,"Pantay Daya","City of Vigan",0,2026-09-27T10:22:00.458376+00:00,REVIEW (Name variation with same DOB)
FUZZY_VARIATION,FUZZY-GRP-857,329803,"Cabotaje, Erl Grich Alconcel",2014-03-25,Female,"Beddeng Daya","City of Vigan",0,2026-10-01T14:32:45.907122+00:00,REVIEW (Name variation with same DOB)
FUZZY_VARIATION,FUZZY-GRP-857,329857,"Cabotage, Erl Grich Alconcel",2014-03-25,Female,"Beddeng Daya","City of Vigan",0,2026-10-01T14:32:45.907122+00:00,REVIEW (Name variation with same DOB)